{"type":"FeatureCollection","name":"pak_admin1","crs":{"type":"name","properties":{"name":"urn:ogc:def:crs:OGC:1.3:CRS84"}},"features":[{"type":"Feature","properties":{"adm1_name":"Azad Kashmir","adm1_name1":null,"adm1_name2":null,"adm1_name3":null,"adm1_pcode":"PK1","adm0_name":"Pakistan","adm0_name1":null,"adm0_name2":null,"adm0_name3":null,"adm0_pcode":"PK","valid_on":"2022-09-09","valid_to":null,"area_sqkm":11421.97948865,"cod_version":"V_01","lang":"en","lang1":null,"lang2":null,"lang3":null,"adm1_ref_name":"Azad Kashmir","center_lat":33.95324505,"center_lon":73.90063879,"pop_2023":4045366,"pop_density":354.2},"geometry":{"type":"Polygon","coordinates":[[[74.46635,35.1106],[74.46227,35.11506],[74.45931,35.11931],[74.45714,35.12368],[74.45522,35.12815],[74.4537,35.13151],[74.45194,35.13377],[74.44962,35.13439],[74.44641,35.13447],[74.4425,35.13466],[74.43947,35.13411],[74.43763,35.1312],[74.43598,35.12859],[74.43463,35.12578],[74.43172,35.11955],[74.43095,35.11733],[74.43019,35.11394],[74.4294,35.11036],[74.42492,35.10683],[74.41993,35.10495],[74.41358,35.10202],[74.40947,35.09971],[74.40495,35.09777],[74.40205,35.09396],[74.3987,35.09017],[74.39677,35.08775],[74.39082,35.08361],[74.38675,35.07637],[74.37965,35.06876],[74.37577,35.06269],[74.37508,35.06126],[74.36661,35.05913],[74.35767,35.05928],[74.35068,35.05898],[74.34151,35.06041],[74.33785,35.06097],[74.33127,35.06032],[74.32098,35.06378],[74.3158,35.06573],[74.30566,35.06662],[74.29949,35.06739],[74.29579,35.06607],[74.29125,35.06179],[74.28883,35.05954],[74.28574,35.054],[74.28382,35.04979],[74.28163,35.04692],[74.27959,35.04514],[74.27426,35.04173],[74.27035,35.04073],[74.26624,35.03988],[74.26009,35.03939],[74.25391,35.03902],[74.24857,35.03936],[74.24502,35.04222],[74.24324,35.04509],[74.23927,35.04876],[74.23763,35.05109],[74.2371,35.05445],[74.23739,35.0582],[74.23808,35.06293],[74.23795,35.06601],[74.23605,35.06998],[74.23427,35.06921],[74.23115,35.06667],[74.22708,35.06544],[74.22225,35.06553],[74.21885,35.06627],[74.21579,35.06698],[74.21586,35.07039],[74.21565,35.0748],[74.2158,35.0792],[74.21624,35.08302],[74.21626,35.08571],[74.21619,35.08714],[74.21384,35.0881],[74.21112,35.0888],[74.20729,35.09092],[74.20619,35.09245],[74.20504,35.0908],[74.20503,35.08824],[74.20396,35.08545],[74.20182,35.08442],[74.19855,35.08472],[74.19512,35.08503],[74.1899,35.08442],[74.18672,35.08358],[74.18253,35.08307],[74.17954,35.08222],[74.17726,35.08176],[74.17545,35.08057],[74.17179,35.08018],[74.16818,35.08049],[74.1647,35.08023],[74.16074,35.08042],[74.15967,35.08232],[74.15756,35.08427],[74.15514,35.08665],[74.15249,35.08834],[74.14912,35.0895],[74.1462,35.08992],[74.14279,35.09051],[74.1429,35.09449],[74.14224,35.0975],[74.1414,35.10024],[74.13843,35.10133],[74.11591,35.12306],[74.10778,35.11993],[74.1022,35.11777],[74.09332,35.11305],[74.08998,35.10972],[74.08424,35.10664],[74.08221,35.10555],[74.07193,35.09666],[74.07012,35.09469],[74.06581,35.08999],[74.0618,35.08147],[74.06137,35.08055],[74.06085,35.07781],[74.06026,35.07472],[74.06026,35.06944],[74.0622,35.06055],[74.07027,35.05027],[74.07721,35.04416],[74.08443,35.03361],[74.08522,35.03203],[74.08665,35.02916],[74.08735,35.02494],[74.08837,35.02453],[74.08901,35.02428],[74.08954,35.02407],[74.08908,35.02345],[74.08276,35.015],[74.07844,35.01119],[74.07582,35.00889],[74.07138,35.00694],[74.06887,35.00464],[74.06805,35.00388],[74.06331,35.00222],[74.05726,34.99728],[74.05582,34.9961],[74.05443,34.99166],[74.05415,34.98638],[74.05464,34.97985],[74.05525,34.97166],[74.05165,34.95555],[74.03387,34.93443],[74.02841,34.93009],[74.02304,34.92583],[74.01545,34.91839],[74.01027,34.91332],[74.00736,34.9093],[74.00444,34.90527],[73.99859,34.89138],[73.99124,34.87824],[73.98943,34.87499],[73.98638,34.87054],[73.97774,34.86369],[73.97554,34.86194],[73.97187,34.86045],[73.96666,34.85833],[73.95166,34.85361],[73.94906,34.85328],[73.9472,34.85305],[73.93719,34.84944],[73.93387,34.84582],[73.9297,34.84332],[73.92387,34.83694],[73.91249,34.82888],[73.90776,34.82666],[73.89833,34.82472],[73.88611,34.82444],[73.87342,34.82516],[73.86638,34.82555],[73.84554,34.82861],[73.83388,34.82694],[73.83175,34.82614],[73.82944,34.82527],[73.82783,34.82408],[73.82193,34.81972],[73.81803,34.81582],[73.81248,34.81027],[73.80261,34.80523],[73.79942,34.8036],[73.79407,34.8028],[73.78831,34.80193],[73.77054,34.80166],[73.76027,34.79944],[73.7397,34.78722],[73.72926,34.77785],[73.72638,34.77527],[73.72272,34.77022],[73.72053,34.76721],[73.71582,34.75194],[73.71499,34.74638],[73.71346,34.74387],[73.71193,34.74138],[73.71166,34.73962],[73.71113,34.73629],[73.70915,34.73221],[73.70485,34.7264],[73.7036,34.72471],[73.7,34.7211],[73.69843,34.71844],[73.69803,34.71776],[73.69331,34.71554],[73.68873,34.71245],[73.6822,34.70805],[73.67871,34.7063],[73.67276,34.70332],[73.66756,34.69828],[73.6636,34.69444],[73.6611,34.68416],[73.66252,34.6809],[73.66304,34.67972],[73.66609,34.67666],[73.67137,34.66888],[73.67415,34.6611],[73.67442,34.64583],[73.67249,34.63499],[73.66805,34.62555],[73.65444,34.58694],[73.65254,34.58292],[73.64999,34.57749],[73.64451,34.57099],[73.6411,34.56694],[73.63721,34.56499],[73.63342,34.56427],[73.63136,34.56388],[73.62498,34.56388],[73.61443,34.56806],[73.60904,34.57267],[73.60081,34.57972],[73.59725,34.58186],[73.59487,34.58329],[73.59248,34.58472],[73.5872,34.58694],[73.58166,34.58777],[73.57121,34.58618],[73.55971,34.58443],[73.55443,34.58194],[73.54942,34.58138],[73.54526,34.57888],[73.53911,34.57719],[73.52609,34.57361],[73.5194,34.57251],[73.47638,34.57277],[73.46471,34.57194],[73.46104,34.57049],[73.45555,34.56833],[73.44832,34.56305],[73.44275,34.55499],[73.44136,34.55],[73.44063,34.54602],[73.43831,34.52805],[73.4381,34.52008],[73.43804,34.51777],[73.43483,34.49655],[73.43475,34.496],[73.4322,34.47916],[73.43082,34.47416],[73.42785,34.46876],[73.42736,34.46743],[73.4247,34.45972],[73.42421,34.45874],[73.42005,34.45049],[73.40694,34.42444],[73.40374,34.41431],[73.40349,34.41332],[73.40082,34.40471],[73.40057,34.40339],[73.39972,34.39888],[73.39869,34.38249],[73.39837,34.37744],[73.39816,34.37406],[73.39804,34.37221],[73.39854,34.36561],[73.39915,34.3575],[73.39941,34.35674],[73.40054,34.35333],[73.40193,34.34415],[73.40295,34.34225],[73.40416,34.33999],[73.40461,34.33805],[73.4061,34.33167],[73.40971,34.32305],[73.41033,34.32209],[73.41415,34.3161],[73.43054,34.29944],[73.43537,34.29575],[73.44498,34.2886],[73.45332,34.28361],[73.45631,34.28035],[73.46471,34.27527],[73.46412,34.27092],[73.46394,34.26961],[73.46226,34.25722],[73.46499,34.25889],[73.47027,34.24539],[73.47943,34.22193],[73.48,34.21998],[73.48332,34.2086],[73.48776,34.18499],[73.48798,34.18035],[73.48831,34.17305],[73.48806,34.17072],[73.4872,34.16276],[73.48706,34.15627],[73.48665,34.13722],[73.48731,34.1315],[73.48804,34.12527],[73.49359,34.11138],[73.49377,34.11045],[73.49431,34.10753],[73.49441,34.10701],[73.49582,34.09944],[73.49698,34.09665],[73.50139,34.08611],[73.5061,34.06166],[73.5067,34.04952],[73.50681,34.04713],[73.50722,34.03889],[73.50823,34.03301],[73.50943,34.0261],[73.51201,34.01767],[73.51398,34.01124],[73.51639,34.00111],[73.51997,33.99463],[73.52177,33.99138],[73.52916,33.97804],[73.52992,33.97589],[73.53255,33.96788],[73.53871,33.95126],[73.5398,33.95011],[73.54295,33.94658],[73.54963,33.93971],[73.56248,33.9261],[73.56598,33.9206],[73.56972,33.91471],[73.57336,33.91056],[73.5742,33.90961],[73.57777,33.90555],[73.581,33.89941],[73.5836,33.89444],[73.58554,33.88193],[73.58472,33.87138],[73.58286,33.86214],[73.58276,33.86166],[73.58219,33.86004],[73.58157,33.85828],[73.57817,33.84849],[73.57555,33.8411],[73.57396,33.83555],[73.57277,33.83138],[73.57229,33.82876],[73.57194,33.82686],[73.57186,33.82643],[73.57144,33.82414],[73.57083,33.82083],[73.56814,33.8136],[73.56721,33.8111],[73.56609,33.8],[73.56666,33.78889],[73.57024,33.78051],[73.57165,33.77721],[73.57766,33.76849],[73.58117,33.76338],[73.58305,33.76066],[73.59248,33.74694],[73.5927,33.74635],[73.59513,33.73949],[73.59721,33.7336],[73.59943,33.72166],[73.59913,33.70907],[73.59888,33.6986],[73.59694,33.68777],[73.59545,33.68519],[73.59537,33.68506],[73.59496,33.68447],[73.5931,33.68138],[73.59193,33.67944],[73.58166,33.67194],[73.57528,33.66579],[73.57388,33.66444],[73.57342,33.66002],[73.57327,33.65859],[73.57277,33.65388],[73.57609,33.64333],[73.57167,33.63446],[73.56888,33.62416],[73.58943,33.61472],[73.59322,33.6115],[73.5986,33.60694],[73.60248,33.59499],[73.6064,33.59052],[73.61054,33.58582],[73.61971,33.57888],[73.62692,33.56889],[73.6233,33.55916],[73.62316,33.55322],[73.62303,33.54805],[73.62614,33.54292],[73.62942,33.5375],[73.63065,33.53137],[73.63165,33.52638],[73.6242,33.52324],[73.61914,33.5211],[73.6136,33.51516],[73.61137,33.51277],[73.60913,33.49742],[73.60832,33.49194],[73.61058,33.48771],[73.6147,33.47999],[73.62303,33.47083],[73.62561,33.46291],[73.62589,33.46204],[73.62647,33.46025],[73.62665,33.45972],[73.62248,33.45054],[73.61304,33.4471],[73.60803,33.44527],[73.60219,33.44197],[73.59721,33.43915],[73.59444,33.42944],[73.59582,33.41777],[73.59259,33.41442],[73.58055,33.40193],[73.57779,33.39728],[73.57527,33.39305],[73.57471,33.39181],[73.57083,33.38333],[73.57056,33.37304],[73.57054,33.37222],[73.57441,33.3632],[73.57954,33.35123],[73.58472,33.33916],[73.58871,33.33931],[73.58945,33.33934],[73.59542,33.33958],[73.59888,33.33971],[73.60178,33.33749],[73.60721,33.33333],[73.60078,33.32441],[73.59863,33.31805],[73.60712,33.3115],[73.60893,33.31011],[73.60908,33.30819],[73.60919,33.30665],[73.60741,33.30325],[73.60661,33.30174],[73.60771,33.29846],[73.61584,33.29136],[73.61498,33.28964],[73.61233,33.28464],[73.6121,33.28188],[73.61203,33.28099],[73.61183,33.27846],[73.61773,33.26683],[73.6236,33.25527],[73.62351,33.25253],[73.62324,33.24404],[73.62825,33.23846],[73.63583,33.23527],[73.64012,33.23345],[73.64277,33.23234],[73.64006,33.21917],[73.64118,33.21612],[73.64922,33.22257],[73.65403,33.22296],[73.65792,33.21998],[73.66019,33.21824],[73.66097,33.21791],[73.66244,33.21728],[73.66706,33.21531],[73.66854,33.20285],[73.66945,33.19521],[73.66969,33.19321],[73.66988,33.19155],[73.66947,33.18096],[73.66858,33.15799],[73.66595,33.1549],[73.66116,33.14927],[73.64381,33.14181],[73.6377,33.13866],[73.63714,33.1384],[73.63179,33.13594],[73.63009,33.13333],[73.62728,33.12902],[73.62665,33.12804],[73.62637,33.115],[73.62586,33.11258],[73.62442,33.10583],[73.62646,33.1],[73.62831,33.09471],[73.635,33.0908],[73.63903,33.08845],[73.64305,33.08611],[73.65694,33.08111],[73.69581,33.07277],[73.70562,33.06922],[73.70832,33.06824],[73.72622,33.06176],[73.75027,33.05305],[73.75573,33.04923],[73.75685,33.04845],[73.75861,33.04722],[73.7644,33.03819],[73.77394,33.02333],[73.7787,33.02226],[73.78167,33.02109],[73.78954,33.01799],[73.80222,33.0109],[73.80582,33.00889],[73.81541,33.01006],[73.81721,33.01028],[73.8225,33.01194],[73.82544,33.01335],[73.82587,33.01355],[73.84804,33.02416],[73.85748,33.02777],[73.86081,33.03027],[73.87363,33.03357],[73.88027,33.03527],[73.88611,33.03583],[73.8872,33.03619],[73.8911,33.0375],[73.89777,33.03777],[73.90215,33.03755],[73.90332,33.0375],[73.91854,33.03464],[73.9211,33.03416],[73.9422,33.02194],[73.94525,33.01777],[73.94914,33.01472],[73.95041,33.01201],[73.9511,33.01055],[73.9518,33.00985],[73.95416,33.0075],[73.95833,32.99833],[73.96084,32.99465],[73.96295,32.99155],[73.96448,32.9893],[73.97442,32.97471],[73.97486,32.97421],[73.98027,32.96805],[73.9828,32.96606],[73.98415,32.965],[73.98638,32.96166],[73.98947,32.96033],[73.99027,32.95999],[73.99899,32.95418],[74.00278,32.95166],[74.02721,32.9411],[74.03113,32.93989],[74.03995,32.93718],[74.04119,32.9368],[74.04523,32.93556],[74.04887,32.93443],[74.06795,32.93004],[74.07587,32.92821],[74.07777,32.92777],[74.08415,32.92527],[74.09925,32.91772],[74.10304,32.91583],[74.10434,32.91494],[74.11081,32.91054],[74.12322,32.906],[74.13054,32.90332],[74.13441,32.90158],[74.14309,32.89767],[74.14471,32.89694],[74.14768,32.89502],[74.14943,32.89388],[74.1571,32.89101],[74.16054,32.88972],[74.16832,32.88583],[74.18915,32.87833],[74.19013,32.87782],[74.1953,32.87519],[74.20332,32.8711],[74.21199,32.86782],[74.21361,32.86721],[74.21699,32.86529],[74.22192,32.8625],[74.22233,32.86236],[74.22693,32.86083],[74.25731,32.84497],[74.25888,32.84415],[74.26203,32.84301],[74.27416,32.8386],[74.27805,32.83611],[74.28545,32.83333],[74.28916,32.83194],[74.29838,32.82771],[74.30247,32.82583],[74.30652,32.82358],[74.31499,32.81889],[74.32111,32.81689],[74.32609,32.81527],[74.3286,32.81538],[74.33278,32.81556],[74.33473,32.80972],[74.33593,32.80501],[74.3375,32.79889],[74.34215,32.7918],[74.34333,32.79],[74.35056,32.78222],[74.353,32.78052],[74.35973,32.77583],[74.36676,32.77305],[74.36841,32.7724],[74.37166,32.77111],[74.37889,32.76972],[74.38722,32.76917],[74.39663,32.77013],[74.40083,32.77056],[74.41223,32.77444],[74.41975,32.77986],[74.42111,32.78083],[74.42269,32.78188],[74.43028,32.78694],[74.4407,32.79161],[74.44193,32.79192],[74.44694,32.79306],[74.45445,32.79306],[74.46167,32.79169],[74.46078,32.79386],[74.4575,32.80158],[74.45422,32.80505],[74.45064,32.81681],[74.4482,32.82075],[74.44443,32.82686],[74.44322,32.82883],[74.43005,32.84466],[74.42636,32.85778],[74.42934,32.8795],[74.4285,32.88361],[74.42506,32.89305],[74.41914,32.89884],[74.4169,32.90102],[74.41389,32.90395],[74.40606,32.90697],[74.3858,32.90864],[74.36833,32.90844],[74.34775,32.90822],[74.33687,32.91092],[74.32781,32.91316],[74.31803,32.9197],[74.31614,32.93016],[74.32072,32.94143],[74.34636,32.96555],[74.35318,32.98313],[74.35283,32.99029],[74.3517,33.01313],[74.34983,33.01625],[74.33792,33.02594],[74.32648,33.02946],[74.30788,33.03052],[74.28804,33.0407],[74.2832,33.04319],[74.25497,33.04877],[74.24204,33.04729],[74.2204,33.04481],[74.21645,33.04299],[74.20525,33.0433],[74.19926,33.04687],[74.19064,33.07671],[74.18104,33.09702],[74.17625,33.10716],[74.15703,33.12586],[74.14878,33.13389],[74.14485,33.13527],[74.14098,33.13868],[74.1117,33.16444],[74.09987,33.17251],[74.08284,33.18074],[74.05643,33.18662],[74.03367,33.1881],[74.02625,33.18859],[74.01823,33.19319],[74.01427,33.19825],[74.01125,33.21875],[74.01102,33.2385],[74.01215,33.24466],[74.01311,33.24987],[74.01558,33.25293],[74.02031,33.25878],[74.02438,33.26246],[74.0365,33.26475],[74.048,33.26447],[74.06503,33.25992],[74.06829,33.25999],[74.07894,33.26024],[74.09069,33.26365],[74.10298,33.27054],[74.1158,33.28113],[74.11763,33.28559],[74.11817,33.28624],[74.11819,33.28626],[74.16685,33.34414],[74.1701,33.34623],[74.1701,33.34625],[74.18508,33.38351],[74.18421,33.39104],[74.18006,33.40207],[74.1797,33.41302],[74.17961,33.4158],[74.17929,33.42569],[74.18166,33.43041],[74.18293,33.44197],[74.18707,33.45552],[74.18534,33.46711],[74.18331,33.47123],[74.17815,33.48168],[74.16114,33.49924],[74.14264,33.51832],[74.13129,33.53299],[74.13128,33.53301],[74.12339,33.54321],[74.09634,33.56979],[74.08836,33.57321],[74.08286,33.57154],[74.08185,33.57123],[74.07443,33.56898],[74.0539,33.56508],[74.04535,33.56575],[74.02844,33.57468],[74.01672,33.59454],[74.0,33.62367],[73.97841,33.68584],[73.9757,33.69363],[73.9703,33.70103],[73.95656,33.71984],[73.95624,33.72029],[73.96646,33.74032],[74.0,33.75258],[74.01752,33.7668],[74.02292,33.77118],[74.02398,33.77204],[74.02833,33.77596],[74.0286,33.77646],[74.03833,33.79514],[74.04905,33.80883],[74.05025,33.80964],[74.05277,33.81134],[74.05743,33.81449],[74.06574,33.8201],[74.0803,33.82381],[74.09001,33.82628],[74.1007,33.82662],[74.1298,33.82756],[74.14335,33.83014],[74.15068,33.83281],[74.17009,33.83988],[74.19228,33.85142],[74.20262,33.8568],[74.20762,33.8594],[74.21967,33.86717],[74.24556,33.89501],[74.26113,33.9248],[74.26358,33.94262],[74.26325,33.95523],[74.26275,33.97429],[74.24869,34.01382],[74.23722,34.02553],[74.22556,34.0334],[74.21468,34.03856],[74.2052,34.03935],[74.19635,34.04008],[74.18143,34.03957],[74.16142,34.03887],[74.15687,34.04042],[74.14922,34.04302],[74.13245,34.05267],[74.12513,34.05477],[74.12369,34.05518],[74.11498,34.05378],[74.10046,34.04563],[74.09592,34.04032],[74.08703,34.03776],[74.07608,34.03641],[74.06107,34.03471],[74.05666,34.03125],[74.04406,34.02973],[74.0389,34.02911],[74.00607,34.02245],[74.0,34.03019],[73.93824,34.03178],[73.93438,34.03188],[73.92015,34.03225],[73.89817,34.03282],[73.88322,34.04995],[73.88466,34.06483],[73.88565,34.07512],[73.89935,34.09104],[73.90438,34.09689],[73.90427,34.10621],[73.90408,34.12225],[73.91708,34.14211],[73.9372,34.16252],[73.94477,34.17019],[73.97658,34.2118],[73.98202,34.23908],[73.97777,34.25797],[73.97623,34.26481],[73.94097,34.30174],[73.91993,34.34231],[73.91692,34.34461],[73.89941,34.35981],[73.89468,34.3585],[73.87941,34.35424],[73.8477,34.34083],[73.84175,34.33832],[73.82007,34.34993],[73.8074,34.35672],[73.77339,34.34975],[73.77256,34.35056],[73.76322,34.35963],[73.76432,34.37107],[73.76754,34.38259],[73.76884,34.38721],[73.77698,34.4163],[73.78071,34.41945],[73.80216,34.43769],[73.80726,34.44195],[73.8395,34.46324],[73.85481,34.47335],[73.89874,34.49577],[73.88669,34.51499],[73.88956,34.52552],[73.89534,34.54667],[73.9097,34.55387],[73.93509,34.56665],[73.94807,34.57309],[73.94156,34.59196],[73.9274,34.64606],[73.94156,34.6772],[73.9558,34.69206],[73.96022,34.69668],[73.98608,34.70415],[73.99099,34.70559],[74.0,34.70822],[74.01289,34.70985],[74.0252,34.70023],[74.04172,34.68732],[74.04914,34.68497],[74.0597,34.68509],[74.08132,34.69202],[74.08653,34.6937],[74.09314,34.69451],[74.09716,34.6929],[74.11677,34.69121],[74.1327,34.69024],[74.14179,34.6912],[74.14897,34.69527],[74.1534,34.69907],[74.17474,34.71736],[74.20297,34.73657],[74.2105,34.74018],[74.22575,34.74746],[74.22749,34.75008],[74.23736,34.75179],[74.23901,34.75207],[74.2699,34.76269],[74.27976,34.76827],[74.2868,34.77417],[74.30278,34.79754],[74.3073,34.8003],[74.31509,34.80026],[74.33127,34.79232],[74.34125,34.78969],[74.34621,34.79041],[74.36754,34.80256],[74.37554,34.80344],[74.40562,34.79953],[74.47397,34.79063],[74.47714,34.78965],[74.48537,34.78709],[74.50658,34.77553],[74.5147,34.7748],[74.54407,34.77654],[74.56149,34.77444],[74.56529,34.77187],[74.57716,34.76949],[74.58018,34.7701],[74.61243,34.74637],[74.61816,34.74215],[74.63155,34.738],[74.63883,34.73354],[74.65806,34.7106],[74.6713,34.7007],[74.703,34.69308],[74.72807,34.68858],[74.73932,34.68722],[74.76312,34.68434],[74.7664,34.68519],[74.77214,34.68271],[74.78659,34.68273],[74.8356,34.67754],[74.8539,34.6782],[74.86488,34.67993],[74.85677,34.68863],[74.82656,34.7265],[74.79949,34.75262],[74.79539,34.75416],[74.79142,34.75592],[74.78868,34.75791],[74.78554,34.76067],[74.78239,34.76397],[74.78008,34.76761],[74.77831,34.77058],[74.7764,34.77399],[74.77531,34.77697],[74.77271,34.77929],[74.77121,34.78215],[74.76958,34.78633],[74.76836,34.79118],[74.76659,34.79536],[74.76639,34.79858],[74.76633,34.80241],[74.76621,34.80616],[74.7654,34.80957],[74.76445,34.81287],[74.76185,34.81596],[74.75912,34.81794],[74.75556,34.81993],[74.75255,34.82147],[74.74995,34.82401],[74.74763,34.8272],[74.7473,34.82753],[74.7449,34.82996],[74.74258,34.8326],[74.7395,34.83512],[74.7373,34.83708],[74.73566,34.83854],[74.73267,34.84024],[74.72893,34.84193],[74.72588,34.8433],[74.72823,34.84759],[74.72822,34.85012],[74.7281,34.85276],[74.72623,34.85618],[74.72449,34.85857],[74.72277,34.86094],[74.72012,34.86124],[74.71741,34.8609],[74.7137,34.85747],[74.71095,34.85651],[74.70772,34.85683],[74.70567,34.85757],[74.70389,34.8594],[74.70251,34.8638],[74.70221,34.86579],[74.70184,34.8682],[74.70091,34.87015],[74.70007,34.87194],[74.69884,34.87503],[74.69561,34.87535],[74.69194,34.87492],[74.68743,34.87357],[74.68503,34.87465],[74.68175,34.87687],[74.68016,34.87868],[74.6774,34.88009],[74.67636,34.88157],[74.67506,34.88463],[74.67437,34.88814],[74.67336,34.89245],[74.67133,34.89603],[74.66917,34.89772],[74.66652,34.89817],[74.66624,34.90213],[74.66527,34.90439],[74.66416,34.90745],[74.66199,34.90661],[74.65916,34.90471],[74.65691,34.90277],[74.65353,34.90121],[74.64951,34.90126],[74.64515,34.9018],[74.64137,34.90294],[74.63918,34.90385],[74.63702,34.9057],[74.63493,34.90734],[74.6332,34.90842],[74.62962,34.90923],[74.62659,34.91099],[74.62446,34.91187],[74.61999,34.91352],[74.617,34.91462],[74.61317,34.91628],[74.60979,34.91724],[74.60645,34.91852],[74.60325,34.91932],[74.59999,34.91933],[74.59442,34.91661],[74.59049,34.914],[74.58566,34.91093],[74.58289,34.90911],[74.57922,34.90669],[74.57401,34.90364],[74.57188,34.90468],[74.57099,34.90494],[74.56795,34.90583],[74.56596,34.90751],[74.56576,34.90989],[74.56699,34.91345],[74.56956,34.91711],[74.57114,34.92034],[74.57177,34.92362],[74.57195,34.92598],[74.57055,34.92779],[74.56851,34.92868],[74.56644,34.9291],[74.56338,34.92926],[74.56481,34.93045],[74.56785,34.93266],[74.57033,34.93505],[74.57035,34.9379],[74.57042,34.94136],[74.57197,34.9437],[74.57355,34.94579],[74.5747,34.9473],[74.57269,34.94867],[74.56914,34.94979],[74.5657,34.95336],[74.56271,34.95698],[74.56275,34.96014],[74.56466,34.96256],[74.56599,34.9634],[74.56768,34.96446],[74.56726,34.96653],[74.56642,34.96815],[74.56487,34.97044],[74.56469,34.97314],[74.56757,34.97583],[74.57062,34.97804],[74.57278,34.98124],[74.57302,34.98454],[74.57185,34.98859],[74.57132,34.99183],[74.57219,34.9939],[74.57412,34.99505],[74.57668,34.9963],[74.57904,34.9971],[74.58059,34.99859],[74.58216,35.0001],[74.5835,35.00164],[74.58186,35.00294],[74.57988,35.00451],[74.57785,35.00809],[74.57634,35.01101],[74.57548,35.01484],[74.57544,35.01689],[74.57462,35.01867],[74.57255,35.01925],[74.57063,35.01918],[74.56788,35.01838],[74.56548,35.01708],[74.56363,35.01544],[74.56227,35.01267],[74.55804,35.01241],[74.55426,35.01323],[74.55103,35.01624],[74.54848,35.01795],[74.54665,35.01915],[74.54314,35.02106],[74.53986,35.02328],[74.53808,35.0251],[74.53786,35.02732],[74.53651,35.02976],[74.53413,35.0313],[74.53123,35.0335],[74.52853,35.036],[74.52837,35.03885],[74.52904,35.04276],[74.52995,35.04729],[74.53119,35.05101],[74.53298,35.05299],[74.53521,35.05462],[74.53761,35.05591],[74.53777,35.05796],[74.53748,35.06191],[74.53699,35.06557],[74.53466,35.06774],[74.53239,35.07085],[74.52929,35.0729],[74.52509,35.07579],[74.51913,35.07785],[74.51534,35.08104],[74.51102,35.08489],[74.5086,35.08848],[74.50771,35.092],[74.50797,35.09546],[74.50978,35.09915],[74.50681,35.10056],[74.50403,35.10181],[74.50114,35.10432],[74.49766,35.10655],[74.49435,35.10845],[74.49161,35.10952],[74.49079,35.10973],[74.48941,35.11086],[74.48714,35.11129],[74.48472,35.11236],[74.48188,35.11297],[74.47783,35.1127],[74.47451,35.11192],[74.4694,35.11029],[74.46635,35.1106]]]}},{"type":"Feature","properties":{"adm1_name":"Balochistan","adm1_name1":null,"adm1_name2":null,"adm1_name3":null,"adm1_pcode":"PK2","adm0_name":"Pakistan","adm0_name1":null,"adm0_name2":null,"adm0_name3":null,"adm0_pcode":"PK","valid_on":"2022-09-09","valid_to":null,"area_sqkm":346723.56140254,"cod_version":"V_01","lang":"en","lang1":null,"lang2":null,"lang3":null,"adm1_ref_name":"Balochistan","center_lat":28.49738407,"center_lon":65.70961117,"pop_2023":14894402,"pop_density":43.0},"geometry":{"type":"MultiPolygon","coordinates":[[[[69.854,32.09808],[69.85399,32.09967],[69.85249,32.10062],[69.84986,32.1006],[69.84388,32.09961],[69.83378,32.09859],[69.82743,32.09632],[69.82257,32.09502],[69.81845,32.09467],[69.81509,32.09433],[69.80946,32.09462],[69.80759,32.09556],[69.80571,32.09555],[69.80421,32.09522],[69.799,32.09296],[69.79676,32.09167],[69.79414,32.09101],[69.78966,32.09003],[69.7878,32.08874],[69.78482,32.08649],[69.78258,32.08584],[69.77996,32.08582],[69.77883,32.08582],[69.77732,32.0874],[69.7758,32.0893],[69.77317,32.09056],[69.76868,32.08957],[69.76497,32.08636],[69.75713,32.08376],[69.75088,32.08233],[69.7488,32.08159],[69.74492,32.08041],[69.74395,32.08012],[69.74218,32.0796],[69.73965,32.07886],[69.73696,32.07821],[69.72499,32.07748],[69.72026,32.07672],[69.71667,32.07666],[69.71272,32.07679],[69.71071,32.07697],[69.70948,32.07674],[69.70815,32.07673],[69.69468,32.07504],[69.68851,32.07431],[69.68317,32.07367],[69.68242,32.07359],[69.68174,32.07343],[69.67955,32.07294],[69.67683,32.07067],[69.67289,32.06686],[69.67043,32.06449],[69.66719,32.06137],[69.66204,32.05511],[69.66146,32.05466],[69.66001,32.05322],[69.65905,32.05239],[69.65564,32.05044],[69.64973,32.04849],[69.64864,32.04766],[69.64676,32.04624],[69.64567,32.04467],[69.64455,32.04304],[69.64348,32.03793],[69.64351,32.0357],[69.64354,32.03252],[69.64243,32.0306],[69.64022,32.02803],[69.638,32.02515],[69.63579,32.02226],[69.63321,32.01874],[69.63284,32.0181],[69.63257,32.01763],[69.63174,32.01618],[69.63065,32.01299],[69.63059,32.01244],[69.63031,32.00986],[69.62922,32.00724],[69.626,32.00476],[69.62563,32.00454],[69.62029,32.00175],[69.61908,32.00138],[69.61197,31.99975],[69.6104,31.9989],[69.60873,31.99848],[69.60391,31.99462],[69.60058,31.99053],[69.59763,31.98692],[69.59571,31.98525],[69.59435,31.98461],[69.59261,31.9829],[69.59073,31.98104],[69.58951,31.98026],[69.58813,31.97935],[69.58608,31.97795],[69.58279,31.97629],[69.57251,31.9718],[69.57026,31.97082],[69.56345,31.96689],[69.55916,31.96348],[69.55237,31.95855],[69.55091,31.95756],[69.54876,31.95611],[69.54615,31.95669],[69.54134,31.95775],[69.54041,31.9581],[69.53728,31.9593],[69.5359,31.95984],[69.53525,31.96065],[69.52982,31.96724],[69.52552,31.97272],[69.52376,31.97475],[69.52312,31.9756],[69.51881,31.97611],[69.5158,31.97485],[69.51198,31.97325],[69.51127,31.97296],[69.51043,31.97272],[69.49758,31.96952],[69.48125,31.96609],[69.47127,31.96523],[69.47002,31.96535],[69.46449,31.96586],[69.4555,31.96669],[69.44708,31.96659],[69.43859,31.96395],[69.43287,31.96292],[69.42994,31.9628],[69.42877,31.96276],[69.42537,31.96263],[69.41576,31.96278],[69.4093,31.96327],[69.40443,31.96364],[69.40358,31.9637],[69.40001,31.96311],[69.39822,31.96281],[69.39559,31.96237],[69.39503,31.96237],[69.39436,31.96237],[69.39392,31.96237],[69.38931,31.96275],[69.37992,31.96556],[69.37946,31.96566],[69.37487,31.96665],[69.37202,31.96658],[69.36943,31.96562],[69.3685,31.96527],[69.36786,31.96476],[69.36737,31.96437],[69.36442,31.96211],[69.364,31.96179],[69.36299,31.96099],[69.36201,31.9602],[69.35229,31.95459],[69.34968,31.95328],[69.34679,31.95196],[69.3418,31.95183],[69.34114,31.95214],[69.33835,31.95356],[69.33723,31.95412],[69.3335,31.95637],[69.33239,31.95738],[69.33196,31.95777],[69.33167,31.95835],[69.33083,31.96021],[69.33044,31.95962],[69.32455,31.95444],[69.32092,31.95189],[69.3235,31.94417],[69.32325,31.94063],[69.3184,31.92981],[69.31762,31.92807],[69.31579,31.92682],[69.31285,31.92481],[69.30851,31.923],[69.29927,31.91914],[69.28921,31.91559],[69.27768,31.91152],[69.27475,31.90883],[69.27187,31.90618],[69.26725,31.89513],[69.26258,31.8866],[69.23113,31.86259],[69.22266,31.85907],[69.21064,31.85407],[69.2059,31.8531],[69.20342,31.8526],[69.20139,31.85113],[69.19761,31.8484],[69.19234,31.83001],[69.1914,31.82905],[69.18576,31.82328],[69.18257,31.81415],[69.18094,31.80948],[69.17806,31.80511],[69.17469,31.8],[69.15702,31.78461],[69.15625,31.78394],[69.14897,31.75888],[69.1387,31.75068],[69.13526,31.74793],[69.13228,31.73621],[69.12743,31.72446],[69.12001,31.72023],[69.12091,31.71108],[69.12102,31.70994],[69.11862,31.70474],[69.11794,31.70326],[69.11396,31.70187],[69.1097,31.70039],[69.09971,31.69524],[69.09645,31.69341],[69.09646,31.69264],[69.09169,31.68907],[69.08118,31.6812],[69.07283,31.67328],[69.06647,31.66724],[69.04723,31.66001],[69.04681,31.65985],[69.0315,31.65023],[69.02668,31.64489],[69.02417,31.64211],[69.02212,31.63214],[69.02101,31.62671],[69.01089,31.62473],[69.0063,31.62634],[69.00091,31.62824],[68.99491,31.62723],[68.99345,31.62698],[68.98594,31.62801],[68.98,31.6343],[68.97827,31.63613],[68.97376,31.63584],[68.96892,31.63553],[68.96158,31.64045],[68.95675,31.64251],[68.94916,31.64575],[68.94442,31.64224],[68.93399,31.62122],[68.93366,31.62055],[68.92846,31.61337],[68.91688,31.60471],[68.91203,31.60368],[68.90064,31.60124],[68.87833,31.6016],[68.872,31.6017],[68.8587,31.59828],[68.8483,31.59742],[68.84183,31.59914],[68.83162,31.60578],[68.82191,31.605],[68.8214,31.60524],[68.81217,31.60964],[68.80494,31.60998],[68.80234,31.61306],[68.79984,31.61602],[68.79751,31.61879],[68.78268,31.63525],[68.77794,31.6551],[68.77351,31.66098],[68.7519,31.66954],[68.74603,31.67596],[68.74284,31.67946],[68.72674,31.69016],[68.71699,31.69664],[68.71647,31.69755],[68.71391,31.70209],[68.71572,31.71608],[68.71196,31.73643],[68.70926,31.751],[68.70184,31.76988],[68.69805,31.77141],[68.69549,31.77178],[68.68219,31.77365],[68.68016,31.7735],[68.67818,31.77336],[68.65173,31.77493],[68.63953,31.77565],[68.63274,31.77808],[68.63223,31.77826],[68.58212,31.82086],[68.58178,31.82113],[68.57611,31.82556],[68.57014,31.82797],[68.55479,31.82036],[68.55267,31.81916],[68.53841,31.81112],[68.52865,31.80564],[68.52534,31.80379],[68.52071,31.80118],[68.47782,31.78068],[68.46594,31.77404],[68.46058,31.77277],[68.45129,31.77056],[68.43689,31.76521],[68.43311,31.76325],[68.44761,31.75789],[68.45604,31.75307],[68.45767,31.75213],[68.46368,31.74812],[68.46791,31.74871],[68.47916,31.75025],[68.48988,31.75225],[68.49835,31.75382],[68.51274,31.75409],[68.53852,31.75457],[68.56402,31.75253],[68.5761,31.75161],[68.58202,31.75034],[68.57465,31.73486],[68.56351,31.71977],[68.55562,31.71436],[68.53715,31.71402],[68.51038,31.7339],[68.50531,31.73626],[68.5009,31.7383],[68.4919,31.74009],[68.49039,31.74039],[68.47917,31.73926],[68.46523,31.74013],[68.45663,31.74066],[68.45514,31.74137],[68.45339,31.7422],[68.44533,31.74251],[68.4361,31.74714],[68.42303,31.75536],[68.42186,31.75722],[68.41952,31.75621],[68.40958,31.75715],[68.37204,31.75848],[68.32089,31.75746],[68.28661,31.757],[68.27822,31.7598],[68.27414,31.76342],[68.25376,31.78151],[68.25097,31.78535],[68.25935,31.80155],[68.24126,31.80644],[68.18613,31.81341],[68.17901,31.81431],[68.17749,31.8145],[68.17192,31.82171],[68.1712,31.82787],[68.16888,31.83424],[68.16495,31.83072],[68.15408,31.81744],[68.15108,31.81242],[68.14437,31.8012],[68.14057,31.79825],[68.13397,31.78739],[68.11742,31.7599],[68.11668,31.75871],[68.10873,31.753],[68.10121,31.74761],[68.10037,31.7467],[68.09083,31.73639],[68.08614,31.73104],[68.08409,31.72869],[68.06988,31.7175],[68.06734,31.7155],[68.0675,31.71024],[68.06409,31.6994],[68.0594,31.69483],[68.05784,31.69331],[68.04681,31.68597],[68.03559,31.68102],[68.03149,31.67922],[68.02255,31.67375],[68.00527,31.66143],[67.98772,31.64893],[67.97239,31.64094],[67.9698,31.63959],[67.95543,31.63513],[67.94992,31.63341],[67.92453,31.63238],[67.91684,31.63014],[67.91098,31.62817],[67.9044,31.62596],[67.8945,31.62573],[67.88662,31.62944],[67.87377,31.6296],[67.87176,31.62928],[67.86871,31.6288],[67.84879,31.61922],[67.84315,31.61652],[67.81739,31.59738],[67.81545,31.59593],[67.8036,31.58214],[67.79001,31.5722],[67.77819,31.5655],[67.77744,31.56491],[67.76698,31.55676],[67.74207,31.53371],[67.72605,31.52484],[67.71714,31.52195],[67.7131,31.52063],[67.69977,31.51939],[67.67779,31.52091],[67.67207,31.52093],[67.66175,31.52097],[67.65734,31.51972],[67.65381,31.51872],[67.64847,31.51835],[67.64603,31.52032],[67.63638,31.52813],[67.6296,31.52976],[67.62775,31.53021],[67.62157,31.53117],[67.61271,31.53132],[67.61006,31.53136],[67.59447,31.53321],[67.58455,31.53439],[67.56956,31.53469],[67.56592,31.53386],[67.55949,31.53238],[67.55594,31.53007],[67.55399,31.5288],[67.55504,31.52195],[67.57568,31.50507],[67.591,31.47957],[67.59505,31.47051],[67.59863,31.4596],[67.59894,31.45569],[67.59911,31.45366],[67.5947,31.4343],[67.59507,31.43335],[67.59763,31.42682],[67.60539,31.41854],[67.61221,31.41719],[67.62287,31.41508],[67.62554,31.41414],[67.62774,31.41337],[67.62939,31.4099],[67.63378,31.40069],[67.64285,31.39728],[67.64407,31.39682],[67.65424,31.39708],[67.66007,31.39722],[67.67376,31.40057],[67.68921,31.40436],[67.69358,31.40524],[67.72634,31.41191],[67.74094,31.41478],[67.75032,31.41364],[67.75314,31.41191],[67.75396,31.41141],[67.76041,31.40747],[67.76401,31.40343],[67.77134,31.39994],[67.77489,31.39547],[67.77831,31.39117],[67.7841,31.37837],[67.78579,31.37463],[67.78705,31.36904],[67.78985,31.35662],[67.78545,31.34392],[67.77804,31.33672],[67.77408,31.33287],[67.76277,31.32756],[67.76198,31.32735],[67.75617,31.3258],[67.73785,31.32457],[67.7313,31.32325],[67.71774,31.32343],[67.71706,31.32323],[67.7071,31.32024],[67.69514,31.31515],[67.69172,31.31369],[67.69043,31.31269],[67.68288,31.30682],[67.65832,31.29155],[67.62042,31.27639],[67.61219,31.27527],[67.60294,31.27275],[67.59063,31.27404],[67.57466,31.27295],[67.571,31.27079],[67.53924,31.26356],[67.53523,31.26194],[67.53136,31.26038],[67.51811,31.25381],[67.51039,31.24998],[67.49067,31.24214],[67.48789,31.24165],[67.47194,31.23889],[67.46416,31.23755],[67.44939,31.23412],[67.4451,31.233],[67.44407,31.23289],[67.43066,31.22773],[67.42013,31.22426],[67.40641,31.21975],[67.39929,31.21832],[67.39053,31.21657],[67.36618,31.21913],[67.36509,31.21916],[67.34771,31.21965],[67.34536,31.21971],[67.32719,31.21372],[67.32393,31.2141],[67.3146,31.21521],[67.30993,31.21365],[67.30486,31.21196],[67.29719,31.21228],[67.29497,31.21237],[67.2915,31.21251],[67.2715,31.20577],[67.26691,31.20632],[67.26202,31.20694],[67.25084,31.21229],[67.24584,31.21469],[67.22699,31.21944],[67.19575,31.22062],[67.19433,31.22111],[67.18333,31.22485],[67.17502,31.23513],[67.171,31.24009],[67.16634,31.24339],[67.11762,31.24132],[67.10997,31.23926],[67.09372,31.23192],[67.08093,31.23072],[67.06902,31.2296],[67.06015,31.23045],[67.05617,31.23083],[67.04964,31.23385],[67.04025,31.23541],[67.03199,31.23966],[67.03099,31.24018],[67.02888,31.24275],[67.02567,31.24667],[67.02394,31.25047],[67.02186,31.25504],[67.02384,31.25923],[67.02482,31.26131],[67.04024,31.26933],[67.04774,31.27528],[67.05132,31.28592],[67.05002,31.29162],[67.04768,31.29675],[67.04446,31.30383],[67.03464,31.30927],[67.02291,31.3108],[67.01881,31.31133],[67.01307,31.3116],[67.00435,31.312],[66.98566,31.31287],[66.96912,31.31261],[66.96169,31.31134],[66.95773,31.31067],[66.95182,31.30983],[66.93418,31.30561],[66.90228,31.29617],[66.86681,31.28272],[66.85658,31.27851],[66.83497,31.26428],[66.82226,31.24831],[66.81378,31.23529],[66.80802,31.22644],[66.80578,31.224],[66.80199,31.21907],[66.79291,31.21306],[66.7816,31.21084],[66.77625,31.20979],[66.76859,31.20975],[66.75786,31.20968],[66.73839,31.21173],[66.73107,31.21251],[66.72015,31.20597],[66.71816,31.2027],[66.71611,31.19444],[66.71316,31.1826],[66.7093,31.1607],[66.70711,31.15685],[66.7036,31.15067],[66.69694,31.13212],[66.68859,31.11902],[66.6862,31.11527],[66.68807,31.10168],[66.68815,31.10112],[66.68514,31.09503],[66.68423,31.0932],[66.68317,31.07459],[66.67968,31.0729],[66.67057,31.06848],[66.66697,31.06671],[66.66423,31.06299],[66.65982,31.06032],[66.63879,31.04177],[66.61816,31.02047],[66.59722,31.00309],[66.59146,30.9983],[66.57964,30.9885],[66.56267,30.97769],[66.53389,30.97026],[66.52592,30.96927],[66.51855,30.96838],[66.50833,30.96635],[66.50743,30.96617],[66.48415,30.96403],[66.48239,30.96191],[66.44621,30.95588],[66.41768,30.94885],[66.40097,30.94473],[66.39569,30.94241],[66.39133,30.9405],[66.38987,30.93849],[66.38657,30.93392],[66.38393,30.9219],[66.38132,30.91494],[66.37766,30.9022],[66.37193,30.88228],[66.36942,30.8729],[66.36354,30.85088],[66.36172,30.84409],[66.35766,30.82983],[66.3434,30.77985],[66.34138,30.77276],[66.33615,30.75258],[66.33304,30.74059],[66.3311,30.73662],[66.32742,30.72347],[66.32222,30.7049],[66.31763,30.69256],[66.31609,30.6884],[66.3094,30.66458],[66.29879,30.62678],[66.29295,30.60984],[66.29097,30.6022],[66.28935,30.59595],[66.28106,30.56928],[66.28108,30.56461],[66.28108,30.56308],[66.28199,30.55962],[66.28269,30.55694],[66.29233,30.53778],[66.29778,30.50988],[66.2979,30.5093],[66.30537,30.50244],[66.30839,30.50134],[66.30995,30.50077],[66.32573,30.49338],[66.32718,30.49115],[66.32764,30.49037],[66.33278,30.4857],[66.33981,30.47932],[66.33665,30.45603],[66.33782,30.45133],[66.33892,30.44694],[66.34959,30.43377],[66.35412,30.42727],[66.35437,30.42177],[66.35419,30.42124],[66.3511,30.41225],[66.33924,30.39441],[66.33799,30.39253],[66.3347,30.38347],[66.33279,30.37331],[66.33353,30.36332],[66.33418,30.35454],[66.33652,30.3498],[66.33601,30.34489],[66.33524,30.33737],[66.33246,30.31731],[66.33011,30.31198],[66.32744,30.30589],[66.32046,30.27949],[66.3166,30.24288],[66.31041,30.2282],[66.30421,30.22106],[66.30138,30.21779],[66.29288,30.20189],[66.28694,30.18746],[66.28744,30.17684],[66.28771,30.17096],[66.28644,30.16403],[66.28528,30.16123],[66.28431,30.15891],[66.27905,30.15292],[66.26852,30.14091],[66.26208,30.13192],[66.26009,30.12914],[66.25809,30.11611],[66.25785,30.11459],[66.25726,30.11068],[66.24225,30.08947],[66.23986,30.0861],[66.23844,30.08409],[66.23838,30.07942],[66.23822,30.06641],[66.24028,30.05961],[66.24165,30.05505],[66.25129,30.0489],[66.25905,30.04396],[66.28074,30.02801],[66.28854,30.02227],[66.30042,30.01626],[66.30374,30.01294],[66.32065,30.00111],[66.32223,30.0],[66.3408,29.98701],[66.35876,29.97445],[66.36151,29.97202],[66.36195,29.96813],[66.35899,29.96243],[66.35686,29.95832],[66.34564,29.95013],[66.33019,29.92503],[66.31891,29.9127],[66.31319,29.9109],[66.31258,29.90923],[66.31226,29.90834],[66.28935,29.89124],[66.27453,29.87888],[66.26982,29.87495],[66.26806,29.87281],[66.25978,29.86273],[66.25805,29.86062],[66.25397,29.85565],[66.24978,29.8535],[66.24565,29.85137],[66.24377,29.85079],[66.23059,29.84671],[66.21585,29.84284],[66.20225,29.83927],[66.18385,29.83311],[66.16486,29.82829],[66.1558,29.82521],[66.13731,29.82011],[66.11657,29.81438],[66.0724,29.80244],[66.06079,29.79919],[66.05384,29.79725],[66.03554,29.79213],[66.01039,29.7856],[66.00254,29.78357],[65.93811,29.76692],[65.92068,29.76166],[65.91556,29.76011],[65.89497,29.75539],[65.88799,29.75379],[65.88061,29.75149],[65.87452,29.7496],[65.869,29.7482],[65.85322,29.74419],[65.83404,29.73841],[65.78333,29.72435],[65.78114,29.72374],[65.74762,29.71578],[65.73723,29.71331],[65.73131,29.71078],[65.6978,29.70281],[65.66915,29.69496],[65.65865,29.69208],[65.63819,29.68711],[65.63712,29.68685],[65.63604,29.68659],[65.61086,29.68099],[65.57152,29.66931],[65.53466,29.66047],[65.52907,29.65845],[65.52254,29.65608],[65.52127,29.6559],[65.51575,29.65511],[65.44134,29.63622],[65.42349,29.63112],[65.40558,29.62595],[65.36967,29.61557],[65.28628,29.59346],[65.27938,29.59226],[65.27588,29.59164],[65.26193,29.58738],[65.25367,29.58504],[65.23995,29.58116],[65.2323,29.57919],[65.19489,29.56958],[65.1293,29.55164],[65.09714,29.54284],[65.06705,29.53624],[65.06013,29.53544],[65.05401,29.53474],[65.02856,29.53431],[65.0,29.53742],[64.95577,29.55357],[64.95475,29.55365],[64.8217,29.56407],[64.81595,29.56476],[64.81101,29.56534],[64.77067,29.57013],[64.76888,29.57034],[64.76212,29.57114],[64.74832,29.57219],[64.66743,29.57838],[64.63193,29.58108],[64.59976,29.5794],[64.53229,29.57587],[64.5288,29.57555],[64.5234,29.57506],[64.48762,29.57179],[64.45623,29.56419],[64.45548,29.56401],[64.45285,29.56275],[64.44655,29.55974],[64.42811,29.55094],[64.41181,29.5451],[64.39076,29.54417],[64.3868,29.54504],[64.38573,29.54527],[64.3801,29.5465],[64.36999,29.54872],[64.3526,29.54539],[64.32529,29.53438],[64.31528,29.53035],[64.27942,29.52809],[64.26682,29.52384],[64.26026,29.51908],[64.25163,29.5128],[64.2405,29.50469],[64.23742,29.50245],[64.219,29.49738],[64.20805,29.49436],[64.19494,29.48178],[64.19334,29.48051],[64.17104,29.45951],[64.15234,29.44956],[64.14658,29.43399],[64.13107,29.39195],[64.11999,29.3821],[64.10529,29.37748],[64.08882,29.38241],[64.08726,29.38288],[64.08464,29.38408],[64.06784,29.39178],[64.05316,29.40525],[64.05068,29.40752],[64.04468,29.41301],[64.03237,29.41769],[63.99831,29.42356],[63.91611,29.43771],[63.91266,29.4383],[63.91078,29.43862],[63.7741,29.45969],[63.6649,29.47641],[63.64485,29.47948],[63.63216,29.48205],[63.61753,29.48502],[63.59084,29.49043],[63.56361,29.48955],[63.56017,29.48944],[63.48356,29.48434],[63.41631,29.47986],[63.39347,29.47832],[63.36451,29.47637],[63.27272,29.46782],[63.23382,29.46416],[63.23031,29.46383],[63.22891,29.4637],[63.1293,29.45433],[63.08598,29.45021],[62.98592,29.4407],[62.84258,29.42691],[62.75479,29.41838],[62.69927,29.41298],[62.69259,29.41233],[62.64897,29.40804],[62.556,29.39891],[62.45577,29.38897],[62.43847,29.39412],[62.4148,29.40118],[62.31697,29.43027],[62.2783,29.44177],[62.14169,29.48221],[62.00497,29.52253],[61.97638,29.53093],[61.86816,29.56271],[61.82117,29.57645],[61.73124,29.60275],[61.68471,29.61631],[61.65252,29.6257],[61.59457,29.64356],[61.45828,29.68546],[61.32187,29.72722],[61.18536,29.76884],[61.04875,29.81034],[60.91203,29.85169],[60.89342,29.85731],[60.8786,29.86178],[60.96525,29.76079],[61.05173,29.65974],[61.12586,29.57293],[61.13889,29.55919],[61.19259,29.50249],[61.2346,29.46496],[61.31113,29.39647],[61.33707,29.37632],[61.3726,29.34867],[61.37749,29.3353],[61.37342,29.31647],[61.35775,29.28278],[61.36364,29.26875],[61.38349,29.22146],[61.39097,29.21361],[61.39913,29.20853],[61.42244,29.20051],[61.42867,29.19378],[61.41951,29.16889],[61.41484,29.15619],[61.41336,29.14122],[61.41581,29.13564],[61.44353,29.12812],[61.45863,29.12241],[61.47052,29.11395],[61.47794,29.10276],[61.47887,29.08055],[61.48138,29.07806],[61.50317,29.05641],[61.50557,29.04805],[61.50323,29.01922],[61.50432,29.00755],[61.53947,28.97075],[61.54722,28.96264],[61.56332,28.94247],[61.5736,28.91403],[61.61345,28.86398],[61.62,28.85574],[61.64027,28.82162],[61.66569,28.79522],[61.68104,28.77059],[61.69352,28.7605],[61.72106,28.7382],[61.77752,28.67992],[61.78792,28.66608],[61.79562,28.65583],[61.80416,28.64017],[61.82291,28.63269],[61.86256,28.60276],[61.87011,28.59706],[61.89215,28.58373],[61.89676,28.58094],[61.90861,28.57378],[61.95758,28.54869],[61.99316,28.54075],[62.01583,28.5286],[62.01827,28.52676],[62.0433,28.50789],[62.11579,28.4851],[62.14856,28.48905],[62.15236,28.48951],[62.17055,28.48755],[62.20243,28.4787],[62.23988,28.46586],[62.26944,28.46647],[62.28689,28.46451],[62.29629,28.46345],[62.34996,28.44119],[62.37252,28.43802],[62.41668,28.41835],[62.41825,28.41758],[62.42629,28.41366],[62.43967,28.40713],[62.47234,28.37606],[62.50288,28.33135],[62.51171,28.32523],[62.51597,28.32227],[62.54158,28.30997],[62.5731,28.27851],[62.59232,28.25513],[62.62,28.25819],[62.6307,28.25937],[62.77161,28.27905],[62.78694,28.28118],[62.79194,28.2771],[62.79657,28.20895],[62.79093,28.17107],[62.78079,28.10293],[62.77801,28.08733],[62.77067,28.04614],[62.76823,28.03241],[62.77183,28.01505],[62.79006,27.97811],[62.79636,27.92406],[62.79747,27.91445],[62.80196,27.88882],[62.80827,27.85159],[62.81067,27.8419],[62.81982,27.805],[62.82058,27.79979],[62.82394,27.77682],[62.83002,27.73527],[62.83597,27.67434],[62.83859,27.64744],[62.85124,27.54886],[62.85204,27.54267],[62.85539,27.46514],[62.83998,27.42501],[62.8074,27.34007],[62.82805,27.31935],[62.83066,27.31095],[62.83253,27.30494],[62.82318,27.28622],[62.78148,27.25142],[62.78297,27.23428],[62.79794,27.22152],[62.8111,27.21635],[62.82136,27.21232],[62.84366,27.21309],[62.87833,27.21714],[62.89232,27.21079],[62.90871,27.19924],[62.94429,27.1933],[62.95166,27.19207],[62.97725,27.19511],[63.05865,27.23319],[63.07473,27.23352],[63.11577,27.23435],[63.18422,27.24144],[63.21136,27.22744],[63.22838,27.21865],[63.22897,27.21834],[63.24812,27.20845],[63.27952,27.19223],[63.29924,27.17892],[63.31341,27.14762],[63.31745,27.13867],[63.31746,27.13866],[63.31308,27.12933],[63.30349,27.12236],[63.29031,27.1157],[63.2732,27.10243],[63.26638,27.09475],[63.25591,27.08295],[63.25591,27.08295],[63.25609,27.04622],[63.25664,26.93773],[63.25669,26.92868],[63.26066,26.92076],[63.26528,26.91152],[63.27639,26.88934],[63.28139,26.87459],[63.28139,26.87457],[63.27553,26.86477],[63.20477,26.84954],[63.20343,26.84925],[63.19214,26.84349],[63.19213,26.84349],[63.19973,26.79186],[63.20134,26.78093],[63.2032,26.76827],[63.20321,26.76826],[63.19973,26.73799],[63.19714,26.73138],[63.17827,26.68324],[63.17312,26.67011],[63.16919,26.64729],[63.16203,26.64362],[63.15652,26.64499],[63.12797,26.6446],[63.09087,26.64409],[63.09002,26.64407],[63.07178,26.641],[63.07131,26.64093],[63.07129,26.64092],[63.05144,26.63758],[63.02868,26.64419],[63.00192,26.65195],[62.98588,26.65335],[62.95275,26.65298],[62.94653,26.65292],[62.91946,26.64613],[62.84008,26.64753],[62.8216,26.6522],[62.81398,26.65223],[62.81045,26.65224],[62.80347,26.65226],[62.7787,26.65228],[62.76068,26.64843],[62.73684,26.63853],[62.73159,26.63431],[62.72638,26.62412],[62.72139,26.6199],[62.71022,26.61701],[62.69717,26.6134],[62.68517,26.61256],[62.66085,26.61651],[62.64833,26.60915],[62.6378,26.59943],[62.61057,26.58619],[62.60815,26.58501],[62.58208,26.58284],[62.57709,26.58242],[62.52987,26.57846],[62.51196,26.58134],[62.47842,26.56957],[62.46335,26.56761],[62.44123,26.57003],[62.43453,26.56814],[62.41069,26.54439],[62.40928,26.54339],[62.40354,26.53935],[62.39712,26.53831],[62.36134,26.53954],[62.35342,26.53591],[62.34325,26.53124],[62.3336,26.52854],[62.31507,26.52887],[62.30602,26.52443],[62.29939,26.51363],[62.29586,26.49874],[62.29704,26.49413],[62.3045,26.4848],[62.3088,26.47668],[62.3022,26.4676],[62.28829,26.45317],[62.28259,26.44725],[62.26978,26.44575],[62.25771,26.44883],[62.25637,26.44598],[62.26462,26.43209],[62.26471,26.41269],[62.29134,26.38684],[62.2915,26.37114],[62.28251,26.35837],[62.26353,26.35823],[62.2383,26.36476],[62.23293,26.36615],[62.19967,26.36948],[62.14469,26.38933],[62.13239,26.38999],[62.12809,26.38037],[62.12808,26.36411],[62.12807,26.32958],[62.12115,26.31676],[62.10674,26.31423],[62.06115,26.31542],[62.0385,26.30455],[61.98668,26.27967],[61.95824,26.26859],[61.90872,26.26028],[61.90737,26.26006],[61.87075,26.24674],[61.84788,26.22814],[61.83303,26.1711],[61.83251,26.16811],[61.81047,26.04349],[61.80179,25.99428],[61.80156,25.99279],[61.80032,25.98467],[61.7914,25.9261],[61.78978,25.91871],[61.78253,25.88561],[61.78024,25.87087],[61.78194,25.85146],[61.78035,25.81825],[61.77986,25.81754],[61.77457,25.80999],[61.77095,25.8048],[61.76884,25.80179],[61.76302,25.80082],[61.74858,25.7984],[61.71772,25.79602],[61.68921,25.79917],[61.69058,25.75853],[61.69028,25.74031],[61.68991,25.71792],[61.70498,25.70388],[61.70672,25.68632],[61.70446,25.6725],[61.689,25.66255],[61.68072,25.65435],[61.67841,25.63013],[61.66721,25.51239],[61.66744,25.50442],[61.66982,25.4219],[61.66711,25.37837],[61.66432,25.33338],[61.65561,25.2975],[61.64507,25.27364],[61.63588,25.25699],[61.63112,25.24836],[61.62939,25.24524],[61.61045,25.19495],[61.62354,25.20049],[61.63367,25.20281],[61.6397,25.20177],[61.64392,25.19939],[61.65396,25.18725],[61.65924,25.18691],[61.68115,25.19656],[61.68782,25.20148],[61.68994,25.20533],[61.69823,25.20424],[61.6988,25.19689],[61.70463,25.18827],[61.71267,25.18867],[61.71447,25.18876],[61.72152,25.17874],[61.73122,25.18336],[61.73825,25.18252],[61.74243,25.17853],[61.74675,25.17018],[61.75226,25.16868],[61.76405,25.18657],[61.77431,25.19369],[61.77908,25.19267],[61.78128,25.19033],[61.78521,25.15673],[61.78487,25.15445],[61.78306,25.14186],[61.77826,25.13163],[61.77357,25.12576],[61.769,25.12403],[61.76398,25.12482],[61.75138,25.1345],[61.74754,25.13206],[61.74746,25.12885],[61.75431,25.12067],[61.75813,25.10268],[61.75751,25.09834],[61.75415,25.09496],[61.7443,25.09356],[61.73969,25.09045],[61.73704,25.08545],[61.73753,25.07942],[61.73762,25.07833],[61.73618,25.07124],[61.72712,25.06133],[61.72417,25.05405],[61.72479,25.04899],[61.72795,25.04433],[61.73935,25.03744],[61.74884,25.03471],[61.76439,25.03278],[61.77422,25.03348],[61.79751,25.03872],[61.81942,25.0387],[61.83073,25.03869],[61.8406,25.04077],[61.84494,25.04343],[61.84671,25.05326],[61.84991,25.06008],[61.86399,25.07836],[61.86411,25.08272],[61.86019,25.08694],[61.85858,25.09271],[61.85942,25.09613],[61.86456,25.09969],[61.87471,25.10268],[61.90122,25.10554],[61.90429,25.10569],[61.98468,25.10962],[62.04276,25.1061],[62.04577,25.10591],[62.06484,25.10363],[62.08683,25.0976],[62.09837,25.09618],[62.1045,25.09902],[62.1054,25.10428],[62.08914,25.11683],[62.089,25.12946],[62.08661,25.1341],[62.07007,25.14597],[62.06764,25.15203],[62.06654,25.15478],[62.06947,25.16894],[62.07352,25.17849],[62.08488,25.18809],[62.11694,25.19904],[62.14795,25.2077],[62.16695,25.21115],[62.17373,25.21188],[62.18394,25.21298],[62.20336,25.21508],[62.21723,25.2152],[62.25382,25.20832],[62.26506,25.20483],[62.28843,25.19414],[62.30077,25.1858],[62.30352,25.18289],[62.31078,25.17521],[62.31487,25.16868],[62.32179,25.14765],[62.32214,25.13475],[62.32164,25.13114],[62.32025,25.12054],[62.31731,25.11697],[62.31018,25.1144],[62.30434,25.1136],[62.2806,25.11055],[62.27091,25.10643],[62.26803,25.10283],[62.26896,25.10028],[62.27262,25.09842],[62.27417,25.09763],[62.31978,25.09051],[62.33989,25.08954],[62.37686,25.09616],[62.3868,25.09981],[62.38991,25.10271],[62.38947,25.10479],[62.38402,25.10768],[62.37525,25.10901],[62.35676,25.10563],[62.34645,25.10612],[62.34306,25.1095],[62.33936,25.11319],[62.33843,25.1195],[62.33749,25.12587],[62.33778,25.1279],[62.33941,25.13913],[62.34234,25.14574],[62.34536,25.15252],[62.35623,25.16992],[62.36429,25.17798],[62.38043,25.18921],[62.38593,25.19303],[62.41177,25.20545],[62.43058,25.21023],[62.47073,25.21262],[62.47714,25.21589],[62.47645,25.21798],[62.47201,25.22108],[62.46307,25.22522],[62.45993,25.22967],[62.46368,25.23645],[62.46603,25.23852],[62.4738,25.24537],[62.49446,25.25285],[62.59514,25.2623],[62.59964,25.26224],[62.60478,25.26217],[62.65766,25.26149],[62.69492,25.25953],[62.72206,25.25669],[62.73784,25.25374],[62.75539,25.25046],[62.83089,25.24621],[62.85908,25.24046],[62.87499,25.23721],[62.95304,25.22124],[62.99403,25.21127],[63.00711,25.21064],[63.00994,25.21198],[63.02713,25.22013],[63.06527,25.2286],[63.07476,25.2329],[63.09971,25.25256],[63.11071,25.25681],[63.13524,25.2576],[63.1395,25.25774],[63.17636,25.25198],[63.23582,25.23745],[63.26697,25.23144],[63.27056,25.23075],[63.28012,25.2289],[63.35307,25.22357],[63.36586,25.22264],[63.40793,25.2148],[63.42142,25.21228],[63.48186,25.1983],[63.49269,25.19816],[63.49833,25.20026],[63.50124,25.20361],[63.50084,25.20615],[63.49651,25.21112],[63.49595,25.21596],[63.50507,25.223],[63.50394,25.22625],[63.49536,25.23108],[63.4857,25.23652],[63.48379,25.23911],[63.48236,25.2534],[63.48007,25.25899],[63.47861,25.26079],[63.47455,25.26583],[63.46163,25.27683],[63.45225,25.28889],[63.45607,25.29517],[63.46151,25.29843],[63.47291,25.28725],[63.48112,25.28444],[63.48448,25.28639],[63.48908,25.29404],[63.49038,25.29826],[63.49404,25.31018],[63.49836,25.31715],[63.53565,25.34573],[63.54491,25.35],[63.56866,25.3563],[63.59863,25.36784],[63.60587,25.37063],[63.64373,25.37619],[63.67508,25.38266],[63.71912,25.37925],[63.73548,25.37906],[63.75799,25.37878],[63.76539,25.37461],[63.79408,25.37242],[63.84332,25.35523],[63.86853,25.34895],[63.9154,25.34108],[63.92961,25.3371],[63.94596,25.3358],[64.00585,25.33774],[64.01802,25.33813],[64.03358,25.33616],[64.06428,25.32833],[64.0674,25.33027],[64.06187,25.34174],[64.07254,25.35948],[64.07196,25.36318],[64.05969,25.371],[64.05261,25.38712],[64.052,25.38792],[64.04166,25.40155],[64.03606,25.40613],[64.02839,25.40964],[64.02081,25.40947],[64.01766,25.40706],[64.01218,25.39211],[64.00811,25.38606],[64.00424,25.38437],[63.99947,25.38501],[63.99634,25.38834],[63.9936,25.40567],[63.99126,25.4099],[63.98511,25.41335],[63.98053,25.4126],[63.96951,25.40383],[63.96804,25.4048],[63.96784,25.40562],[63.9674,25.40735],[63.97105,25.42077],[63.97445,25.4234],[63.98202,25.42311],[63.98745,25.42038],[64.00083,25.40908],[64.00577,25.40659],[64.0112,25.41488],[64.02016,25.42304],[64.01974,25.4249],[64.01726,25.42568],[64.00115,25.4217],[63.99588,25.42236],[63.99193,25.42435],[63.99152,25.42643],[63.99344,25.4298],[64.01068,25.43598],[64.0253,25.44123],[64.02872,25.44408],[64.03072,25.44929],[64.02821,25.46041],[64.02867,25.46499],[64.03442,25.46339],[64.039,25.45885],[64.04125,25.45279],[64.03475,25.43788],[64.04037,25.43376],[64.04734,25.43143],[64.05118,25.43243],[64.05946,25.44199],[64.06416,25.44526],[64.07925,25.44376],[64.08338,25.44492],[64.11741,25.45446],[64.12009,25.45229],[64.12426,25.43903],[64.1304,25.44063],[64.15563,25.45573],[64.16122,25.45643],[64.16512,25.45329],[64.16691,25.4484],[64.16602,25.44568],[64.14571,25.43843],[64.14084,25.4345],[64.1381,25.43229],[64.13732,25.42658],[64.14282,25.41465],[64.14191,25.41124],[64.12762,25.41363],[64.12328,25.41288],[64.10917,25.40286],[64.10301,25.4008],[64.0838,25.40063],[64.08089,25.39775],[64.08102,25.39522],[64.08366,25.39213],[64.11206,25.37115],[64.11613,25.36814],[64.11749,25.36487],[64.11533,25.36196],[64.10953,25.36196],[64.0936,25.36694],[64.09178,25.36586],[64.09036,25.36247],[64.09039,25.34685],[64.08292,25.33289],[64.08377,25.32942],[64.09223,25.32679],[64.13933,25.32979],[64.14226,25.32968],[64.16352,25.32885],[64.22334,25.318],[64.23171,25.31881],[64.23793,25.32224],[64.24625,25.33248],[64.25104,25.327],[64.2401,25.31269],[64.23946,25.31184],[64.2383,25.3089],[64.23997,25.307],[64.26678,25.30272],[64.34048,25.27678],[64.36317,25.26661],[64.37653,25.26062],[64.38802,25.25303],[64.39997,25.23968],[64.40596,25.23828],[64.45757,25.24121],[64.46474,25.24344],[64.472,25.24728],[64.48076,25.26093],[64.48708,25.26618],[64.49837,25.26984],[64.52859,25.27364],[64.54357,25.27048],[64.57648,25.25255],[64.60183,25.23272],[64.60354,25.23138],[64.60535,25.22997],[64.61097,25.21663],[64.61192,25.2058],[64.60943,25.19648],[64.60452,25.18911],[64.59595,25.18442],[64.58318,25.18128],[64.58232,25.17921],[64.58002,25.17361],[64.58292,25.16131],[64.58459,25.1594],[64.59997,25.15462],[64.61661,25.1546],[64.62128,25.15515],[64.66227,25.16],[64.67844,25.1655],[64.69299,25.17384],[64.69703,25.17872],[64.69812,25.18122],[64.70047,25.18661],[64.69916,25.19057],[64.69401,25.19332],[64.65852,25.19462],[64.65778,25.19486],[64.64835,25.19804],[64.64016,25.20551],[64.63698,25.21231],[64.63517,25.22617],[64.63951,25.24247],[64.64394,25.25911],[64.65249,25.27322],[64.66,25.28185],[64.67184,25.29123],[64.68108,25.29632],[64.702,25.30785],[64.7262,25.31668],[64.7499,25.32094],[64.78782,25.32181],[64.79273,25.32389],[64.78033,25.33776],[64.77998,25.33874],[64.77747,25.34583],[64.78055,25.34775],[64.78524,25.34467],[64.79835,25.32985],[64.81508,25.32154],[64.82706,25.31894],[64.85681,25.31808],[64.89522,25.32451],[64.90344,25.32589],[64.95103,25.3233],[64.96603,25.32055],[64.9796,25.32385],[64.99532,25.3252],[65.0,25.32228],[65.00274,25.32311],[65.04368,25.31534],[65.08499,25.31259],[65.09672,25.30878],[65.09729,25.31843],[65.10062,25.32026],[65.10188,25.31844],[65.10645,25.31909],[65.10931,25.31338],[65.11379,25.31562],[65.11522,25.31074],[65.11765,25.30856],[65.12193,25.31003],[65.133,25.30953],[65.14442,25.30675],[65.15642,25.30609],[65.17587,25.31143],[65.18319,25.312],[65.18977,25.3096],[65.19551,25.30967],[65.20221,25.3169],[65.20814,25.31384],[65.21368,25.31328],[65.21902,25.31646],[65.22633,25.31724],[65.22955,25.32095],[65.22812,25.32819],[65.22791,25.32923],[65.229,25.33409],[65.23279,25.34013],[65.23809,25.34442],[65.24047,25.34635],[65.24233,25.35272],[65.2485,25.37392],[65.25142,25.37908],[65.25515,25.38218],[65.26855,25.38513],[65.28677,25.38434],[65.29862,25.38616],[65.3102,25.38484],[65.31893,25.39675],[65.31721,25.38684],[65.31892,25.38505],[65.33067,25.38477],[65.33805,25.38053],[65.34355,25.38079],[65.36195,25.38877],[65.37106,25.39025],[65.37457,25.38945],[65.40649,25.38211],[65.43797,25.38275],[65.44429,25.38075],[65.45247,25.3826],[65.45741,25.38074],[65.46519,25.38131],[65.48901,25.3749],[65.50573,25.3761],[65.50964,25.37826],[65.51398,25.38066],[65.51984,25.38679],[65.5398,25.42017],[65.54352,25.41986],[65.53805,25.40665],[65.53638,25.39529],[65.53177,25.38337],[65.52634,25.37768],[65.517,25.37202],[65.51778,25.37039],[65.52171,25.36994],[65.52894,25.37237],[65.54778,25.36784],[65.61121,25.35254],[65.62411,25.35208],[65.63576,25.34948],[65.64098,25.35055],[65.66566,25.36171],[65.68106,25.36191],[65.69806,25.36213],[65.72003,25.37231],[65.74103,25.37952],[65.76372,25.38095],[65.77301,25.38346],[65.77727,25.38553],[65.78485,25.39402],[65.79234,25.39602],[65.80603,25.40619],[65.816,25.41358],[65.83869,25.41939],[65.85913,25.42008],[65.90364,25.41345],[65.92694,25.41217],[65.94032,25.41437],[65.94245,25.41472],[65.95495,25.41317],[65.99596,25.42058],[66.01435,25.42095],[66.01772,25.42255],[66.01917,25.42554],[66.01023,25.43373],[66.00916,25.43682],[66.01122,25.44129],[66.02402,25.43411],[66.02375,25.44371],[66.02724,25.44281],[66.03157,25.43485],[66.03236,25.42861],[66.03428,25.42702],[66.03913,25.4266],[66.06534,25.43298],[66.06616,25.43318],[66.09213,25.44263],[66.12069,25.44955],[66.12554,25.45073],[66.15989,25.45383],[66.23407,25.46568],[66.25818,25.4669],[66.27654,25.46783],[66.32191,25.46695],[66.35997,25.46013],[66.39441,25.44936],[66.41743,25.44215],[66.45389,25.42562],[66.50591,25.40531],[66.5133,25.40455],[66.51988,25.40648],[66.52204,25.40816],[66.52698,25.41198],[66.5284,25.41579],[66.51219,25.42791],[66.50617,25.42872],[66.49842,25.43218],[66.49496,25.43727],[66.49284,25.44784],[66.49646,25.45885],[66.51345,25.47414],[66.51442,25.48274],[66.51834,25.48749],[66.51743,25.49205],[66.5023,25.49713],[66.49568,25.49935],[66.48711,25.50048],[66.47519,25.4996],[66.46833,25.4987],[66.45589,25.49424],[66.4407,25.48445],[66.43504,25.48276],[66.42653,25.48263],[66.41978,25.48884],[66.40958,25.49032],[66.40557,25.49246],[66.40424,25.49616],[66.40582,25.50626],[66.39626,25.50421],[66.39429,25.50664],[66.39705,25.51006],[66.40038,25.51419],[66.39725,25.52159],[66.38829,25.52604],[66.36359,25.52275],[66.35796,25.52483],[66.35336,25.52945],[66.35052,25.5356],[66.34838,25.54659],[66.34285,25.55139],[66.33493,25.55316],[66.32643,25.55281],[66.31752,25.5466],[66.30878,25.54646],[66.30747,25.54494],[66.31659,25.54218],[66.31702,25.54146],[66.31809,25.53973],[66.31405,25.53769],[66.28982,25.54339],[66.28482,25.54214],[66.27747,25.53725],[66.27412,25.53042],[66.26542,25.52484],[66.26227,25.51865],[66.25452,25.51249],[66.24913,25.50976],[66.24174,25.51029],[66.23342,25.5064],[66.22366,25.4991],[66.20451,25.49218],[66.19563,25.48896],[66.18952,25.49142],[66.18222,25.49008],[66.17233,25.48549],[66.16296,25.48426],[66.14972,25.47744],[66.14399,25.47699],[66.14191,25.48171],[66.13844,25.48219],[66.12796,25.47549],[66.12204,25.47419],[66.12065,25.47894],[66.12148,25.48525],[66.11909,25.48703],[66.11565,25.48667],[66.10731,25.4788],[66.10083,25.47498],[66.0962,25.47562],[66.09456,25.47712],[66.09185,25.47961],[66.09566,25.48604],[66.09972,25.48768],[66.10985,25.48768],[66.11275,25.48927],[66.11397,25.49705],[66.11703,25.50032],[66.12879,25.50436],[66.13275,25.50787],[66.13417,25.51169],[66.13068,25.52137],[66.13665,25.53081],[66.13189,25.53835],[66.13366,25.54427],[66.13892,25.54972],[66.15082,25.55565],[66.15613,25.55984],[66.15895,25.56368],[66.16151,25.56717],[66.17463,25.57649],[66.18074,25.58322],[66.18456,25.59446],[66.19006,25.59928],[66.19641,25.60143],[66.21043,25.60221],[66.22363,25.59168],[66.22762,25.58996],[66.23221,25.59036],[66.23396,25.5921],[66.2345,25.59986],[66.23859,25.60107],[66.24238,25.59893],[66.2458,25.59949],[66.25426,25.60547],[66.25986,25.60754],[66.26761,25.61041],[66.2743,25.61486],[66.2859,25.61784],[66.29689,25.62393],[66.30013,25.62364],[66.30397,25.61585],[66.31048,25.61006],[66.32774,25.61034],[66.34143,25.61778],[66.35778,25.61322],[66.36409,25.61618],[66.36756,25.61591],[66.37,25.61308],[66.36677,25.60856],[66.36913,25.60462],[66.37254,25.59897],[66.37667,25.59913],[66.38023,25.60178],[66.3831,25.59479],[66.39909,25.58352],[66.40866,25.59017],[66.4364,25.59294],[66.4454,25.59727],[66.44913,25.60138],[66.45091,25.6073],[66.45026,25.61605],[66.45517,25.61938],[66.45935,25.6139],[66.45813,25.60571],[66.46011,25.60286],[66.4656,25.6037],[66.46704,25.6025],[66.47069,25.58886],[66.46521,25.57339],[66.46722,25.56991],[66.47063,25.57067],[66.47189,25.57323],[66.47099,25.57779],[66.47221,25.58118],[66.47995,25.58776],[66.4836,25.58372],[66.49297,25.58534],[66.4949,25.58333],[66.49174,25.57714],[66.49395,25.5743],[66.49948,25.57431],[66.50279,25.57736],[66.50286,25.58425],[66.50287,25.58531],[66.50558,25.59126],[66.51052,25.59397],[66.51357,25.59785],[66.51008,25.60335],[66.51887,25.60745],[66.52036,25.62444],[66.52499,25.63381],[66.53021,25.64029],[66.53468,25.64318],[66.53925,25.64419],[66.54139,25.6426],[66.54215,25.64117],[66.53814,25.62847],[66.53271,25.62158],[66.53371,25.61973],[66.53897,25.62077],[66.54134,25.6194],[66.54295,25.61445],[66.54022,25.60645],[66.53466,25.5901],[66.5312,25.58537],[66.52198,25.58062],[66.51588,25.56346],[66.52063,25.5557],[66.52858,25.54828],[66.52691,25.54466],[66.52886,25.54223],[66.5374,25.54001],[66.54145,25.53896],[66.54674,25.53916],[66.55273,25.54378],[66.55761,25.53812],[66.55859,25.53189],[66.55722,25.51967],[66.55567,25.50586],[66.55662,25.48584],[66.55503,25.48035],[66.55977,25.46277],[66.56001,25.45296],[66.57344,25.44596],[66.5882,25.43524],[66.5942,25.42502],[66.59232,25.42119],[66.58398,25.41753],[66.58168,25.41508],[66.57828,25.41146],[66.57759,25.40838],[66.57657,25.40387],[66.58204,25.38527],[66.5817,25.37774],[66.58039,25.37495],[66.5794,25.37285],[66.57362,25.36865],[66.5704,25.36874],[66.56615,25.37108],[66.56272,25.37555],[66.56049,25.38883],[66.55527,25.39218],[66.55025,25.37193],[66.5501,25.36524],[66.55388,25.35828],[66.55985,25.35317],[66.56322,25.35028],[66.61981,25.31945],[66.64717,25.29918],[66.67052,25.27815],[66.67832,25.27111],[66.70826,25.23903],[66.73084,25.2059],[66.73728,25.19645],[66.7413,25.18529],[66.74201,25.18326],[66.7441,25.16746],[66.73859,25.14219],[66.7346,25.1341],[66.72272,25.11848],[66.71923,25.11389],[66.71844,25.10091],[66.70979,25.09474],[66.70795,25.09226],[66.70547,25.08893],[66.70415,25.08262],[66.70831,25.07014],[66.70972,25.06591],[66.7122,25.03154],[66.70911,25.0239],[66.6965,25.004],[66.6955,25.0],[66.69379,24.99325],[66.69875,24.97484],[66.69892,24.97222],[66.70036,24.94963],[66.69708,24.94617],[66.67906,24.93462],[66.67692,24.93141],[66.67545,24.92363],[66.67841,24.90891],[66.68693,24.89273],[66.69022,24.89077],[66.69846,24.89066],[66.70295,24.89269],[66.70786,24.90022],[66.71488,24.90735],[66.72224,24.91392],[66.73209,24.9217],[66.74137,24.92803],[66.75182,24.93699],[66.76192,24.9468],[66.77264,24.95692],[66.78407,24.96533],[66.78983,24.96858],[66.80141,24.97238],[66.81141,24.97642],[66.82233,24.98134],[66.83066,24.98764],[66.83868,24.99364],[66.84585,24.9973],[66.85739,25.00253],[66.87249,25.00556],[66.88124,25.00738],[66.88853,25.00889],[66.90525,25.0111],[66.91594,25.0137],[66.9231,25.01765],[66.93824,25.02936],[66.94894,25.04086],[66.96148,25.05266],[66.97283,25.06393],[66.98075,25.07367],[66.99152,25.08348],[67.00012,25.09208],[67.00507,25.09781],[67.00776,25.10094],[67.00953,25.10502],[67.00908,25.10905],[67.00621,25.11906],[67.00341,25.12706],[67.0041,25.13654],[67.00624,25.14871],[67.00699,25.15508],[67.00833,25.16232],[67.01196,25.1679],[67.01829,25.17817],[67.02585,25.18962],[67.02704,25.19155],[67.02946,25.19549],[67.03182,25.20103],[67.03549,25.20546],[67.04138,25.20966],[67.04808,25.21299],[67.0593,25.21964],[67.06827,25.22501],[67.06989,25.22598],[67.07515,25.23016],[67.08262,25.23497],[67.08972,25.24121],[67.09444,25.24707],[67.09614,25.24917],[67.09817,25.25529],[67.10154,25.25912],[67.10651,25.26272],[67.11018,25.26714],[67.11066,25.27177],[67.11023,25.27551],[67.11105,25.27957],[67.11369,25.28656],[67.12089,25.30002],[67.12609,25.30622],[67.13229,25.31173],[67.13696,25.31473],[67.13781,25.31524],[67.13581,25.31636],[67.13462,25.31691],[67.1358,25.32904],[67.13546,25.3364],[67.13561,25.34455],[67.1383,25.35092],[67.13906,25.35732],[67.14236,25.36251],[67.15351,25.37515],[67.15884,25.38497],[67.16224,25.39541],[67.16076,25.41874],[67.16035,25.43156],[67.16064,25.4467],[67.16332,25.45249],[67.17313,25.46166],[67.18816,25.47483],[67.19314,25.48635],[67.2011,25.49963],[67.20957,25.50532],[67.21928,25.50866],[67.23158,25.51371],[67.24399,25.52341],[67.24996,25.53264],[67.25533,25.54421],[67.25549,25.55237],[67.2563,25.56051],[67.25705,25.56574],[67.26292,25.56973],[67.28042,25.57643],[67.29212,25.58265],[67.30003,25.59184],[67.31136,25.61089],[67.31613,25.62421],[67.32097,25.64045],[67.32115,25.64919],[67.32668,25.66776],[67.33291,25.68863],[67.33373,25.69737],[67.33714,25.70605],[67.34668,25.72389],[67.35797,25.74002],[67.36857,25.75383],[67.37983,25.76822],[67.39299,25.78081],[67.4021,25.79137],[67.40291,25.7923],[67.41099,25.80849],[67.41314,25.81836],[67.41464,25.82825],[67.41103,25.84056],[67.40494,25.85699],[67.40131,25.86813],[67.39957,25.87749],[67.39904,25.88275],[67.40244,25.89086],[67.40411,25.90833],[67.40383,25.92583],[67.40559,25.94617],[67.40529,25.9625],[67.40977,25.99042],[67.41344,26.01077],[67.41557,26.01948],[67.41718,26.03462],[67.4193,26.04275],[67.42677,26.05954],[67.42756,26.06594],[67.42642,26.07296],[67.42204,26.08004],[67.41315,26.08719],[67.40635,26.1019],[67.39822,26.11488],[67.39392,26.12545],[67.39082,26.13193],[67.38768,26.13606],[67.37811,26.14265],[67.37235,26.14566],[67.36463,26.14755],[67.3595,26.14997],[67.3545,26.15822],[67.35077,26.16529],[67.34567,26.17873],[67.34334,26.19102],[67.33787,26.20804],[67.32844,26.22162],[67.32163,26.2369],[67.30798,26.26631],[67.29609,26.28635],[67.28732,26.30167],[67.28047,26.3152],[67.27303,26.33167],[67.26556,26.34696],[67.25674,26.35995],[67.24606,26.37704],[67.23729,26.39295],[67.22516,26.41471],[67.21375,26.42832],[67.20749,26.44009],[67.2037,26.44599],[67.19797,26.45133],[67.18964,26.4573],[67.18264,26.46441],[67.17758,26.4715],[67.17331,26.48557],[67.16344,26.51316],[67.15784,26.52609],[67.15108,26.54605],[67.14381,26.5736],[67.13844,26.59937],[67.13103,26.61992],[67.12872,26.63572],[67.12379,26.6531],[67.13308,26.66325],[67.13297,26.67209],[67.13023,26.69039],[67.1265,26.71967],[67.12647,26.73831],[67.13029,26.74417],[67.13411,26.74918],[67.13985,26.75755],[67.1446,26.76255],[67.14655,26.76843],[67.14479,26.77855],[67.13968,26.82239],[67.13712,26.84431],[67.13377,26.87803],[67.13358,26.91552],[67.13338,26.94035],[67.13727,26.93849],[67.13928,26.9462],[67.14313,26.95291],[67.14597,26.95636],[67.14127,26.97462],[67.13891,26.98438],[67.1389,26.98995],[67.13889,26.99623],[67.1451,27.01227],[67.15363,27.04156],[67.16061,27.06596],[67.15822,27.09454],[67.15662,27.11964],[67.15189,27.15589],[67.14417,27.19753],[67.13395,27.24075],[67.12686,27.27003],[67.12605,27.28607],[67.12604,27.29583],[67.12991,27.31397],[67.13138,27.31673],[67.13692,27.32723],[67.14863,27.34119],[67.16112,27.35446],[67.16431,27.37046],[67.1674,27.40325],[67.17516,27.4472],[67.17746,27.48696],[67.17795,27.4911],[67.18288,27.5323],[67.18679,27.53998],[67.19462,27.54627],[67.2048,27.55325],[67.22047,27.56303],[67.22908,27.5749],[67.23611,27.59443],[67.24326,27.62288],[67.24873,27.64799],[67.25421,27.65846],[67.2699,27.67172],[67.2964,27.69024],[67.30992,27.69894],[67.33739,27.72545],[67.34112,27.7317],[67.35154,27.74917],[67.35705,27.768],[67.35471,27.79592],[67.36045,27.81533],[67.37226,27.84185],[67.38486,27.86487],[67.39275,27.88999],[67.39424,27.90968],[67.40428,27.90994],[67.40914,27.90803],[67.41185,27.90517],[67.41293,27.90182],[67.41456,27.89847],[67.41618,27.89513],[67.41997,27.89274],[67.4259,27.89275],[67.43884,27.89421],[67.4507,27.89614],[67.46796,27.89856],[67.48306,27.9005],[67.4933,27.90147],[67.50624,27.90292],[67.51865,27.90485],[67.5332,27.90677],[67.5386,27.90582],[67.54453,27.90295],[67.54939,27.90152],[67.55209,27.902],[67.55586,27.90679],[67.56071,27.91062],[67.56826,27.91446],[67.5768,27.91807],[67.57958,27.91925],[67.59469,27.92213],[67.61357,27.92548],[67.63461,27.92884],[67.64756,27.93123],[67.65673,27.93266],[67.66267,27.93314],[67.67068,27.93424],[67.68085,27.93516],[67.69297,27.93642],[67.70487,27.93786],[67.71015,27.93791],[67.72158,27.93991],[67.73203,27.94096],[67.74351,27.94295],[67.75185,27.94452],[67.76083,27.94574],[67.76501,27.94579],[67.76858,27.94527],[67.76985,27.94417],[67.7709,27.94362],[67.77259,27.94272],[67.77489,27.9433],[67.77759,27.94426],[67.78008,27.94596],[67.78194,27.94783],[67.78526,27.94954],[67.78857,27.95162],[67.78918,27.95348],[67.78913,27.95663],[67.78967,27.96313],[67.79044,27.96815],[67.79207,27.97133],[67.79437,27.97616],[67.79721,27.97788],[67.80074,27.98015],[67.80676,27.98337],[67.81239,27.98547],[67.81799,27.98674],[67.82822,27.98796],[67.8391,27.98827],[67.84704,27.98965],[67.85476,27.99121],[67.86058,27.99462],[67.8639,27.99706],[67.86572,27.99799],[67.86639,27.99839],[67.86889,27.99916],[67.87725,28.00017],[67.88249,28.00004],[67.88982,27.99956],[67.89445,27.99812],[67.91296,27.9943],[67.91437,27.99627],[67.91635,27.99862],[67.91775,28.00147],[67.91892,28.00422],[67.92066,28.00687],[67.92264,28.00943],[67.9257,28.01382],[67.93017,28.02046],[67.93569,28.03034],[67.94018,28.03818],[67.9419,28.04144],[67.94286,28.04377],[67.94418,28.04521],[67.94826,28.04993],[67.95131,28.05482],[67.9557,28.06055],[67.95978,28.06517],[67.96442,28.0696],[67.96968,28.07273],[67.97472,28.07525],[67.98507,28.07898],[67.98766,28.07994],[67.99243,28.08171],[67.99981,28.08442],[68.00937,28.08795],[68.0142,28.09006],[68.01778,28.09205],[68.01802,28.09228],[68.01967,28.0939],[68.02311,28.09679],[68.02969,28.10176],[68.04071,28.11044],[68.05415,28.12087],[68.06513,28.12974],[68.07378,28.13672],[68.08345,28.14391],[68.0901,28.1493],[68.09682,28.15475],[68.10871,28.16405],[68.11785,28.17128],[68.12778,28.17902],[68.14027,28.18863],[68.15439,28.19966],[68.16007,28.2043],[68.16888,28.21132],[68.17469,28.21586],[68.18303,28.2223],[68.18529,28.22432],[68.19009,28.22803],[68.19656,28.23329],[68.20338,28.23836],[68.20535,28.23981],[68.2077,28.24115],[68.209,28.24252],[68.21234,28.24348],[68.22508,28.24722],[68.23523,28.25016],[68.24761,28.25366],[68.25963,28.25682],[68.27138,28.26052],[68.28289,28.264],[68.28836,28.26557],[68.29379,28.26713],[68.30515,28.27017],[68.31123,28.2718],[68.32237,28.27504],[68.32351,28.27538],[68.33784,28.27971],[68.34665,28.2819],[68.35037,28.28287],[68.35344,28.28482],[68.35612,28.2872],[68.35912,28.29103],[68.36349,28.29996],[68.3681,28.30989],[68.36997,28.31414],[68.37274,28.32015],[68.37444,28.32385],[68.37873,28.33279],[68.38233,28.34027],[68.38872,28.35354],[68.38939,28.35499],[68.39366,28.36415],[68.39907,28.37576],[68.40176,28.38223],[68.4038,28.38539],[68.40523,28.38762],[68.40913,28.39124],[68.41286,28.3945],[68.42304,28.40147],[68.43421,28.40901],[68.4482,28.41861],[68.4585,28.42569],[68.46463,28.43013],[68.4671,28.43118],[68.47069,28.43147],[68.47919,28.43166],[68.49133,28.43137],[68.50371,28.43164],[68.50466,28.43163],[68.51784,28.4314],[68.52253,28.4313],[68.52674,28.43129],[68.53756,28.43153],[68.55505,28.43131],[68.57511,28.4308],[68.58866,28.43085],[68.60909,28.43052],[68.62975,28.43046],[68.63801,28.43054],[68.64521,28.43068],[68.66599,28.43042],[68.67775,28.4303],[68.69555,28.42997],[68.70855,28.43001],[68.72275,28.4302],[68.72421,28.43022],[68.73032,28.43014],[68.7462,28.42995],[68.75715,28.42981],[68.76964,28.43003],[68.78407,28.43069],[68.79764,28.43138],[68.81354,28.43109],[68.82633,28.43076],[68.83124,28.43074],[68.8339,28.43072],[68.83559,28.43072],[68.83953,28.4307],[68.84885,28.43065],[68.85847,28.43123],[68.86973,28.43181],[68.88446,28.432],[68.89153,28.43196],[68.8995,28.43147],[68.90727,28.43097],[68.91314,28.43045],[68.92007,28.43022],[68.92949,28.42945],[68.94612,28.43001],[68.96402,28.43054],[68.98676,28.4312],[68.99122,28.43121],[69.00129,28.43122],[69.00972,28.43186],[69.01814,28.43231],[69.0371,28.43338],[69.05522,28.43446],[69.06615,28.4347],[69.06918,28.43508],[69.07163,28.43538],[69.08155,28.43656],[69.08746,28.43722],[69.09525,28.4375],[69.10431,28.43812],[69.11655,28.43983],[69.1275,28.44061],[69.12801,28.44062],[69.14414,28.44095],[69.16289,28.44163],[69.1749,28.44259],[69.18793,28.44351],[69.1953,28.44378],[69.20499,28.4442],[69.21511,28.44462],[69.217,28.4446],[69.2309,28.44459],[69.24606,28.44456],[69.25616,28.44516],[69.26418,28.44562],[69.27507,28.44626],[69.28485,28.44613],[69.29437,28.44601],[69.31587,28.44618],[69.32255,28.44617],[69.3447,28.44612],[69.36376,28.44564],[69.35325,28.46646],[69.34797,28.48385],[69.34463,28.49355],[69.34039,28.50122],[69.33841,28.51215],[69.33275,28.52305],[69.32756,28.53314],[69.32132,28.54355],[69.32194,28.54961],[69.32469,28.55491],[69.33279,28.55837],[69.34405,28.56407],[69.35776,28.5711],[69.37243,28.5753],[69.3866,28.58275],[69.39805,28.58651],[69.41135,28.59029],[69.42092,28.59768],[69.4295,28.61156],[69.43941,28.62869],[69.45118,28.64584],[69.46248,28.66421],[69.46928,28.6736],[69.4844,28.7019],[69.48711,28.70615],[69.49574,28.71799],[69.50391,28.72861],[69.51388,28.74371],[69.52431,28.75882],[69.53291,28.77309],[69.53555,28.78448],[69.53776,28.79342],[69.53767,28.80113],[69.5353,28.80761],[69.53198,28.81529],[69.52541,28.82573],[69.52167,28.83057],[69.51795,28.83297],[69.51192,28.83657],[69.50405,28.83813],[69.4962,28.83927],[69.49065,28.84004],[69.48648,28.84162],[69.4846,28.84445],[69.48318,28.84849],[69.48314,28.85174],[69.48308,28.85661],[69.48761,28.86395],[69.48801,28.86964],[69.48878,28.88223],[69.48873,28.88669],[69.4896,28.89157],[69.49277,28.89647],[69.50008,28.90302],[69.50742,28.90796],[69.51431,28.91126],[69.52303,28.9158],[69.52991,28.91992],[69.53587,28.92363],[69.54182,28.92855],[69.5459,28.93548],[69.54952,28.94241],[69.55222,28.94933],[69.55542,28.9518],[69.55911,28.95264],[69.56557,28.95269],[69.57434,28.95398],[69.5812,28.96012],[69.58636,28.97063],[69.58858,28.97836],[69.59082,28.98609],[69.59396,28.99424],[69.59853,29.00036],[69.60493,29.0065],[69.6089,29.01151],[69.61357,29.02037],[69.61768,29.02527],[69.62363,29.03141],[69.62822,29.0351],[69.63416,29.04245],[69.63917,29.04979],[69.64281,29.05591],[69.64691,29.06121],[69.65057,29.06571],[69.65609,29.069],[69.66484,29.07272],[69.67498,29.07604],[69.6856,29.07855],[69.69342,29.08267],[69.70218,29.08638],[69.70631,29.08966],[69.70812,29.09332],[69.70992,29.09902],[69.71091,29.10711],[69.71268,29.11564],[69.7168,29.12176],[69.72411,29.13115],[69.73003,29.14215],[69.7346,29.14989],[69.73962,29.15723],[69.74509,29.1662],[69.75012,29.17395],[69.75191,29.18045],[69.75233,29.18573],[69.75045,29.18897],[69.74812,29.19179],[69.74622,29.19584],[69.74339,29.20313],[69.74239,29.21124],[69.74365,29.22465],[69.74402,29.23642],[69.74718,29.24456],[69.75175,29.25231],[69.76077,29.26852],[69.76717,29.27749],[69.76897,29.2844],[69.76843,29.29333],[69.76654,29.29778],[69.76375,29.29858],[69.75818,29.29935],[69.75217,29.2981],[69.7457,29.29521],[69.73647,29.29028],[69.72865,29.28332],[69.72083,29.27677],[69.71255,29.27062],[69.70472,29.26529],[69.70104,29.26161],[69.69875,29.25957],[69.69505,29.25792],[69.69042,29.25747],[69.68671,29.25867],[69.68436,29.26109],[69.68247,29.26513],[69.68241,29.27122],[69.68279,29.28097],[69.68223,29.29111],[69.67707,29.29716],[69.67142,29.30524],[69.66724,29.30724],[69.66212,29.30883],[69.65331,29.30876],[69.64404,29.30869],[69.6403,29.3111],[69.63981,29.31434],[69.63883,29.31921],[69.64202,29.32532],[69.64568,29.32981],[69.65119,29.33554],[69.6604,29.34292],[69.66637,29.34946],[69.66909,29.35557],[69.66763,29.36246],[69.65975,29.37887],[69.65582,29.38389],[69.65253,29.38914],[69.64117,29.40238],[69.62758,29.41487],[69.61964,29.42049],[69.61496,29.4233],[69.60985,29.42407],[69.60567,29.42403],[69.60059,29.42115],[69.59554,29.41624],[69.58909,29.41132],[69.58403,29.40722],[69.57663,29.40431],[69.57153,29.40387],[69.56687,29.40586],[69.56451,29.40909],[69.5626,29.41475],[69.56249,29.4245],[69.56284,29.43587],[69.56313,29.4509],[69.56351,29.45861],[69.56575,29.46716],[69.56952,29.47553],[69.57439,29.48388],[69.57991,29.4892],[69.58634,29.49615],[69.59184,29.50391],[69.59455,29.51084],[69.59805,29.53106],[69.59784,29.55177],[69.59771,29.56436],[69.59895,29.57939],[69.60333,29.59678],[69.60006,29.60868],[69.5926,29.61872],[69.59147,29.62605],[69.59663,29.63527],[69.60292,29.63715],[69.61131,29.63906],[69.61866,29.64003],[69.62586,29.65569],[69.6289,29.66872],[69.63515,29.67411],[69.64034,29.68058],[69.646,29.68526],[69.65496,29.6917],[69.66648,29.69729],[69.67698,29.70012],[69.69062,29.70389],[69.69688,29.71036],[69.70422,29.71225],[69.7221,29.71421],[69.73258,29.71887],[69.73988,29.72718],[69.74612,29.73548],[69.7534,29.74563],[69.76071,29.7521],[69.76909,29.75766],[69.77536,29.76229],[69.78271,29.76418],[69.789,29.76881],[69.79419,29.77802],[69.80249,29.79276],[69.81183,29.81025],[69.81387,29.81761],[69.8358,29.86147],[69.85596,29.87616],[69.87768,29.89879],[69.89251,29.91481],[69.91102,29.96245],[69.91866,29.98862],[69.92247,30.00171],[69.93914,30.03275],[69.9407,30.03596],[69.94317,30.03889],[69.94657,30.04289],[69.95614,30.04848],[69.96231,30.053],[69.96633,30.05727],[69.96943,30.061],[69.97253,30.06634],[69.97655,30.07114],[69.97966,30.07675],[69.98184,30.08289],[69.98531,30.09163],[69.98657,30.09778],[69.98754,30.10607],[69.98604,30.11463],[69.98484,30.12132],[69.98489,30.13149],[69.98554,30.13951],[69.98742,30.14592],[69.99146,30.15313],[69.99428,30.16248],[69.99648,30.17237],[69.99713,30.17901],[69.999,30.18248],[70.00272,30.18568],[70.00549,30.18674],[70.01043,30.18699],[70.01321,30.18805],[70.01506,30.18991],[70.01633,30.19552],[70.01608,30.20622],[70.01734,30.21291],[70.0189,30.21638],[70.02076,30.21931],[70.02417,30.22197],[70.03034,30.22355],[70.0362,30.22407],[70.04269,30.22511],[70.04763,30.22669],[70.05165,30.22989],[70.06408,30.24562],[70.07247,30.25735],[70.0762,30.26242],[70.07621,30.26456],[70.0753,30.26724],[70.07234,30.27128],[70.0667,30.27316],[70.05992,30.27506],[70.05622,30.27508],[70.04604,30.27512],[70.03987,30.27514],[70.03525,30.27596],[70.03062,30.27678],[70.02168,30.27736],[70.01797,30.27737],[70.01242,30.27739],[70.00717,30.27527],[70.00346,30.27341],[70.00036,30.27021],[69.9957,30.26328],[69.99134,30.2566],[69.98763,30.25341],[69.98237,30.25075],[69.97806,30.25103],[69.97282,30.25346],[69.97099,30.25828],[69.97132,30.26256],[69.97375,30.26678],[69.97842,30.27399],[69.98185,30.2828],[69.98406,30.29376],[69.98409,30.29992],[69.98318,30.30233],[69.98133,30.30233],[69.97793,30.30128],[69.97453,30.29888],[69.9708,30.29542],[69.96647,30.29249],[69.96308,30.29304],[69.96062,30.29385],[69.95909,30.29786],[69.95912,30.30455],[69.95979,30.31739],[69.96117,30.32264],[69.96478,30.3278],[69.96912,30.33341],[69.97286,30.34062],[69.97443,30.34676],[69.97693,30.35157],[69.98036,30.35768],[69.98877,30.37263],[69.99345,30.38118],[69.99503,30.38893],[69.99661,30.39828],[69.99698,30.40952],[69.99614,30.42691],[69.99649,30.43654],[69.99777,30.44563],[70.00038,30.45176],[70.00195,30.45657],[70.00475,30.46058],[70.01872,30.47229],[70.02867,30.48349],[70.03894,30.49549],[70.04395,30.5051],[70.04833,30.51685],[70.05521,30.52913],[70.06494,30.54726],[70.06902,30.55634],[70.07778,30.57369],[70.08563,30.59292],[70.09258,30.6159],[70.09483,30.62873],[70.09489,30.64182],[70.0937,30.64985],[70.09222,30.66056],[70.08948,30.66833],[70.08705,30.67744],[70.08648,30.6852],[70.08714,30.69296],[70.08872,30.6975],[70.09184,30.70043],[70.09558,30.70389],[70.09839,30.70762],[70.10027,30.71216],[70.10093,30.71804],[70.10223,30.72767],[70.10349,30.73221],[70.106,30.73568],[70.1088,30.73781],[70.11191,30.73913],[70.11563,30.73938],[70.12392,30.7385],[70.1264,30.73849],[70.13104,30.73739],[70.14127,30.73574],[70.14933,30.73597],[70.15305,30.73595],[70.15616,30.73727],[70.15865,30.73993],[70.15992,30.74341],[70.15996,30.74929],[70.16127,30.75999],[70.16319,30.76827],[70.1657,30.77227],[70.16819,30.77467],[70.17068,30.77626],[70.1769,30.77677],[70.19209,30.77669],[70.2011,30.77771],[70.20669,30.77929],[70.20981,30.78141],[70.21262,30.78514],[70.21577,30.79021],[70.21867,30.80517],[70.22079,30.82789],[70.2224,30.83725],[70.22398,30.84045],[70.2268,30.84311],[70.23238,30.84335],[70.25784,30.8432],[70.26436,30.8437],[70.26717,30.84529],[70.26971,30.85277],[70.2707,30.85999],[70.2695,30.86534],[70.26734,30.8675],[70.26054,30.87021],[70.25558,30.87238],[70.25345,30.87748],[70.25256,30.88283],[70.25417,30.89058],[70.2583,30.90314],[70.26249,30.92075],[70.26376,30.92529],[70.26547,30.94481],[70.26562,30.96461],[70.26519,30.98762],[70.26466,30.99994],[70.26506,31.00818],[70.26608,31.01914],[70.26837,31.03385],[70.26997,31.04026],[70.27376,31.04612],[70.28257,31.05918],[70.28764,31.06959],[70.29147,31.08134],[70.29438,31.09524],[70.29478,31.10486],[70.29398,31.12119],[70.29229,31.14261],[70.29239,31.15491],[70.29274,31.15946],[70.28751,31.1655],[70.26737,31.18876],[70.26248,31.20112],[70.26846,31.2066],[70.27025,31.2134],[70.26679,31.21724],[70.26186,31.2205],[70.25766,31.22374],[70.25712,31.2281],[70.25725,31.23121],[70.25885,31.23489],[70.26337,31.23909],[70.27007,31.24324],[70.2718,31.25002],[70.27203,31.2556],[70.27018,31.26312],[70.26786,31.27686],[70.26806,31.2986],[70.26582,31.31421],[70.26634,31.32662],[70.2685,31.34333],[70.2733,31.37115],[70.276,31.38349],[70.27863,31.39753],[70.27862,31.41431],[70.27646,31.43177],[70.27199,31.44621],[70.26749,31.46002],[70.26527,31.47624],[70.2619,31.49934],[70.26211,31.50431],[70.26079,31.50746],[70.25719,31.50819],[70.25211,31.50835],[70.24559,31.50855],[70.24103,31.50372],[70.23647,31.49889],[70.22888,31.49104],[70.22357,31.48561],[70.21324,31.48158],[70.20361,31.4769],[70.19766,31.47335],[70.19241,31.46917],[70.18783,31.46371],[70.18324,31.45826],[70.18009,31.45214],[70.17401,31.44549],[70.17104,31.44372],[70.16739,31.4432],[70.16159,31.44338],[70.1543,31.44236],[70.15274,31.43992],[70.15189,31.43684],[70.14959,31.4338],[70.14524,31.43393],[70.14234,31.43402],[70.13663,31.43605],[70.13365,31.43428],[70.1321,31.43184],[70.13125,31.42876],[70.12902,31.42758],[70.1247,31.42833],[70.12188,31.43028],[70.11841,31.43411],[70.11784,31.43786],[70.11587,31.44289],[70.11385,31.44668],[70.11095,31.44677],[70.1009,31.44955],[70.098,31.44964],[70.0958,31.44908],[70.09498,31.44662],[70.09475,31.44103],[70.09727,31.43164],[70.09767,31.42355],[70.09737,31.4161],[70.09505,31.41244],[70.0906,31.41009],[70.08105,31.40726],[70.07874,31.4036],[70.07856,31.39926],[70.07756,31.39245],[70.07526,31.38941],[70.07304,31.38824],[70.0694,31.38772],[70.06701,31.3881],[70.05831,31.38948],[70.05714,31.38958],[70.05309,31.39551],[70.05242,31.39835],[70.05042,31.40697],[70.04697,31.42383],[70.0443,31.43497],[70.04385,31.44229],[70.03819,31.45532],[70.03214,31.47185],[70.03022,31.48013],[70.02308,31.49188],[70.02078,31.50142],[70.01814,31.5081],[70.01514,31.51159],[70.00992,31.51284],[69.9913,31.51402],[69.97828,31.51395],[69.97121,31.51455],[69.96524,31.51643],[69.96149,31.52024],[69.95549,31.52594],[69.94726,31.53195],[69.94274,31.53925],[69.93971,31.5456],[69.93967,31.55102],[69.94038,31.55739],[69.94366,31.56633],[69.94372,31.56789],[69.94456,31.58701],[69.94551,31.60899],[69.94531,31.63638],[69.94669,31.65136],[69.94951,31.67399],[69.95009,31.69693],[69.95069,31.71606],[69.95136,31.72594],[69.95093,31.73454],[69.94976,31.7409],[69.94936,31.74536],[69.94708,31.75044],[69.94667,31.75554],[69.94662,31.76286],[69.94843,31.7702],[69.95177,31.77213],[69.95586,31.77565],[69.95768,31.78139],[69.95766,31.78426],[69.9569,31.78617],[69.9539,31.7887],[69.94902,31.79186],[69.94676,31.79471],[69.94524,31.79885],[69.94292,31.80903],[69.93976,31.83258],[69.93893,31.84341],[69.93925,31.84974],[69.93997,31.85356],[69.94182,31.85612],[69.94479,31.859],[69.94924,31.86285],[69.9537,31.86574],[69.95592,31.86894],[69.95703,31.87086],[69.95702,31.87277],[69.95586,31.8769],[69.95435,31.88008],[69.95433,31.88263],[69.9543,31.88645],[69.95645,31.89451],[69.95685,31.89634],[69.95978,31.90463],[69.96157,31.91515],[69.9634,31.92058],[69.96336,31.92567],[69.96333,31.93173],[69.96331,31.9331],[69.96329,31.93682],[69.95954,31.93744],[69.95393,31.93741],[69.94572,31.93609],[69.939,31.93415],[69.93565,31.9319],[69.93194,31.92933],[69.92602,31.92102],[69.92158,31.91462],[69.91639,31.90886],[69.91232,31.90374],[69.9075,31.89798],[69.90232,31.89126],[69.89899,31.88838],[69.89339,31.88675],[69.8878,31.88513],[69.88258,31.88414],[69.87696,31.88538],[69.87096,31.88885],[69.8672,31.89169],[69.86256,31.8921],[69.85583,31.89206],[69.8547,31.89364],[69.85313,31.9016],[69.85308,31.90765],[69.85259,31.92134],[69.85332,31.92485],[69.85738,31.93029],[69.86256,31.93637],[69.8685,31.94214],[69.87292,31.95045],[69.87549,31.9562],[69.87694,31.96226],[69.87877,31.96673],[69.88136,31.96961],[69.88283,31.9744],[69.8828,31.97822],[69.88052,31.98171],[69.87527,31.98359],[69.86401,31.98798],[69.85651,31.99017],[69.84525,31.99456],[69.82647,32.00368],[69.82006,32.00905],[69.81291,32.01347],[69.80602,32.01847],[69.80037,32.02257],[69.79998,32.02416],[69.79997,32.02543],[69.80295,32.02705],[69.80705,32.02866],[69.81412,32.03381],[69.81746,32.03669],[69.81818,32.0402],[69.81929,32.04212],[69.823,32.04565],[69.82742,32.05364],[69.83477,32.06961],[69.84066,32.08207],[69.84511,32.0872],[69.85255,32.09361],[69.854,32.09808]]],[[[63.86261,25.11428],[63.87694,25.11926],[63.88039,25.12304],[63.87879,25.12677],[63.87411,25.12924],[63.86732,25.12949],[63.84175,25.12102],[63.84087,25.1183],[63.84398,25.11451],[63.85069,25.11242],[63.86261,25.11428]]],[[[64.10732,25.41718],[64.1245,25.42271],[64.12115,25.42652],[64.1084,25.42954],[64.10378,25.42788],[64.09293,25.4175],[64.08501,25.41574],[64.06715,25.41735],[64.06505,25.41559],[64.07168,25.41143],[64.08338,25.40776],[64.09048,25.40841],[64.10732,25.41718]]],[[[66.42353,25.52556],[66.42179,25.52821],[66.4149,25.53274],[66.41267,25.536],[66.42077,25.54467],[66.42155,25.54763],[66.41994,25.55216],[66.41631,25.55578],[66.40976,25.55803],[66.40056,25.55307],[66.39532,25.55202],[66.39361,25.54924],[66.39339,25.54421],[66.39669,25.53787],[66.40271,25.53246],[66.42255,25.52197],[66.42353,25.52556]]],[[[66.35378,25.55391],[66.35164,25.55989],[66.34776,25.56391],[66.34386,25.56355],[66.3428,25.56183],[66.34859,25.55621],[66.34948,25.55228],[66.35279,25.55053],[66.35378,25.55391]]],[[[66.38414,25.5545],[66.38729,25.56549],[66.38416,25.5685],[66.38074,25.56753],[66.37981,25.56311],[66.38143,25.55335],[66.38414,25.5545]]],[[[66.1936,25.5522],[66.19382,25.5568],[66.19723,25.56238],[66.20431,25.5681],[66.20618,25.57194],[66.2052,25.57316],[66.19693,25.56822],[66.189,25.5612],[66.16708,25.54838],[66.16336,25.54446],[66.1624,25.54066],[66.16501,25.5391],[66.16981,25.53993],[66.17676,25.54356],[66.17889,25.54239],[66.17949,25.54149],[66.18063,25.53975],[66.17986,25.5324],[66.18365,25.53005],[66.19549,25.53284],[66.19756,25.53731],[66.1936,25.5522]]],[[[66.38171,25.58074],[66.37531,25.58466],[66.3709,25.58992],[66.36942,25.58735],[66.37883,25.57853],[66.38171,25.58074]]],[[[66.36145,25.58536],[66.35425,25.59134],[66.35098,25.59225],[66.34998,25.58908],[66.35622,25.5841],[66.36086,25.58345],[66.36145,25.58536]]]]}},{"type":"Feature","properties":{"adm1_name":"Gilgit Baltistan","adm1_name1":null,"adm1_name2":null,"adm1_name3":null,"adm1_pcode":"PK3","adm0_name":"Pakistan","adm0_name1":null,"adm0_name2":null,"adm0_name3":null,"adm0_pcode":"PK","valid_on":"2022-09-09","valid_to":null,"area_sqkm":69767.33303181,"cod_version":"V_01","lang":"en","lang1":null,"lang2":null,"lang3":null,"adm1_ref_name":"Gilgit Baltistan","center_lat":35.80287376,"center_lon":74.84463558,"pop_2023":1492924,"pop_density":21.4},"geometry":{"type":"Polygon","coordinates":[[[74.75373,37.02594],[74.74148,37.02727],[74.73633,37.02829],[74.73187,37.03197],[74.7265,37.03732],[74.72113,37.0441],[74.71754,37.04981],[74.72063,37.06018],[74.71837,37.06553],[74.71257,37.06873],[74.70853,37.07623],[74.70626,37.0848],[74.69955,37.08942],[74.69019,37.08833],[74.68263,37.08366],[74.67171,37.07766],[74.65607,37.07423],[74.64514,37.07162],[74.63008,37.06707],[74.62608,37.06313],[74.6239,37.05419],[74.61813,37.04809],[74.61459,37.04415],[74.59901,37.03945],[74.57522,37.03426],[74.57162,37.03387],[74.57341,37.02167],[74.56891,36.98745],[74.56298,36.96418],[74.55843,36.96028],[74.55075,36.95967],[74.54149,36.96105],[74.53659,36.96517],[74.52832,36.99049],[74.52464,36.99331],[74.51736,36.99891],[74.49813,36.99956],[74.42787,36.99764],[74.42055,36.99612],[74.41345,36.98817],[74.40119,36.98043],[74.37986,36.97539],[74.37395,36.97399],[74.35409,36.9647],[74.33141,36.94424],[74.31084,36.92986],[74.26399,36.90445],[74.25482,36.90127],[74.25232,36.9004],[74.23638,36.89957],[74.21027,36.90762],[74.19062,36.91004],[74.16648,36.91152],[74.15204,36.90985],[74.14751,36.9057],[74.1412,36.89571],[74.13421,36.87157],[74.12743,36.8481],[74.11967,36.84172],[74.10973,36.84096],[74.09414,36.84633],[74.085,36.8463],[74.0789,36.84414],[74.05276,36.82872],[74.04525,36.82887],[74.03392,36.82909],[74.03114,36.82915],[74.02526,36.83298],[74.01418,36.83517],[74.00608,36.83677],[74.0,36.83402],[73.97968,36.83303],[73.9632,36.83751],[73.93554,36.86736],[73.91737,36.87619],[73.90833,36.88103],[73.89012,36.87881],[73.88381,36.87921],[73.87914,36.88547],[73.84658,36.89861],[73.82214,36.89763],[73.80796,36.89344],[73.80018,36.88969],[73.79436,36.89516],[73.79074,36.90134],[73.7846,36.90343],[73.77593,36.90144],[73.76331,36.90224],[73.74996,36.90649],[73.74024,36.90456],[73.73684,36.90222],[73.73352,36.90073],[73.7251,36.90127],[73.71386,36.90538],[73.70505,36.91273],[73.69347,36.91346],[73.66255,36.91116],[73.63955,36.90325],[73.66302,36.88825],[73.66858,36.8813],[73.66997,36.87713],[73.67242,36.87305],[73.67663,36.86603],[73.68274,36.85964],[73.68497,36.85574],[73.68794,36.85342],[73.69635,36.84686],[73.70661,36.84243],[73.71053,36.84074],[73.71896,36.83856],[73.73413,36.83463],[73.74107,36.83325],[73.74692,36.83325],[73.77469,36.8302],[73.78081,36.82881],[73.78197,36.82782],[73.7847,36.82548],[73.78636,36.82242],[73.7883,36.81825],[73.79054,36.80908],[73.79748,36.80325],[73.81749,36.8027],[73.82388,36.80131],[73.82835,36.79914],[73.83305,36.79687],[73.83952,36.79189],[73.84027,36.79131],[73.84957,36.77822],[73.85054,36.77686],[73.85359,36.77381],[73.85498,36.76936],[73.8611,36.7577],[73.8627,36.74992],[73.86304,36.74825],[73.86249,36.73325],[73.86217,36.73219],[73.86081,36.72768],[73.85805,36.72141],[73.8547,36.7138],[73.84792,36.70783],[73.84615,36.70702],[73.84305,36.70574],[73.83076,36.70548],[73.82527,36.70685],[73.816,36.71097],[73.81526,36.7113],[73.81259,36.71221],[73.79414,36.71851],[73.78137,36.72101],[73.76776,36.72129],[73.76026,36.72016],[73.75665,36.71961],[73.74262,36.71432],[73.73663,36.71323],[73.70692,36.72072],[73.70266,36.72031],[73.70108,36.72016],[73.69107,36.71711],[73.6882,36.71523],[73.68303,36.71183],[73.67941,36.70795],[73.67599,36.70648],[73.67552,36.70628],[73.67081,36.70433],[73.66749,36.70381],[73.66025,36.70266],[73.64343,36.70337],[73.63386,36.70377],[73.61687,36.70506],[73.60314,36.70609],[73.58609,36.70738],[73.58209,36.71089],[73.57915,36.71349],[73.56859,36.72737],[73.56302,36.72903],[73.55181,36.72878],[73.5508,36.72876],[73.52386,36.7232],[73.50443,36.72403],[73.49592,36.72502],[73.48303,36.72653],[73.47165,36.72853],[73.45776,36.73096],[73.44045,36.73975],[73.43858,36.7407],[73.43387,36.74236],[73.43163,36.74366],[73.42526,36.74737],[73.41778,36.74953],[73.41277,36.75098],[73.40721,36.75153],[73.38448,36.74917],[73.37776,36.74847],[73.37488,36.74886],[73.37137,36.74932],[73.3674,36.74855],[73.35553,36.74626],[73.34552,36.74293],[73.33359,36.73487],[73.33083,36.73423],[73.32886,36.73377],[73.32414,36.73127],[73.31914,36.73071],[73.31656,36.72965],[73.31441,36.72877],[73.30385,36.72655],[73.28514,36.72061],[73.27414,36.71712],[73.26886,36.71656],[73.26575,36.71579],[73.24774,36.7113],[73.23026,36.70963],[73.21654,36.71064],[73.20358,36.71159],[73.19919,36.71253],[73.19191,36.71409],[73.17282,36.72062],[73.16997,36.7216],[73.16528,36.72211],[73.1572,36.72298],[73.14192,36.71883],[73.11969,36.70273],[73.11525,36.70023],[73.1058,36.69662],[73.08441,36.6933],[73.07192,36.69218],[73.06607,36.69246],[73.06127,36.69115],[73.05997,36.6908],[73.05275,36.6858],[73.04997,36.68192],[73.04747,36.67108],[73.04772,36.66906],[73.04802,36.66665],[73.05136,36.65276],[73.05198,36.65158],[73.05746,36.6411],[73.05885,36.63693],[73.06615,36.62501],[73.07025,36.61832],[73.07303,36.60528],[73.07088,36.59988],[73.0583,36.58723],[73.05635,36.58279],[73.0533,36.57862],[73.05298,36.57759],[73.05025,36.5689],[73.04747,36.56474],[73.04274,36.55003],[73.03822,36.5405],[73.03552,36.53753],[73.02445,36.52876],[73.02081,36.52587],[73.00859,36.51838],[73.00278,36.51548],[73.00062,36.5144],[72.99135,36.50978],[72.97966,36.50633],[72.97163,36.50396],[72.96928,36.50222],[72.96414,36.4984],[72.96553,36.48897],[72.96526,36.47868],[72.96414,36.47619],[72.96303,36.47369],[72.96232,36.47316],[72.9597,36.47119],[72.95497,36.46925],[72.92914,36.47037],[72.91696,36.46883],[72.91164,36.46815],[72.91119,36.46805],[72.90692,36.46704],[72.89084,36.46009],[72.88831,36.459],[72.88387,36.45789],[72.87524,36.4529],[72.87221,36.44986],[72.86913,36.44678],[72.86691,36.44234],[72.86386,36.43207],[72.86297,36.42344],[72.86163,36.41041],[72.8558,36.38377],[72.8533,36.37876],[72.8527,36.37803],[72.8508,36.37571],[72.84663,36.37266],[72.83803,36.36822],[72.82886,36.36462],[72.80839,36.35453],[72.80746,36.35407],[72.80655,36.35337],[72.80025,36.34851],[72.7883,36.34129],[72.78566,36.33934],[72.7733,36.3302],[72.76231,36.324],[72.75998,36.32269],[72.7547,36.32214],[72.75068,36.3204],[72.74635,36.31853],[72.73924,36.31613],[72.72664,36.31187],[72.72173,36.30981],[72.71803,36.30826],[72.70914,36.30326],[72.70274,36.29566],[72.70026,36.29271],[72.69968,36.29157],[72.6983,36.28883],[72.69709,36.28762],[72.69469,36.28522],[72.69319,36.28224],[72.69273,36.28133],[72.68941,36.27828],[72.68636,36.27328],[72.67691,36.2644],[72.66331,36.2594],[72.65027,36.25912],[72.63944,36.26329],[72.61415,36.26717],[72.60537,36.26581],[72.59637,36.26441],[72.58467,36.25942],[72.58421,36.25922],[72.58333,36.25885],[72.56721,36.2483],[72.56109,36.24191],[72.5568,36.23646],[72.55277,36.23135],[72.5472,36.22302],[72.54656,36.22128],[72.54358,36.21304],[72.54274,36.20803],[72.54025,36.20248],[72.53941,36.1972],[72.53932,36.19601],[72.53884,36.19022],[72.53858,36.18693],[72.53893,36.18066],[72.53914,36.17693],[72.53951,36.17431],[72.53969,36.17304],[72.54077,36.17061],[72.54191,36.16805],[72.54278,36.16398],[72.54469,36.15499],[72.54412,36.14799],[72.54385,36.14471],[72.54225,36.1406],[72.53996,36.13472],[72.52867,36.11838],[72.52692,36.11584],[72.52248,36.10695],[72.52115,36.10135],[72.51859,36.09055],[72.52191,36.07223],[72.52418,36.06862],[72.52664,36.06472],[72.53803,36.05139],[72.54187,36.04865],[72.54581,36.04584],[72.55431,36.03802],[72.5594,36.03334],[72.56386,36.02583],[72.56554,36.02167],[72.56636,36.01611],[72.56694,36.01222],[72.56694,36.00751],[72.56456,36.0],[72.55721,35.98472],[72.54553,35.96971],[72.54095,35.96123],[72.53638,35.95278],[72.53499,35.94833],[72.52829,35.9366],[72.52499,35.93083],[72.52361,35.92694],[72.51582,35.91499],[72.51388,35.91055],[72.51277,35.90027],[72.51379,35.8994],[72.51447,35.89881],[72.5158,35.89768],[72.51666,35.89694],[72.52725,35.89416],[72.52832,35.89388],[72.52942,35.89335],[72.53345,35.89139],[72.53749,35.88943],[72.54915,35.8811],[72.55971,35.86666],[72.56109,35.86305],[72.56317,35.86051],[72.5636,35.85999],[72.56499,35.85555],[72.5657,35.85462],[72.57027,35.8486],[72.575,35.84582],[72.57834,35.84464],[72.57971,35.84415],[72.58192,35.84398],[72.58665,35.8436],[72.5991,35.84135],[72.61886,35.83777],[72.62769,35.83447],[72.64631,35.8275],[72.67082,35.81833],[72.67693,35.8175],[72.68858,35.8186],[72.71832,35.82833],[72.73245,35.83179],[72.73305,35.83194],[72.75471,35.83582],[72.75677,35.8368],[72.75999,35.83833],[72.76443,35.83888],[72.76506,35.83916],[72.7755,35.84383],[72.78594,35.84851],[72.7961,35.85305],[72.80698,35.85607],[72.8111,35.85722],[72.82216,35.85635],[72.82527,35.8561],[72.84164,35.85146],[72.84527,35.85042],[72.84776,35.84972],[72.89166,35.84138],[72.89804,35.84138],[72.91914,35.8386],[72.93858,35.8386],[72.94616,35.83706],[72.95637,35.83499],[72.96235,35.83466],[72.97638,35.83388],[72.98166,35.83527],[72.99332,35.83665],[72.99512,35.8374],[72.99803,35.8386],[73.00833,35.84083],[73.01754,35.84391],[73.02222,35.84638],[73.02805,35.84749],[73.03161,35.8488],[73.03638,35.85055],[73.0636,35.86277],[73.07471,35.86444],[73.08166,35.86361],[73.09248,35.86028],[73.10637,35.85333],[73.11804,35.84527],[73.12415,35.8386],[73.12436,35.8377],[73.12436,35.83769],[73.12497,35.8351],[73.12524,35.8337],[73.1247,35.82888],[73.12262,35.82129],[73.12053,35.81361],[73.12012,35.81072],[73.11971,35.80777],[73.11841,35.80519],[73.11748,35.80332],[73.11648,35.79886],[73.11499,35.79222],[73.11192,35.77083],[73.11173,35.76315],[73.11165,35.75999],[73.11304,35.755],[73.11304,35.75111],[73.1172,35.73833],[73.12025,35.73444],[73.12104,35.73208],[73.12164,35.73027],[73.1247,35.72638],[73.12608,35.72276],[73.13611,35.70889],[73.14638,35.6986],[73.14893,35.69664],[73.14989,35.69585],[73.15721,35.69027],[73.16138,35.68888],[73.17053,35.68361],[73.17157,35.68317],[73.18526,35.67749],[73.19336,35.67303],[73.19887,35.66999],[73.20853,35.66289],[73.21361,35.65916],[73.21723,35.65596],[73.22053,35.65305],[73.22276,35.64999],[73.23027,35.64388],[73.24892,35.63294],[73.2511,35.63166],[73.25556,35.62833],[73.27721,35.61666],[73.2811,35.61388],[73.28581,35.61166],[73.29193,35.61028],[73.2936,35.60909],[73.29582,35.6075],[73.32165,35.60361],[73.32413,35.60282],[73.32678,35.60198],[73.32777,35.60166],[73.33309,35.60106],[73.34749,35.59943],[73.35872,35.59575],[73.3636,35.59415],[73.37276,35.58971],[73.37607,35.58751],[73.38109,35.58416],[73.39401,35.57834],[73.39529,35.57777],[73.40749,35.57472],[73.41443,35.57333],[73.44301,35.57157],[73.47331,35.56972],[73.47583,35.56997],[73.47887,35.57028],[73.4887,35.56911],[73.49304,35.5686],[73.50539,35.56449],[73.51388,35.56166],[73.51482,35.56105],[73.5186,35.5586],[73.52642,35.55556],[73.5286,35.55471],[73.53472,35.55332],[73.5419,35.55317],[73.54748,35.55305],[73.55224,35.5535],[73.57083,35.55527],[73.57981,35.55361],[73.59554,35.5507],[73.59637,35.55055],[73.60793,35.54697],[73.61234,35.54642],[73.61986,35.54552],[73.63248,35.54388],[73.64415,35.54138],[73.64616,35.5403],[73.64927,35.53862],[73.65444,35.53583],[73.66026,35.53444],[73.66636,35.53364],[73.67304,35.53277],[73.68225,35.53264],[73.69331,35.5325],[73.70168,35.53181],[73.70694,35.53138],[73.71388,35.53221],[73.71971,35.5311],[73.72638,35.52972],[73.73109,35.52666],[73.74165,35.52222],[73.74748,35.5211],[73.75814,35.52052],[73.76776,35.51999],[73.76864,35.52039],[73.77048,35.52121],[73.77331,35.52249],[73.78027,35.52249],[73.78364,35.52015],[73.7884,35.51686],[73.79205,35.51433],[73.80678,35.50411],[73.80304,35.50305],[73.79082,35.48749],[73.78879,35.48353],[73.78554,35.48054],[73.78482,35.47939],[73.78055,35.47249],[73.77693,35.46888],[73.77672,35.46849],[73.77276,35.4611],[73.76917,35.45589],[73.76721,35.45305],[73.76524,35.45091],[73.76082,35.4461],[73.74887,35.43832],[73.73987,35.43505],[73.73054,35.43166],[73.72766,35.43027],[73.72192,35.42749],[73.7201,35.42566],[73.71499,35.42055],[73.71311,35.41679],[73.7124,35.41612],[73.70943,35.4136],[73.70526,35.40471],[73.70256,35.39659],[73.70193,35.39471],[73.69942,35.38388],[73.69942,35.3786],[73.6972,35.36277],[73.69914,35.33277],[73.69775,35.31194],[73.69887,35.30193],[73.7022,35.28964],[73.70248,35.2886],[73.70349,35.28608],[73.70385,35.28519],[73.71249,35.26361],[73.71666,35.24694],[73.71998,35.23833],[73.72137,35.22943],[73.72328,35.22564],[73.7236,35.22499],[73.72665,35.22138],[73.73054,35.21971],[73.74109,35.22305],[73.7464,35.22595],[73.75108,35.22851],[73.75278,35.22943],[73.75694,35.23277],[73.76471,35.23666],[73.76637,35.23718],[73.76999,35.23833],[73.7811,35.24055],[73.79387,35.23916],[73.80462,35.23613],[73.81387,35.2311],[73.81663,35.22881],[73.83194,35.2161],[73.83971,35.2111],[73.84482,35.2094],[73.84972,35.20777],[73.86249,35.2075],[73.86782,35.20856],[73.8736,35.20972],[73.8911,35.21166],[73.89288,35.21162],[73.90304,35.21138],[73.90939,35.21039],[73.91554,35.20943],[73.91629,35.20911],[73.93027,35.20305],[73.94386,35.1911],[73.95526,35.18333],[73.95676,35.18285],[73.95974,35.1819],[73.96748,35.17944],[73.97124,35.17902],[73.9947,35.17639],[74.00821,35.1695],[74.01004,35.16787],[74.01832,35.16027],[74.01971,35.15582],[74.02276,35.15277],[74.02777,35.14555],[74.03167,35.14332],[74.04498,35.14138],[74.04999,35.14194],[74.0616,35.14616],[74.07443,35.15082],[74.08028,35.1511],[74.09499,35.14527],[74.09715,35.14401],[74.1122,35.13527],[74.11341,35.13449],[74.12442,35.12749],[74.12743,35.12475],[74.11591,35.12306],[74.13843,35.10133],[74.1414,35.10024],[74.14224,35.0975],[74.1429,35.09449],[74.14279,35.09051],[74.1462,35.08992],[74.14912,35.0895],[74.15249,35.08834],[74.15514,35.08665],[74.15756,35.08427],[74.15967,35.08232],[74.16074,35.08042],[74.1647,35.08023],[74.16818,35.08049],[74.17179,35.08018],[74.17545,35.08057],[74.17726,35.08176],[74.17954,35.08222],[74.18253,35.08307],[74.18672,35.08358],[74.1899,35.08442],[74.19512,35.08503],[74.19855,35.08472],[74.20182,35.08442],[74.20396,35.08545],[74.20503,35.08824],[74.20504,35.0908],[74.20619,35.09245],[74.20729,35.09092],[74.21112,35.0888],[74.21384,35.0881],[74.21619,35.08714],[74.21626,35.08571],[74.21624,35.08302],[74.2158,35.0792],[74.21565,35.0748],[74.21586,35.07039],[74.21579,35.06698],[74.21885,35.06627],[74.22225,35.06553],[74.22708,35.06544],[74.23115,35.06667],[74.23427,35.06921],[74.23605,35.06998],[74.23795,35.06601],[74.23808,35.06293],[74.23739,35.0582],[74.2371,35.05445],[74.23763,35.05109],[74.23927,35.04876],[74.24324,35.04509],[74.24502,35.04222],[74.24857,35.03936],[74.25391,35.03902],[74.26009,35.03939],[74.26624,35.03988],[74.27035,35.04073],[74.27426,35.04173],[74.27959,35.04514],[74.28163,35.04692],[74.28382,35.04979],[74.28574,35.054],[74.28883,35.05954],[74.29125,35.06179],[74.29579,35.06607],[74.29949,35.06739],[74.30566,35.06662],[74.3158,35.06573],[74.32098,35.06378],[74.33127,35.06032],[74.33785,35.06097],[74.34151,35.06041],[74.35068,35.05898],[74.35767,35.05928],[74.36661,35.05913],[74.37508,35.06126],[74.37577,35.06269],[74.37965,35.06876],[74.38675,35.07637],[74.39082,35.08361],[74.39677,35.08775],[74.3987,35.09017],[74.40205,35.09396],[74.40495,35.09777],[74.40947,35.09971],[74.41358,35.10202],[74.41993,35.10495],[74.42492,35.10683],[74.4294,35.11036],[74.43019,35.11394],[74.43095,35.11733],[74.43172,35.11955],[74.43463,35.12578],[74.43598,35.12859],[74.43763,35.1312],[74.43947,35.13411],[74.4425,35.13466],[74.44641,35.13447],[74.44962,35.13439],[74.45194,35.13377],[74.4537,35.13151],[74.45522,35.12815],[74.45714,35.12368],[74.45931,35.11931],[74.46227,35.11506],[74.46635,35.1106],[74.4694,35.11029],[74.47451,35.11192],[74.47783,35.1127],[74.48188,35.11297],[74.48472,35.11236],[74.48714,35.11129],[74.48941,35.11086],[74.49079,35.10973],[74.49161,35.10952],[74.49435,35.10845],[74.49766,35.10655],[74.50114,35.10432],[74.50403,35.10181],[74.50681,35.10056],[74.50978,35.09915],[74.50797,35.09546],[74.50771,35.092],[74.5086,35.08848],[74.51102,35.08489],[74.51534,35.08104],[74.51913,35.07785],[74.52509,35.07579],[74.52929,35.0729],[74.53239,35.07085],[74.53466,35.06774],[74.53699,35.06557],[74.53748,35.06191],[74.53777,35.05796],[74.53761,35.05591],[74.53521,35.05462],[74.53298,35.05299],[74.53119,35.05101],[74.52995,35.04729],[74.52904,35.04276],[74.52837,35.03885],[74.52853,35.036],[74.53123,35.0335],[74.53413,35.0313],[74.53651,35.02976],[74.53786,35.02732],[74.53808,35.0251],[74.53986,35.02328],[74.54314,35.02106],[74.54665,35.01915],[74.54848,35.01795],[74.55103,35.01624],[74.55426,35.01323],[74.55804,35.01241],[74.56227,35.01267],[74.56363,35.01544],[74.56548,35.01708],[74.56788,35.01838],[74.57063,35.01918],[74.57255,35.01925],[74.57462,35.01867],[74.57544,35.01689],[74.57548,35.01484],[74.57634,35.01101],[74.57785,35.00809],[74.57988,35.00451],[74.58186,35.00294],[74.5835,35.00164],[74.58216,35.0001],[74.58059,34.99859],[74.57904,34.9971],[74.57668,34.9963],[74.57412,34.99505],[74.57219,34.9939],[74.57132,34.99183],[74.57185,34.98859],[74.57302,34.98454],[74.57278,34.98124],[74.57062,34.97804],[74.56757,34.97583],[74.56469,34.97314],[74.56487,34.97044],[74.56642,34.96815],[74.56726,34.96653],[74.56768,34.96446],[74.56599,34.9634],[74.56466,34.96256],[74.56275,34.96014],[74.56271,34.95698],[74.5657,34.95336],[74.56914,34.94979],[74.57269,34.94867],[74.5747,34.9473],[74.57355,34.94579],[74.57197,34.9437],[74.57042,34.94136],[74.57035,34.9379],[74.57033,34.93505],[74.56785,34.93266],[74.56481,34.93045],[74.56338,34.92926],[74.56644,34.9291],[74.56851,34.92868],[74.57055,34.92779],[74.57195,34.92598],[74.57177,34.92362],[74.57114,34.92034],[74.56956,34.91711],[74.56699,34.91345],[74.56576,34.90989],[74.56596,34.90751],[74.56795,34.90583],[74.57099,34.90494],[74.57188,34.90468],[74.57401,34.90364],[74.57922,34.90669],[74.58289,34.90911],[74.58566,34.91093],[74.59049,34.914],[74.59442,34.91661],[74.59999,34.91933],[74.60325,34.91932],[74.60645,34.91852],[74.60979,34.91724],[74.61317,34.91628],[74.617,34.91462],[74.61999,34.91352],[74.62446,34.91187],[74.62659,34.91099],[74.62962,34.90923],[74.6332,34.90842],[74.63493,34.90734],[74.63702,34.9057],[74.63918,34.90385],[74.64137,34.90294],[74.64515,34.9018],[74.64951,34.90126],[74.65353,34.90121],[74.65691,34.90277],[74.65916,34.90471],[74.66199,34.90661],[74.66416,34.90745],[74.66527,34.90439],[74.66624,34.90213],[74.66652,34.89817],[74.66917,34.89772],[74.67133,34.89603],[74.67336,34.89245],[74.67437,34.88814],[74.67506,34.88463],[74.67636,34.88157],[74.6774,34.88009],[74.68016,34.87868],[74.68175,34.87687],[74.68503,34.87465],[74.68743,34.87357],[74.69194,34.87492],[74.69561,34.87535],[74.69884,34.87503],[74.70007,34.87194],[74.70091,34.87015],[74.70184,34.8682],[74.70221,34.86579],[74.70251,34.8638],[74.70389,34.8594],[74.70567,34.85757],[74.70772,34.85683],[74.71095,34.85651],[74.7137,34.85747],[74.71741,34.8609],[74.72012,34.86124],[74.72277,34.86094],[74.72449,34.85857],[74.72623,34.85618],[74.7281,34.85276],[74.72822,34.85012],[74.72823,34.84759],[74.72588,34.8433],[74.72893,34.84193],[74.73267,34.84024],[74.73566,34.83854],[74.7373,34.83708],[74.7395,34.83512],[74.74258,34.8326],[74.7449,34.82996],[74.7473,34.82753],[74.74763,34.8272],[74.74995,34.82401],[74.75255,34.82147],[74.75556,34.81993],[74.75912,34.81794],[74.76185,34.81596],[74.76445,34.81287],[74.7654,34.80957],[74.76621,34.80616],[74.76633,34.80241],[74.76639,34.79858],[74.76659,34.79536],[74.76836,34.79118],[74.76958,34.78633],[74.77121,34.78215],[74.77271,34.77929],[74.77531,34.77697],[74.7764,34.77399],[74.77831,34.77058],[74.78008,34.76761],[74.78239,34.76397],[74.78554,34.76067],[74.78868,34.75791],[74.79142,34.75592],[74.79539,34.75416],[74.79949,34.75262],[74.82656,34.7265],[74.85677,34.68863],[74.86488,34.67993],[74.88982,34.68387],[74.89375,34.68449],[74.91051,34.68322],[74.92781,34.67831],[74.94672,34.66635],[74.9989,34.65027],[75.00365,34.64676],[75.01874,34.6415],[75.02992,34.64147],[75.0418,34.64143],[75.0508,34.64392],[75.0545,34.64662],[75.08473,34.65538],[75.10555,34.65566],[75.11121,34.65799],[75.1423,34.66241],[75.16466,34.66045],[75.1779,34.65732],[75.20508,34.64692],[75.20673,34.64629],[75.20735,34.64633],[75.20735,34.64633],[75.23576,34.64829],[75.24262,34.64781],[75.24971,34.64731],[75.25964,34.64409],[75.26606,34.63955],[75.26694,34.63454],[75.25808,34.6176],[75.26186,34.61088],[75.27915,34.60175],[75.3352,34.57213],[75.35055,34.56224],[75.37781,34.55242],[75.39497,34.54881],[75.41395,34.54734],[75.46494,34.54337],[75.47851,34.53936],[75.5061,34.53733],[75.51688,34.53779],[75.5212,34.53959],[75.5518,34.53814],[75.56463,34.53876],[75.59189,34.54006],[75.61556,34.53854],[75.64415,34.53354],[75.69231,34.52153],[75.71384,34.5184],[75.72923,34.51616],[75.74921,34.51583],[75.76878,34.52214],[75.79303,34.53392],[75.81048,34.54817],[75.82065,34.55891],[75.84218,34.57386],[75.88146,34.59074],[75.91193,34.60113],[75.91865,34.60483],[75.93221,34.62443],[75.94625,34.63118],[75.96771,34.63347],[75.98328,34.62941],[75.99184,34.62997],[76.00039,34.63581],[76.01437,34.65357],[76.01925,34.65822],[76.02543,34.6641],[76.03646,34.67027],[76.05502,34.67603],[76.07444,34.67631],[76.08582,34.67146],[76.09296,34.66656],[76.12192,34.64665],[76.13075,34.64352],[76.13909,34.64247],[76.15791,34.64341],[76.19279,34.65527],[76.19785,34.65913],[76.22738,34.67214],[76.2343,34.67309],[76.26006,34.68437],[76.27512,34.69364],[76.27569,34.69442],[76.2833,34.70151],[76.28995,34.71232],[76.30151,34.72444],[76.31614,34.73163],[76.33989,34.73432],[76.35074,34.7347],[76.38593,34.73596],[76.39415,34.7416],[76.40954,34.75217],[76.42762,34.76244],[76.43697,34.76438],[76.44829,34.77396],[76.4692,34.79167],[76.47434,34.79437],[76.47733,34.79399],[76.48392,34.79313],[76.48974,34.79238],[76.51409,34.7838],[76.54532,34.76559],[76.56181,34.75834],[76.57098,34.75842],[76.58002,34.75552],[76.61804,34.75607],[76.6525,34.75656],[76.67164,34.75742],[76.68182,34.75959],[76.68719,34.76321],[76.6967,34.77913],[76.70619,34.80125],[76.72729,34.8209],[76.73785,34.83074],[76.74324,34.84009],[76.74469,34.84473],[76.74344,34.86489],[76.73886,34.90193],[76.74337,34.91814],[76.74937,34.9266],[76.76084,34.93191],[76.76331,34.93305],[76.77057,34.9336],[76.77491,34.93393],[76.79934,34.93577],[76.80442,34.93433],[76.81105,34.93545],[76.82552,34.94165],[76.84815,34.95797],[76.85316,34.96387],[76.86315,34.97084],[76.87004,34.97243],[76.88351,34.97032],[76.89847,34.96426],[76.9014,34.96307],[76.90843,34.96168],[76.95034,34.94094],[76.97036,34.93558],[76.98072,34.93537],[76.98875,34.93522],[76.99749,34.93915],[77.00658,34.95147],[77.01014,34.95629],[77.01145,34.96672],[77.01131,34.97272],[77.01067,35.0],[77.0103,35.01618],[77.01096,35.02758],[77.01379,35.03512],[77.0181,35.03846],[77.02692,35.0408],[77.03691,35.03378],[77.05226,35.02456],[77.07684,35.02456],[77.12598,35.04299],[77.83397,35.50214],[77.82738,35.50818],[77.81919,35.51551],[77.81405,35.51947],[77.80565,35.51434],[77.8028,35.50702],[77.80017,35.49406],[77.79475,35.4923],[77.79117,35.49279],[77.78613,35.49347],[77.7744,35.49433],[77.76228,35.49729],[77.75504,35.49814],[77.75088,35.49402],[77.74692,35.49146],[77.73742,35.48466],[77.73197,35.47669],[77.73043,35.46968],[77.73319,35.46258],[77.7301,35.46019],[77.72547,35.45886],[77.7083,35.4584],[77.70036,35.45745],[77.69505,35.45468],[77.69186,35.44947],[77.68797,35.44921],[77.68138,35.45766],[77.67229,35.46603],[77.66468,35.47228],[77.655,35.47849],[77.64599,35.4794],[77.63939,35.47498],[77.64098,35.45875],[77.63702,35.45602],[77.62642,35.46044],[77.62566,35.46076],[77.61448,35.46393],[77.60119,35.46529],[77.59298,35.46442],[77.58814,35.46136],[77.58556,35.46142],[77.58351,35.46428],[77.58286,35.47063],[77.57986,35.47467],[77.57575,35.47677],[77.55477,35.48006],[77.53684,35.48252],[77.52788,35.47744],[77.51614,35.48302],[77.49973,35.48127],[77.48427,35.47693],[77.47423,35.47423],[77.45676,35.46618],[77.44908,35.4613],[77.43843,35.46181],[77.43034,35.46445],[77.42142,35.46816],[77.41717,35.47],[77.40703,35.46944],[77.39413,35.46855],[77.38532,35.47194],[77.37697,35.47789],[77.37465,35.48638],[77.3755,35.49287],[77.37276,35.49508],[77.36957,35.49616],[77.36483,35.49591],[77.35834,35.49499],[77.35225,35.49498],[77.34458,35.50112],[77.34103,35.51002],[77.33536,35.52485],[77.32862,35.53154],[77.31611,35.537],[77.30485,35.5413],[77.29188,35.53945],[77.27888,35.53689],[77.26539,35.5352],[77.24505,35.52876],[77.22726,35.52494],[77.20928,35.52012],[77.19292,35.52008],[77.18269,35.5238],[77.17405,35.53047],[77.15958,35.5368],[77.15184,35.53986],[77.15029,35.54047],[77.14282,35.54567],[77.13459,35.55163],[77.12804,35.55615],[77.11951,35.55912],[77.10366,35.56366],[77.09037,35.57028],[77.0769,35.58218],[77.06955,35.59171],[77.06149,35.59643],[77.05208,35.59846],[77.04613,35.59975],[77.03829,35.60013],[77.0271,35.6009],[77.01645,35.60531],[77.01319,35.6073],[77.00621,35.61155],[76.99531,35.61185],[76.99023,35.60719],[76.98661,35.60056],[76.97669,35.59597],[76.96409,35.59267],[76.95544,35.59355],[76.94924,35.5968],[76.93891,35.60237],[76.93134,35.60484],[76.92362,35.60638],[76.91524,35.60946],[76.91078,35.61201],[76.90403,35.61586],[76.90022,35.6191],[76.89854,35.62052],[76.89552,35.62379],[76.89205,35.62755],[76.87656,35.63907],[76.8707,35.6437],[76.86455,35.64872],[76.86085,35.65174],[76.85721,35.65685],[76.85196,35.6644],[76.84634,35.66901],[76.84219,35.66763],[76.83424,35.66293],[76.82503,35.66263],[76.81266,35.66139],[76.79633,35.65843],[76.78834,35.65673],[76.77823,35.65624],[76.76669,35.65491],[76.75862,35.65671],[76.7521,35.67379],[76.74896,35.68127],[76.74216,35.6887],[76.73003,35.69883],[76.72318,35.70748],[76.71604,35.71423],[76.70731,35.7183],[76.70072,35.72067],[76.69584,35.72312],[76.69556,35.73318],[76.6947,35.74056],[76.69051,35.74844],[76.68167,35.75091],[76.67311,35.75021],[76.66367,35.7528],[76.6521,35.75684],[76.64739,35.76264],[76.64274,35.76559],[76.63864,35.76612],[76.62688,35.76532],[76.619,35.76176],[76.60278,35.76759],[76.59112,35.77302],[76.58636,35.78363],[76.57805,35.79735],[76.5722,35.80243],[76.56886,35.8074],[76.5638,35.82024],[76.56992,35.82731],[76.58229,35.83754],[76.58523,35.84132],[76.58407,35.84917],[76.5838,35.85009],[76.57722,35.86745],[76.57907,35.87401],[76.58781,35.88481],[76.59498,35.89668],[76.58994,35.90719],[76.58511,35.91498],[76.57357,35.92177],[76.55553,35.9241],[76.54636,35.92007],[76.54299,35.9039],[76.53724,35.89729],[76.5127,35.88177],[76.48907,35.88982],[76.47933,35.88983],[76.4689,35.88659],[76.4617,35.88196],[76.45512,35.87567],[76.44661,35.86604],[76.44073,35.86044],[76.42889,35.85239],[76.41979,35.85074],[76.41073,35.8512],[76.40027,35.85277],[76.38108,35.85783],[76.36681,35.86395],[76.35743,35.85839],[76.35548,35.84998],[76.35892,35.84204],[76.36404,35.82783],[76.36301,35.82487],[76.3489,35.82696],[76.3364,35.82886],[76.32734,35.83002],[76.31032,35.83585],[76.30499,35.83767],[76.296,35.84234],[76.28367,35.84226],[76.27477,35.83965],[76.26224,35.83765],[76.25226,35.8379],[76.24666,35.83901],[76.23975,35.83909],[76.23153,35.83882],[76.22589,35.83783],[76.22494,35.83256],[76.22308,35.82692],[76.21876,35.82418],[76.2132,35.82383],[76.20054,35.82463],[76.1859,35.82346],[76.16947,35.82292],[76.15741,35.82516],[76.15377,35.82768],[76.14971,35.83051],[76.14414,35.83409],[76.14381,35.84078],[76.14739,35.84884],[76.15179,35.85408],[76.15712,35.86449],[76.15545,35.87074],[76.15388,35.87799],[76.154,35.8878],[76.15865,35.8971],[76.1608,35.90365],[76.16181,35.90954],[76.15988,35.91753],[76.15394,35.92751],[76.1502,35.93522],[76.14488,35.94072],[76.13873,35.95012],[76.13319,35.9558],[76.12852,35.96219],[76.11996,35.96896],[76.11402,35.97571],[76.10989,35.98207],[76.10441,35.98918],[76.10259,35.99517],[76.1,36.0],[76.10142,36.0133],[76.10107,36.01938],[76.0943,36.02309],[76.08628,36.02388],[76.07515,36.02567],[76.06365,36.02625],[76.05509,36.02681],[76.04153,36.02741],[76.03797,36.02601],[76.02517,36.01773],[76.02073,36.01705],[76.0116,36.01881],[76.00074,36.02274],[75.99017,36.02691],[75.97984,36.03226],[75.96587,36.04293],[75.95854,36.05244],[75.9551,36.05926],[75.95478,36.06891],[75.94689,36.07112],[75.94932,36.07386],[75.95159,36.0764],[75.95448,36.07963],[75.94666,36.08791],[75.94321,36.09366],[75.94121,36.10502],[75.94499,36.11254],[75.94614,36.11722],[75.94003,36.12227],[75.93173,36.12734],[75.93359,36.13555],[75.94024,36.13871],[75.96054,36.1414],[75.97209,36.14916],[75.96517,36.15959],[75.97446,36.16272],[75.9923,36.16202],[76.01351,36.16614],[76.01359,36.17257],[76.0129,36.17945],[76.01305,36.1893],[76.01151,36.19826],[76.01107,36.20651],[76.00926,36.21731],[76.00862,36.22979],[76.01796,36.23578],[76.02807,36.23319],[76.04477,36.22876],[76.05267,36.22547],[76.05796,36.22578],[76.06204,36.23094],[76.05884,36.24313],[76.05222,36.25329],[76.04102,36.26006],[76.02813,36.27035],[76.02571,36.28681],[76.02007,36.29437],[76.01355,36.30157],[76.00695,36.30377],[75.99604,36.31283],[75.99167,36.32273],[75.98834,36.33252],[75.98668,36.34075],[75.98817,36.35257],[75.98906,36.3536],[76.00809,36.38409],[76.01306,36.38763],[76.02444,36.39112],[76.02897,36.39864],[76.03179,36.40969],[76.02735,36.42454],[76.02534,36.43012],[76.02149,36.43727],[76.01765,36.44228],[76.01395,36.44831],[76.00755,36.45498],[76.00715,36.46135],[76.01167,36.46769],[76.01123,36.47207],[76.01077,36.47446],[75.99653,36.47897],[75.99607,36.48136],[75.99865,36.49049],[75.99674,36.49489],[75.99235,36.49851],[75.98401,36.50217],[75.97518,36.51],[75.96012,36.52427],[75.95756,36.53128],[75.95637,36.53799],[75.95203,36.54834],[75.94817,36.55463],[75.94321,36.55872],[75.93842,36.56466],[75.93248,36.56963],[75.93061,36.57377],[75.9307,36.58048],[75.9343,36.59058],[75.93791,36.59765],[75.94334,36.60088],[75.93965,36.60083],[75.93334,36.60374],[75.92811,36.60853],[75.92109,36.61466],[75.91452,36.62115],[75.9097,36.62583],[75.90134,36.6309],[75.89693,36.63308],[75.89294,36.63485],[75.88715,36.63959],[75.88106,36.64593],[75.87674,36.65074],[75.87236,36.65577],[75.86798,36.66081],[75.86579,36.66333],[75.85788,36.67018],[75.85084,36.67452],[75.84468,36.67921],[75.83807,36.68319],[75.83235,36.68751],[75.82574,36.69221],[75.81868,36.69547],[75.81089,36.69726],[75.80395,36.70266],[75.79702,36.70738],[75.79386,36.70871],[75.79124,36.7112],[75.7869,36.71481],[75.77943,36.71792],[75.77742,36.72021],[75.77625,36.72148],[75.77488,36.72248],[75.7728,36.72338],[75.76989,36.72411],[75.76654,36.72411],[75.76306,36.72476],[75.76042,36.72646],[75.75665,36.72985],[75.75344,36.73325],[75.74942,36.73748],[75.74156,36.74193],[75.73157,36.74636],[75.72072,36.75106],[75.70978,36.74747],[75.70133,36.74644],[75.69341,36.75399],[75.68633,36.75725],[75.67883,36.7623],[75.66598,36.76595],[75.6453,36.77161],[75.63121,36.7722],[75.61893,36.76978],[75.60114,36.76666],[75.58579,36.76334],[75.56963,36.77039],[75.55965,36.77133],[75.54632,36.77175],[75.53434,36.77359],[75.53372,36.76469],[75.53109,36.75359],[75.53149,36.74752],[75.53404,36.73071],[75.52913,36.72716],[75.52158,36.72612],[75.5114,36.73081],[75.50172,36.74408],[75.49549,36.74196],[75.48748,36.73949],[75.47944,36.73273],[75.46961,36.72205],[75.4625,36.72065],[75.45516,36.72135],[75.45039,36.72825],[75.44646,36.73607],[75.44225,36.74114],[75.43871,36.75219],[75.43565,36.76006],[75.42948,36.76831],[75.42243,36.77905],[75.4204,36.78621],[75.42009,36.79782],[75.42168,36.80454],[75.42403,36.81255],[75.42783,36.82468],[75.43131,36.83337],[75.42998,36.84393],[75.43015,36.84817],[75.42889,36.86068],[75.42674,36.87355],[75.42102,36.88394],[75.4104,36.89434],[75.39886,36.90045],[75.3931,36.9044],[75.39179,36.91013],[75.39087,36.91942],[75.39299,36.92567],[75.39658,36.93209],[75.4046,36.93313],[75.4104,36.93561],[75.41443,36.93917],[75.41359,36.94954],[75.41028,36.95473],[75.40072,36.95744],[75.39515,36.95585],[75.38779,36.95514],[75.38156,36.95501],[75.37489,36.95574],[75.362,36.96043],[75.34909,36.9619],[75.34285,36.9612],[75.33574,36.96408],[75.32329,36.9684],[75.31484,36.97093],[75.30149,36.97347],[75.28559,36.97488],[75.26719,36.97105],[75.26094,36.96784],[75.25381,36.96572],[75.24178,36.9636],[75.23288,36.9654],[75.22354,36.97149],[75.21732,36.97437],[75.20752,36.97546],[75.19595,36.97905],[75.18601,36.9823],[75.17192,36.98766],[75.16524,36.99196],[75.16886,37.01411],[75.14497,37.02618],[75.13234,37.02345],[75.12951,37.01279],[75.12786,37.0113],[75.10701,37.01024],[75.09177,37.01134],[75.07171,37.00563],[75.06012,37.00635],[75.04988,37.01136],[75.03963,37.01637],[75.02938,37.01709],[75.02215,37.01183],[75.01289,37.00387],[75.00929,36.99998],[75.00265,36.99493],[74.98973,36.99386],[74.98005,36.99611],[74.9728,36.99493],[74.96701,36.991],[74.9581,36.98992],[74.94473,36.98706],[74.93227,36.98312],[74.9247,36.97847],[74.92515,36.97204],[74.92738,36.9674],[74.93051,36.95918],[74.9363,36.95097],[74.93675,36.94668],[74.93586,36.94382],[74.92419,36.94486],[74.92028,36.94524],[74.9173,36.93634],[74.91017,36.93405],[74.89962,36.93476],[74.89269,36.93807],[74.89135,36.94021],[74.87482,36.97271],[74.87258,36.98093],[74.86722,36.99093],[74.86231,36.99664],[74.85784,37.002],[74.84753,37.00752],[74.84136,37.01403],[74.83992,37.02092],[74.84371,37.03158],[74.84562,37.04395],[74.8443,37.05736],[74.83488,37.05588],[74.80402,37.05463],[74.7969,37.0489],[74.79246,37.0446],[74.79294,37.03138],[74.78983,37.0278],[74.78091,37.02778],[74.77289,37.02705],[74.76399,37.02577],[74.75373,37.02594]]]}},{"type":"Feature","properties":{"adm1_name":"Islamabad","adm1_name1":null,"adm1_name2":null,"adm1_name3":null,"adm1_pcode":"PK4","adm0_name":"Pakistan","adm0_name1":null,"adm0_name2":null,"adm0_name3":null,"adm0_pcode":"PK","valid_on":"2022-09-09","valid_to":null,"area_sqkm":901.53277708,"cod_version":"V_01","lang":"en","lang1":null,"lang2":null,"lang3":null,"adm1_ref_name":"Islamabad","center_lat":33.65087509,"center_lon":72.95796258,"pop_2023":2363863,"pop_density":2622.0},"geometry":{"type":"Polygon","coordinates":[[[73.16415,33.81038],[73.15867,33.81193],[73.1526,33.81095],[73.14567,33.80471],[73.14113,33.80482],[73.13844,33.80312],[73.13482,33.80056],[73.13105,33.79887],[73.12769,33.79562],[73.125,33.79301],[73.12327,33.78967],[73.1218,33.78743],[73.11791,33.78637],[73.11547,33.78646],[73.09475,33.78394],[73.09339,33.78645],[73.0929,33.78875],[73.09223,33.79128],[73.08367,33.79292],[73.08147,33.79355],[73.07569,33.78933],[73.07088,33.78695],[73.06849,33.7849],[73.06368,33.78439],[73.05858,33.78204],[73.05582,33.78409],[73.05013,33.78438],[73.04762,33.78493],[73.04523,33.78515],[73.04192,33.78444],[73.03577,33.78105],[73.03441,33.78028],[73.03035,33.78008],[73.0274,33.77989],[73.01553,33.77468],[73.0137,33.76931],[73.0114,33.76697],[73.0114,33.76696],[73.01292,33.76263],[73.01196,33.75814],[73.01196,33.75814],[73.00993,33.75822],[73.00725,33.7603],[73.00043,33.75684],[72.99155,33.75746],[72.99154,33.75743],[72.99056,33.75042],[72.99056,33.75042],[72.98019,33.74366],[72.97863,33.74158],[72.97292,33.7402],[72.97083,33.74006],[72.96712,33.7396],[72.96376,33.7387],[72.96087,33.73514],[72.95884,33.73437],[72.95672,33.73323],[72.95672,33.73321],[72.95671,33.73108],[72.9567,33.73108],[72.95391,33.73072],[72.95148,33.73063],[72.94485,33.72952],[72.93403,33.73018],[72.93044,33.72987],[72.92752,33.73047],[72.92531,33.73057],[72.92235,33.73061],[72.91642,33.72937],[72.91579,33.72906],[72.91489,33.72877],[72.91351,33.72844],[72.9125,33.72831],[72.91173,33.72823],[72.9105,33.72822],[72.90943,33.72826],[72.90791,33.72826],[72.90694,33.72819],[72.90574,33.72826],[72.9045,33.72806],[72.90268,33.72777],[72.90143,33.72731],[72.90031,33.72699],[72.89908,33.72643],[72.89786,33.72536],[72.89716,33.72425],[72.89674,33.7233],[72.89674,33.72329],[72.89666,33.72267],[72.8964,33.72182],[72.8964,33.72181],[72.89603,33.72139],[72.89518,33.72111],[72.89303,33.72066],[72.89091,33.72025],[72.88963,33.72004],[72.88716,33.71939],[72.88465,33.71907],[72.88268,33.719],[72.88152,33.7191],[72.87944,33.71926],[72.87716,33.71957],[72.87537,33.7197],[72.87437,33.71965],[72.87269,33.71933],[72.87018,33.71845],[72.86762,33.71804],[72.86642,33.71792],[72.86481,33.7182],[72.86285,33.71853],[72.86,33.71931],[72.85797,33.71986],[72.85698,33.71995],[72.85558,33.7198],[72.85302,33.71935],[72.85064,33.71846],[72.84885,33.7173],[72.84611,33.71524],[72.84427,33.71328],[72.84357,33.712],[72.84286,33.71064],[72.84285,33.71062],[72.84225,33.70866],[72.84196,33.70706],[72.84179,33.70629],[72.84179,33.70629],[72.84121,33.70588],[72.83931,33.70538],[72.83777,33.70511],[72.83601,33.70456],[72.83418,33.70405],[72.83189,33.70358],[72.82833,33.70293],[72.82415,33.70256],[72.82085,33.7022],[72.81847,33.70193],[72.81626,33.70168],[72.81489,33.70153],[72.81388,33.7014],[72.8139,33.70138],[72.81491,33.70014],[72.81644,33.69819],[72.81828,33.69593],[72.81973,33.69387],[72.82145,33.6917],[72.8227,33.69018],[72.82927,33.68179],[72.83214,33.67818],[72.83697,33.6717],[72.84225,33.66491],[72.8504,33.6545],[72.85362,33.65033],[72.86254,33.63899],[72.8654,33.63535],[72.8744,33.62387],[72.87667,33.62098],[72.88193,33.61418],[72.8828,33.61304],[72.88741,33.6072],[72.89615,33.596],[72.8984,33.59291],[72.89881,33.59234],[72.90802,33.58062],[72.91071,33.57704],[72.91383,33.57307],[72.91422,33.57263],[72.91709,33.57424],[72.9203,33.57597],[72.92134,33.5763],[72.92407,33.57797],[72.92875,33.58046],[72.93332,33.58287],[72.93769,33.58521],[72.94198,33.58745],[72.94667,33.58989],[72.95245,33.59296],[72.95736,33.59554],[72.96407,33.599],[72.97192,33.60318],[72.98286,33.60886],[72.98573,33.61037],[72.9861,33.61057],[72.98612,33.61058],[72.98328,33.61407],[72.98163,33.61647],[72.97969,33.61894],[72.97746,33.62133],[72.97573,33.62274],[72.9746,33.62355],[72.97354,33.62406],[72.97162,33.62489],[72.96936,33.62574],[72.96764,33.62629],[72.96664,33.62675],[72.96653,33.62717],[72.96653,33.62717],[72.9669,33.6282],[72.9673,33.62898],[72.96778,33.62985],[72.96878,33.63146],[72.96925,33.63152],[72.97048,33.63081],[72.97314,33.62866],[72.97424,33.62766],[72.97463,33.62742],[72.97517,33.62733],[72.97633,33.62756],[72.97973,33.62921],[72.98225,33.63038],[72.98407,33.63131],[72.98692,33.63334],[72.98796,33.63397],[72.98841,33.63402],[72.98882,33.63387],[72.98964,33.63286],[72.99068,33.6316],[72.99373,33.62822],[72.99693,33.62442],[73.00088,33.61987],[73.00178,33.61879],[73.00453,33.62033],[73.00903,33.62273],[73.01329,33.62494],[73.02178,33.62932],[73.02494,33.63105],[73.03118,33.63415],[73.03321,33.63537],[73.03527,33.63647],[73.03715,33.63748],[73.04533,33.64176],[73.05011,33.64426],[73.05362,33.64613],[73.05746,33.64818],[73.06247,33.65074],[73.07091,33.6552],[73.07137,33.65545],[73.07719,33.65848],[73.08477,33.66239],[73.08772,33.66397],[73.0882,33.66419],[73.08981,33.66217],[73.09114,33.66068],[73.09196,33.65995],[73.09322,33.65822],[73.09402,33.6572],[73.09899,33.65066],[73.10464,33.64329],[73.10752,33.63949],[73.10969,33.63662],[73.11129,33.63445],[73.11529,33.62952],[73.11672,33.62771],[73.11838,33.62563],[73.123,33.61943],[73.12432,33.61781],[73.12548,33.61629],[73.12758,33.61353],[73.13107,33.60899],[73.1354,33.60335],[73.13991,33.5974],[73.14246,33.59401],[73.14733,33.58773],[73.14842,33.58633],[73.15211,33.58145],[73.1545,33.57837],[73.15448,33.57836],[73.1516,33.57665],[73.14627,33.57381],[73.14303,33.57205],[73.13778,33.56915],[73.1316,33.56575],[73.12773,33.56372],[73.12366,33.56175],[73.11837,33.55888],[73.11198,33.55556],[73.10487,33.55185],[73.09995,33.54935],[73.0974,33.54797],[73.09138,33.5447],[73.08987,33.54395],[73.08688,33.54242],[73.0869,33.54241],[73.0892,33.54144],[73.09275,33.5397],[73.09736,33.53756],[73.10094,33.53589],[73.10442,33.53431],[73.10646,33.53342],[73.11489,33.52952],[73.1217,33.52635],[73.1238,33.52532],[73.13043,33.52216],[73.13651,33.51942],[73.14024,33.51761],[73.14774,33.51415],[73.15323,33.5116],[73.16029,33.50818],[73.16673,33.50512],[73.16956,33.50382],[73.17523,33.50106],[73.18147,33.49812],[73.1845,33.49677],[73.19131,33.49363],[73.19675,33.49109],[73.19973,33.48971],[73.20172,33.49186],[73.20419,33.49454],[73.20785,33.49832],[73.21018,33.50077],[73.21562,33.50645],[73.21792,33.50883],[73.22424,33.51544],[73.23086,33.52232],[73.2319,33.5234],[73.23635,33.5281],[73.23993,33.53175],[73.24218,33.53407],[73.24529,33.53726],[73.24677,33.53887],[73.25102,33.54324],[73.25851,33.55008],[73.25951,33.55106],[73.26617,33.55717],[73.26861,33.55966],[73.27351,33.56467],[73.27488,33.56627],[73.27586,33.56728],[73.27883,33.5706],[73.28,33.57165],[73.28053,33.57188],[73.28204,33.57356],[73.28365,33.575],[73.28661,33.57845],[73.28846,33.58026],[73.29028,33.58178],[73.29282,33.58482],[73.29342,33.58548],[73.29421,33.58605],[73.29508,33.58685],[73.29595,33.58774],[73.29657,33.58875],[73.29743,33.58966],[73.29873,33.59125],[73.29875,33.59128],[73.29661,33.59141],[73.29497,33.59147],[73.2933,33.59183],[73.29295,33.5924],[73.29288,33.59309],[73.29286,33.59439],[73.29307,33.59554],[73.29307,33.59626],[73.29309,33.59768],[73.2934,33.599],[73.2937,33.60013],[73.29371,33.60015],[73.29419,33.60099],[73.29472,33.60185],[73.29546,33.60377],[73.29596,33.60485],[73.29665,33.60605],[73.29756,33.60699],[73.29887,33.60783],[73.30015,33.60871],[73.30142,33.60944],[73.30227,33.61002],[73.30261,33.61057],[73.30262,33.61058],[73.30254,33.61176],[73.30212,33.61266],[73.3018,33.61349],[73.30164,33.6146],[73.30167,33.61618],[73.30193,33.61707],[73.30196,33.61773],[73.30122,33.61975],[73.30099,33.62082],[73.30095,33.62252],[73.30077,33.62448],[73.30057,33.6254],[73.30039,33.62601],[73.30029,33.62697],[73.30006,33.62913],[73.30009,33.63094],[73.30009,33.63095],[73.30075,33.63279],[73.30126,33.63408],[73.30126,33.63409],[73.3016,33.63521],[73.30165,33.63579],[73.30145,33.6366],[73.30112,33.63727],[73.30022,33.63805],[73.29965,33.63852],[73.29907,33.63909],[73.29874,33.63965],[73.29828,33.64036],[73.298,33.64114],[73.29797,33.64222],[73.2982,33.64295],[73.29821,33.64297],[73.2985,33.6438],[73.29904,33.64489],[73.29945,33.64558],[73.30014,33.64651],[73.30118,33.64731],[73.30244,33.64788],[73.30341,33.64841],[73.30413,33.64902],[73.30414,33.64903],[73.30405,33.64956],[73.30356,33.65031],[73.303,33.65101],[73.30248,33.65191],[73.30212,33.65276],[73.30178,33.65363],[73.30168,33.65447],[73.30168,33.65449],[73.30213,33.65501],[73.30294,33.65518],[73.30569,33.65553],[73.30687,33.6559],[73.30774,33.65636],[73.30841,33.65729],[73.30905,33.65804],[73.30944,33.65843],[73.31034,33.65908],[73.3114,33.65955],[73.31268,33.66006],[73.31361,33.66044],[73.31458,33.66095],[73.31586,33.66165],[73.31699,33.66232],[73.31824,33.66283],[73.31894,33.66333],[73.31896,33.66335],[73.31861,33.66378],[73.31806,33.66421],[73.31814,33.6646],[73.31815,33.66462],[73.31876,33.66501],[73.32019,33.66548],[73.3219,33.66591],[73.32316,33.66632],[73.32375,33.66659],[73.32425,33.66665],[73.32489,33.66644],[73.32535,33.66616],[73.3258,33.66613],[73.32622,33.66626],[73.32702,33.66661],[73.32769,33.66674],[73.32845,33.66656],[73.32889,33.66622],[73.32932,33.66569],[73.32986,33.66539],[73.33065,33.66519],[73.33211,33.66476],[73.33276,33.6646],[73.33588,33.66396],[73.33835,33.66367],[73.34101,33.66354],[73.34279,33.66373],[73.34379,33.66403],[73.34491,33.66412],[73.34659,33.66444],[73.34729,33.66448],[73.34783,33.66433],[73.34817,33.66403],[73.34834,33.66354],[73.34898,33.66231],[73.34931,33.66194],[73.34993,33.66159],[73.35069,33.66133],[73.35149,33.66131],[73.35236,33.66155],[73.35354,33.66212],[73.35455,33.66249],[73.35587,33.6634],[73.35694,33.66437],[73.35767,33.66552],[73.3581,33.66671],[73.35811,33.66674],[73.35822,33.66792],[73.35817,33.66939],[73.35798,33.6704],[73.358,33.67125],[73.358,33.67126],[73.35868,33.67207],[73.36031,33.67363],[73.36195,33.67514],[73.36442,33.6773],[73.36636,33.67871],[73.36781,33.67957],[73.36912,33.68018],[73.37024,33.68071],[73.37141,33.68151],[73.37249,33.68229],[73.37563,33.68448],[73.37809,33.68639],[73.37953,33.6875],[73.38068,33.68869],[73.38325,33.69103],[73.38367,33.69141],[73.38502,33.69445],[73.38625,33.69762],[73.38808,33.69972],[73.38925,33.70213],[73.38926,33.70214],[73.38934,33.70266],[73.3894,33.70363],[73.38725,33.70432],[73.38574,33.70401],[73.38448,33.70412],[73.38391,33.70421],[73.38184,33.70431],[73.37949,33.7045],[73.37749,33.70469],[73.37664,33.70467],[73.37595,33.70452],[73.37514,33.70418],[73.37318,33.70319],[73.37203,33.70245],[73.37127,33.70205],[73.37057,33.70254],[73.37002,33.70312],[73.36919,33.70446],[73.3686,33.70519],[73.36793,33.70568],[73.36713,33.70597],[73.3657,33.70625],[73.36418,33.70632],[73.36274,33.70622],[73.36179,33.70612],[73.36095,33.70611],[73.35957,33.70615],[73.35815,33.70626],[73.35627,33.70655],[73.35284,33.7071],[73.3507,33.7076],[73.34856,33.70828],[73.34724,33.70903],[73.34551,33.71051],[73.34297,33.713],[73.34235,33.71372],[73.34211,33.71415],[73.34188,33.71517],[73.34134,33.71704],[73.34055,33.72009],[73.34043,33.72055],[73.33909,33.72437],[73.33848,33.72609],[73.33779,33.72732],[73.33737,33.72782],[73.33691,33.72808],[73.3354,33.72864],[73.33499,33.72885],[73.32853,33.73191],[73.32607,33.733],[73.32438,33.73367],[73.32269,33.73438],[73.32015,33.73553],[73.31883,33.73619],[73.31738,33.73662],[73.31342,33.73807],[73.30921,33.73994],[73.30628,33.7415],[73.30547,33.74214],[73.30484,33.7428],[73.30431,33.74363],[73.30398,33.74422],[73.30356,33.74481],[73.30241,33.74559],[73.30111,33.74649],[73.30058,33.74696],[73.30028,33.7474],[73.30026,33.74819],[73.30033,33.74896],[73.30023,33.74942],[73.29952,33.75036],[73.299,33.75086],[73.29748,33.75163],[73.29594,33.75245],[73.2943,33.75349],[73.29251,33.75491],[73.29108,33.75641],[73.2899,33.75742],[73.28563,33.7608],[73.28231,33.76346],[73.2805,33.76487],[73.27744,33.76749],[73.27605,33.76836],[73.27493,33.76907],[73.27428,33.7695],[73.27364,33.77027],[73.2719,33.7718],[73.26992,33.77332],[73.26862,33.77454],[73.26804,33.77523],[73.26719,33.77576],[73.26591,33.7763],[73.2645,33.77692],[73.2636,33.77737],[73.26241,33.77799],[73.26138,33.77872],[73.26067,33.77902],[73.2597,33.77927],[73.25847,33.77932],[73.25666,33.77896],[73.2553,33.77859],[73.25468,33.77844],[73.25418,33.77844],[73.25362,33.77883],[73.25246,33.77991],[73.25169,33.78084],[73.25089,33.78144],[73.25026,33.78172],[73.24947,33.78194],[73.24831,33.78205],[73.24725,33.7822],[73.2464,33.78255],[73.24539,33.78326],[73.24485,33.78378],[73.24429,33.78466],[73.24389,33.78495],[73.24291,33.78543],[73.24174,33.7859],[73.24072,33.78625],[73.23888,33.78649],[73.23776,33.78667],[73.23705,33.78685],[73.23619,33.78728],[73.23515,33.78768],[73.2346,33.78781],[73.23374,33.78794],[73.23327,33.7879],[73.23279,33.78781],[73.23206,33.78791],[73.23118,33.78807],[73.23031,33.78834],[73.22942,33.78874],[73.2286,33.78907],[73.228,33.78933],[73.22732,33.78948],[73.22511,33.79005],[73.22349,33.79043],[73.22205,33.79081],[73.22092,33.79126],[73.22034,33.79121],[73.21941,33.79144],[73.21734,33.79191],[73.21586,33.79235],[73.21365,33.79282],[73.21101,33.79329],[73.21013,33.79345],[73.20833,33.79403],[73.206,33.79461],[73.20312,33.79528],[73.19929,33.79621],[73.19611,33.79694],[73.19498,33.79724],[73.19403,33.79747],[73.1936,33.79754],[73.19312,33.79771],[73.19273,33.79802],[73.19212,33.79829],[73.19064,33.79929],[73.18965,33.80005],[73.18872,33.80064],[73.18819,33.801],[73.18757,33.8014],[73.18629,33.80208],[73.18446,33.80303],[73.18269,33.80379],[73.18179,33.80427],[73.18091,33.80462],[73.17999,33.80484],[73.17926,33.80503],[73.17781,33.80519],[73.17625,33.80532],[73.17474,33.80533],[73.17264,33.80524],[73.17059,33.80493],[73.16847,33.80451],[73.16415,33.81038]]]}},{"type":"Feature","properties":{"adm1_name":"Khyber Pakhtunkhwa","adm1_name1":null,"adm1_name2":null,"adm1_name3":null,"adm1_pcode":"PK5","adm0_name":"Pakistan","adm0_name1":null,"adm0_name2":null,"adm0_name3":null,"adm0_pcode":"PK","valid_on":"2022-09-09","valid_to":null,"area_sqkm":100897.09378361,"cod_version":"V_01","lang":"en","lang1":null,"lang2":null,"lang3":null,"adm1_ref_name":"Khyber Pakhtunkhwa","center_lat":34.03646716,"center_lon":72.26255184,"pop_2023":40856097,"pop_density":404.9},"geometry":{"type":"Polygon","coordinates":[[[73.66302,36.88825],[73.63955,36.90325],[73.61851,36.90457],[73.59763,36.90757],[73.58556,36.90322],[73.57754,36.89692],[73.55915,36.89174],[73.55035,36.88926],[73.52777,36.88556],[73.52315,36.88813],[73.51571,36.89225],[73.51298,36.89292],[73.50641,36.89452],[73.48451,36.89587],[73.46958,36.89678],[73.4574,36.89503],[73.44061,36.89261],[73.41999,36.89606],[73.41665,36.89661],[73.40313,36.89913],[73.39945,36.89824],[73.38905,36.89574],[73.37224,36.88571],[73.3651,36.88337],[73.35696,36.88069],[73.3478,36.88464],[73.33623,36.88533],[73.31755,36.87955],[73.3066,36.87315],[73.29766,36.87368],[73.2892,36.87935],[73.27335,36.88854],[73.26195,36.89025],[73.23338,36.88679],[73.23111,36.88719],[73.21568,36.8899],[73.19964,36.88582],[73.18938,36.8832],[73.18603,36.88385],[73.18181,36.88468],[73.16077,36.88994],[73.14413,36.89411],[73.1337,36.89089],[73.12167,36.88717],[73.1081,36.88754],[73.08836,36.88808],[73.07957,36.88859],[73.07175,36.88904],[73.06006,36.88183],[73.04729,36.87396],[73.02895,36.86207],[73.02684,36.8607],[72.99747,36.86239],[72.97462,36.87112],[72.9689,36.8733],[72.95339,36.87212],[72.94677,36.86564],[72.92951,36.84874],[72.92759,36.84775],[72.92413,36.84595],[72.91186,36.84665],[72.90753,36.84689],[72.89709,36.84445],[72.88264,36.84108],[72.87801,36.84093],[72.87328,36.84077],[72.87106,36.8407],[72.82769,36.84313],[72.82508,36.84328],[72.79852,36.84785],[72.79433,36.84707],[72.78157,36.84467],[72.77688,36.8457],[72.76267,36.84882],[72.75632,36.84968],[72.74999,36.85055],[72.73578,36.84668],[72.71846,36.84198],[72.7024,36.84286],[72.68525,36.8438],[72.66234,36.84856],[72.65617,36.84984],[72.6316,36.84843],[72.62659,36.84159],[72.5661,36.83241],[72.55341,36.82656],[72.5454,36.82286],[72.52607,36.80756],[72.50754,36.7929],[72.50446,36.7824],[72.4966,36.77828],[72.49522,36.77756],[72.45799,36.77716],[72.41116,36.77667],[72.39007,36.76178],[72.36763,36.75762],[72.35862,36.75809],[72.33683,36.75923],[72.32655,36.75344],[72.32381,36.7519],[72.31369,36.74621],[72.30255,36.74501],[72.26517,36.75019],[72.24136,36.75348],[72.23411,36.74582],[72.22691,36.73823],[72.1969,36.69356],[72.20293,36.68046],[72.20444,36.67718],[72.20795,36.67265],[72.21446,36.66424],[72.19834,36.65752],[72.19165,36.65473],[72.17994,36.65692],[72.16555,36.65961],[72.15316,36.65581],[72.14069,36.65198],[72.12804,36.65078],[72.11624,36.64966],[72.10291,36.64855],[72.09958,36.63923],[72.09729,36.63284],[72.10623,36.60574],[72.09676,36.59732],[72.08563,36.59683],[72.05916,36.59564],[72.01295,36.56773],[71.97199,36.56675],[71.96438,36.56657],[71.9353,36.56088],[71.93114,36.55419],[71.92779,36.5488],[71.91716,36.52445],[71.91662,36.51737],[71.90913,36.5053],[71.89667,36.50499],[71.88486,36.50469],[71.83207,36.50546],[71.82187,36.4864],[71.81828,36.46436],[71.81786,36.46172],[71.81806,36.45649],[71.81862,36.44214],[71.82906,36.43454],[71.84824,36.43153],[71.86168,36.42942],[71.86502,36.41504],[71.86075,36.40643],[71.85727,36.39943],[71.85433,36.39841],[71.84373,36.39475],[71.82805,36.3955],[71.82518,36.39564],[71.81744,36.39601],[71.81216,36.39711],[71.81151,36.39726],[71.79579,36.4006],[71.76877,36.41708],[71.75789,36.42371],[71.74217,36.43531],[71.72447,36.44838],[71.71682,36.45194],[71.70744,36.45629],[71.68796,36.46075],[71.67337,36.4721],[71.6562,36.47822],[71.64175,36.47382],[71.63596,36.47205],[71.63162,36.46539],[71.62361,36.45309],[71.62258,36.43855],[71.62198,36.43007],[71.61926,36.42303],[71.6139,36.40912],[71.59281,36.39056],[71.56539,36.37582],[71.55614,36.36914],[71.55668,36.36685],[71.55952,36.35478],[71.57217,36.34709],[71.57137,36.34296],[71.56874,36.32949],[71.53553,36.32567],[71.52421,36.32086],[71.52116,36.30856],[71.52062,36.30069],[71.52055,36.29971],[71.48516,36.29598],[71.46887,36.28251],[71.46142,36.27603],[71.45784,36.27293],[71.4572,36.27237],[71.44648,36.2704],[71.44164,36.26952],[71.43994,36.26748],[71.43447,36.26095],[71.41906,36.2279],[71.40048,36.21274],[71.38457,36.20456],[71.36759,36.20191],[71.36685,36.20179],[71.36434,36.2008],[71.35907,36.1987],[71.35483,36.18757],[71.35241,36.18121],[71.34744,36.17256],[71.34504,36.17109],[71.34058,36.1684],[71.32866,36.16438],[71.31028,36.15817],[71.29078,36.14839],[71.28419,36.14509],[71.28024,36.14289],[71.2546,36.1286],[71.24644,36.1234],[71.24544,36.12277],[71.24408,36.11845],[71.24268,36.114],[71.24381,36.09795],[71.24309,36.09531],[71.24237,36.09268],[71.23983,36.09232],[71.228,36.09063],[71.20937,36.07231],[71.20809,36.07105],[71.19901,36.04922],[71.20142,36.03578],[71.20706,36.03185],[71.21133,36.02888],[71.21503,36.02631],[71.22881,36.01949],[71.24805,36.00211],[71.25362,35.99709],[71.25624,35.99603],[71.26108,35.9941],[71.28485,35.9895],[71.28977,35.98685],[71.30282,35.97983],[71.31028,35.97308],[71.31933,35.96488],[71.33225,35.96165],[71.34963,35.95999],[71.3543,35.96013],[71.36169,35.96035],[71.37673,35.95612],[71.37909,35.95017],[71.3814,35.94436],[71.38178,35.94081],[71.3841,35.91935],[71.38114,35.90793],[71.38072,35.90172],[71.38844,35.89587],[71.3932,35.89227],[71.39904,35.89164],[71.40731,35.89076],[71.41246,35.89052],[71.41821,35.89026],[71.42966,35.88175],[71.4618,35.8403],[71.465,35.83258],[71.46742,35.82671],[71.47078,35.82323],[71.48986,35.80347],[71.48937,35.79637],[71.48133,35.77452],[71.48055,35.763],[71.48538,35.75388],[71.49782,35.74443],[71.50493,35.74125],[71.52216,35.73354],[71.5328,35.72949],[71.54667,35.72023],[71.54671,35.71454],[71.54678,35.70546],[71.5388,35.68829],[71.53808,35.68755],[71.50958,35.65826],[71.50042,35.64022],[71.49957,35.62773],[71.49948,35.62642],[71.50411,35.62176],[71.51006,35.61578],[71.51587,35.61188],[71.52627,35.60489],[71.55586,35.59154],[71.57431,35.5845],[71.57789,35.58313],[71.58102,35.58237],[71.60123,35.57744],[71.61224,35.57324],[71.61368,35.56971],[71.61417,35.56853],[71.61089,35.55392],[71.60135,35.53694],[71.60087,35.53608],[71.59927,35.53324],[71.59368,35.5178],[71.59356,35.50875],[71.5934,35.49752],[71.60347,35.48752],[71.60607,35.48493],[71.61109,35.48131],[71.63616,35.46322],[71.63924,35.46063],[71.64895,35.45247],[71.65035,35.44643],[71.65068,35.44501],[71.6464,35.43229],[71.64107,35.42054],[71.62804,35.41232],[71.62337,35.40937],[71.5558,35.31285],[71.55482,35.3057],[71.55354,35.29635],[71.55706,35.28904],[71.55945,35.28408],[71.57004,35.27436],[71.58037,35.26799],[71.59595,35.25839],[71.62253,35.23592],[71.63541,35.22701],[71.65765,35.22319],[71.67197,35.21883],[71.67329,35.21542],[71.67673,35.2066],[71.67558,35.20032],[71.6749,35.19654],[71.6729,35.19479],[71.66004,35.18351],[71.64963,35.17437],[71.63895,35.16501],[71.62883,35.14888],[71.61732,35.13979],[71.61273,35.13847],[71.60365,35.13585],[71.58533,35.12937],[71.57124,35.12016],[71.5526,35.10797],[71.53577,35.09042],[71.53383,35.08428],[71.53007,35.07235],[71.53396,35.06392],[71.53533,35.06102],[71.53883,35.05361],[71.54001,35.05119],[71.54665,35.03766],[71.55459,35.02954],[71.55603,35.02806],[71.5521,35.01913],[71.5349,35.01254],[71.51761,35.00417],[71.51492,35.0],[71.51013,34.9926],[71.51032,34.98502],[71.51043,34.98066],[71.5097,34.97902],[71.5094,34.97833],[71.50701,34.97288],[71.50648,34.97168],[71.49925,34.96376],[71.49406,34.96294],[71.48574,34.96163],[71.48269,34.95883],[71.48145,34.95769],[71.47896,34.95541],[71.4774,34.95397],[71.47623,34.9529],[71.4549,34.94748],[71.44605,34.94524],[71.44552,34.94507],[71.43293,34.93838],[71.43173,34.9375],[71.42866,34.93523],[71.4275,34.93437],[71.42486,34.93243],[71.42239,34.93061],[71.40875,34.92491],[71.40062,34.92151],[71.3856,34.91699],[71.38471,34.91673],[71.37016,34.91555],[71.35594,34.91207],[71.35432,34.91167],[71.34373,34.90298],[71.34132,34.90093],[71.32839,34.88992],[71.31906,34.88433],[71.31596,34.88248],[71.30986,34.87882],[71.30455,34.87063],[71.3012,34.86546],[71.29857,34.85807],[71.29817,34.85695],[71.29575,34.85012],[71.29461,34.84446],[71.29259,34.83444],[71.29245,34.83377],[71.28507,34.81743],[71.27946,34.80501],[71.27436,34.8007],[71.2729,34.79947],[71.27253,34.79915],[71.27122,34.79805],[71.25742,34.79408],[71.25622,34.79374],[71.25503,34.7934],[71.24782,34.79133],[71.24631,34.79089],[71.2461,34.79051],[71.23147,34.76338],[71.2299,34.76045],[71.22798,34.75767],[71.22677,34.75592],[71.22647,34.75549],[71.225,34.75335],[71.22067,34.74949],[71.21986,34.74877],[71.2191,34.74809],[71.19572,34.74728],[71.19476,34.74657],[71.1852,34.73947],[71.18464,34.73906],[71.1843,34.7388],[71.18173,34.73689],[71.17278,34.73099],[71.17129,34.73001],[71.16974,34.72949],[71.16237,34.72703],[71.16125,34.72666],[71.16001,34.72625],[71.15418,34.72426],[71.14372,34.71562],[71.13964,34.71209],[71.13911,34.71162],[71.13704,34.70983],[71.13667,34.70951],[71.11453,34.71046],[71.11341,34.70895],[71.11262,34.70787],[71.10814,34.70179],[71.10603,34.69891],[71.10525,34.69717],[71.10501,34.69662],[71.10377,34.69383],[71.10012,34.68556],[71.09971,34.68464],[71.09838,34.68114],[71.09567,34.67552],[71.09574,34.67071],[71.09576,34.66854],[71.09586,34.66086],[71.10106,34.65103],[71.10131,34.65056],[71.10359,34.64626],[71.10389,34.64569],[71.10579,34.6421],[71.11057,34.62998],[71.10945,34.62691],[71.10705,34.62037],[71.1013,34.61176],[71.10091,34.61117],[71.09086,34.5961],[71.09045,34.5955],[71.08709,34.59046],[71.0808,34.58656],[71.07381,34.58223],[71.06758,34.58053],[71.05434,34.57691],[71.01796,34.57317],[71.01731,34.57287],[71.00581,34.56768],[71.00374,34.56674],[70.99688,34.5567],[70.99659,34.55628],[70.99556,34.55477],[70.99432,34.54244],[70.99284,34.52764],[70.99487,34.49151],[71.00112,34.47562],[71.00475,34.46637],[71.00512,34.46541],[71.00681,34.46112],[71.0091,34.45928],[71.01624,34.45355],[71.01683,34.45308],[71.0175,34.45255],[71.02067,34.45],[71.02128,34.44951],[71.023,34.44813],[71.05357,34.4275],[71.06535,34.41205],[71.06694,34.40962],[71.07461,34.39792],[71.07602,34.39577],[71.08353,34.39134],[71.08727,34.38914],[71.08964,34.38837],[71.09419,34.38689],[71.10745,34.38258],[71.11138,34.38131],[71.11847,34.379],[71.13613,34.3743],[71.13693,34.37419],[71.13818,34.37394],[71.13863,34.37364],[71.15394,34.36956],[71.16333,34.36596],[71.16458,34.36548],[71.1658,34.36502],[71.16947,34.36361],[71.17126,34.35826],[71.17117,34.34812],[71.17116,34.34662],[71.17109,34.33893],[71.16913,34.33641],[71.16881,34.33587],[71.16168,34.32694],[71.16109,34.32619],[71.15971,34.32444],[71.15839,34.32268],[71.15791,34.31988],[71.1577,34.31871],[71.15674,34.31317],[71.15452,34.31046],[71.15391,34.30972],[71.15281,34.30837],[71.15178,34.30712],[71.13362,34.28492],[71.13287,34.28402],[71.13178,34.28268],[71.13033,34.28091],[71.12206,34.26721],[71.12129,34.25493],[71.12322,34.24836],[71.1236,34.24709],[71.12505,34.24214],[71.12653,34.23712],[71.1325,34.2291],[71.13352,34.22773],[71.13458,34.2263],[71.13531,34.22532],[71.12826,34.2142],[71.1274,34.21185],[71.12663,34.20975],[71.12599,34.20803],[71.12444,34.20381],[71.12547,34.18822],[71.12607,34.17913],[71.12607,34.17817],[71.12607,34.17768],[71.12607,34.17565],[71.12607,34.1724],[71.12608,34.16243],[71.12427,34.16098],[71.10938,34.14908],[71.10743,34.14675],[71.10676,34.14594],[71.09322,34.12971],[71.09106,34.12711],[71.08214,34.11642],[71.08068,34.11467],[71.08006,34.11392],[71.07966,34.11345],[71.07275,34.10569],[71.07438,34.09649],[71.07475,34.0944],[71.07505,34.09267],[71.0767,34.08336],[71.07697,34.08184],[71.07735,34.07967],[71.07728,34.07866],[71.07629,34.06251],[71.06614,34.05264],[71.06536,34.05187],[71.06389,34.05164],[71.05392,34.05057],[71.04578,34.04969],[71.04316,34.04941],[71.04237,34.04933],[71.03983,34.0497],[71.03416,34.05054],[71.02822,34.04548],[71.02355,34.04147],[71.0225,34.04057],[71.01779,34.0366],[71.01714,34.03633],[71.01559,34.0357],[71.00167,34.03002],[70.9987,34.0288],[70.99798,34.0288],[70.99522,34.02876],[70.98318,34.0286],[70.96716,34.02299],[70.95689,34.01939],[70.95477,34.01865],[70.95,34.01691],[70.94712,34.01586],[70.94288,34.01431],[70.93562,34.01166],[70.93508,34.01168],[70.92531,34.01209],[70.9228,34.01131],[70.92221,34.01113],[70.91968,34.01035],[70.91794,34.00981],[70.91705,34.00491],[70.91666,34.00274],[70.91639,34.00127],[70.91145,33.99595],[70.90406,33.98798],[70.90274,33.98656],[70.89871,33.98221],[70.88724,33.97767],[70.8863,33.97729],[70.88495,33.97676],[70.87359,33.97782],[70.87302,33.97787],[70.86851,33.97829],[70.86399,33.97893],[70.86247,33.97914],[70.86043,33.97942],[70.85108,33.98073],[70.83792,33.98127],[70.83533,33.98138],[70.82713,33.98171],[70.82412,33.98175],[70.81653,33.97811],[70.80939,33.97469],[70.78832,33.9678],[70.78754,33.96692],[70.7855,33.96462],[70.78059,33.95909],[70.77947,33.95783],[70.76794,33.95486],[70.75915,33.95784],[70.75072,33.96071],[70.74132,33.96031],[70.74036,33.96027],[70.71878,33.96066],[70.71385,33.96074],[70.70113,33.96097],[70.69507,33.96079],[70.69112,33.96068],[70.68762,33.96057],[70.68523,33.9605],[70.6763,33.96024],[70.66935,33.95861],[70.66746,33.95816],[70.65413,33.95504],[70.65128,33.95437],[70.64052,33.95565],[70.63741,33.95604],[70.63065,33.95687],[70.62217,33.95859],[70.61242,33.96056],[70.60867,33.96132],[70.59388,33.96432],[70.58528,33.96266],[70.58356,33.96233],[70.58131,33.96189],[70.57947,33.96154],[70.56046,33.95787],[70.55732,33.95629],[70.54771,33.95148],[70.53986,33.94627],[70.53914,33.94578],[70.52504,33.95235],[70.5236,33.95195],[70.522,33.9515],[70.5202,33.95101],[70.51962,33.95085],[70.51668,33.95003],[70.51544,33.94969],[70.5114,33.94857],[70.50618,33.94595],[70.50168,33.94377],[70.49173,33.94364],[70.49114,33.94363],[70.46773,33.94334],[70.46441,33.94458],[70.46345,33.94493],[70.45483,33.94813],[70.45372,33.94854],[70.45325,33.94872],[70.45263,33.94895],[70.44796,33.95068],[70.44438,33.95201],[70.43938,33.95387],[70.4325,33.9573],[70.43031,33.95839],[70.42917,33.95895],[70.42745,33.95981],[70.42631,33.96038],[70.40372,33.96294],[70.4013,33.96295],[70.39065,33.96299],[70.38878,33.963],[70.37131,33.96306],[70.36926,33.96307],[70.35934,33.9631],[70.35668,33.96311],[70.32626,33.96322],[70.31203,33.96892],[70.31003,33.96972],[70.30439,33.97199],[70.30279,33.97262],[70.29794,33.97457],[70.29784,33.97286],[70.29068,33.9757],[70.27912,33.98028],[70.26096,33.97771],[70.24014,33.97336],[70.23882,33.97314],[70.22378,33.98119],[70.20782,33.98377],[70.20585,33.98408],[70.19834,33.9853],[70.18715,33.99064],[70.18556,33.9914],[70.17141,33.9982],[70.16975,33.999],[70.16917,33.99929],[70.15528,34.00772],[70.1543,34.00831],[70.15323,34.00854],[70.15117,34.00899],[70.13646,34.01215],[70.13236,34.01194],[70.12994,34.01181],[70.11936,34.01125],[70.11749,34.01115],[70.11192,34.01086],[70.10244,34.00859],[70.10017,34.00805],[70.0965,34.00934],[70.09442,34.01007],[70.08399,34.01375],[70.08247,34.01428],[70.07992,34.01518],[70.07815,34.01647],[70.07663,34.01756],[70.0697,34.02258],[70.06841,34.02351],[70.06748,34.02419],[70.04618,34.03672],[70.02441,34.0396],[70.02124,34.03971],[70.01926,34.03978],[70.01814,34.04114],[70.01196,34.0486],[70.00167,34.04895],[70.00112,34.04865],[70.0,34.04802],[69.98888,34.04185],[69.9871,34.04086],[69.98177,34.04021],[69.98091,34.04011],[69.96636,34.03834],[69.96203,34.03831],[69.96118,34.0383],[69.95223,34.03823],[69.9515,34.03823],[69.93776,34.03813],[69.93129,34.03808],[69.93033,34.03807],[69.91348,34.03794],[69.90688,34.03372],[69.89754,34.02774],[69.897,34.0163],[69.89694,34.01505],[69.89667,34.00955],[69.90106,33.99331],[69.90104,33.99277],[69.90097,33.99135],[69.90066,33.98475],[69.89827,33.98157],[69.8978,33.98094],[69.89631,33.97896],[69.89516,33.97742],[69.88604,33.97295],[69.87668,33.96835],[69.86582,33.95586],[69.86316,33.94669],[69.86141,33.94065],[69.86121,33.93993],[69.86142,33.93931],[69.86162,33.93874],[69.86574,33.92691],[69.86991,33.92288],[69.87049,33.92232],[69.87097,33.92185],[69.88297,33.91026],[69.89292,33.90076],[69.9039,33.89027],[69.90605,33.8863],[69.91218,33.87498],[69.91413,33.8648],[69.91441,33.86332],[69.91517,33.85937],[69.91554,33.85741],[69.91576,33.85627],[69.91631,33.8534],[69.91688,33.85262],[69.91751,33.85176],[69.91829,33.85069],[69.91955,33.84897],[69.92597,33.84022],[69.93489,33.83465],[69.94594,33.82775],[69.95569,33.81671],[69.9575,33.80819],[69.96307,33.78203],[69.96365,33.78036],[69.96842,33.76661],[69.96874,33.76568],[69.9698,33.76262],[69.97166,33.76075],[69.97196,33.76044],[69.97333,33.75906],[69.97376,33.75863],[69.98737,33.74494],[69.99185,33.74043],[69.99621,33.73825],[69.99805,33.73733],[69.99853,33.73709],[70.0,33.73635],[70.00146,33.73562],[70.00221,33.73525],[70.00564,33.73353],[70.01419,33.73234],[70.01656,33.73201],[70.02604,33.73069],[70.03506,33.73146],[70.05592,33.72604],[70.08662,33.71806],[70.08847,33.71758],[70.09212,33.71663],[70.09984,33.71802],[70.10106,33.71817],[70.10248,33.71842],[70.10688,33.71959],[70.10836,33.71998],[70.11679,33.72221],[70.11874,33.72214],[70.12447,33.72194],[70.136,33.7156],[70.13697,33.71507],[70.14517,33.70273],[70.14576,33.70184],[70.14624,33.70112],[70.14803,33.69843],[70.14864,33.69751],[70.1501,33.69531],[70.15053,33.68653],[70.15073,33.68242],[70.14972,33.67691],[70.14951,33.67578],[70.14857,33.67065],[70.14843,33.66992],[70.14775,33.66623],[70.14754,33.6651],[70.1472,33.66324],[70.14817,33.65872],[70.14842,33.65755],[70.14928,33.65351],[70.15455,33.65108],[70.16934,33.64423],[70.17746,33.64266],[70.17862,33.64243],[70.17991,33.64218],[70.18063,33.64204],[70.18967,33.64029],[70.19568,33.63482],[70.19702,33.6336],[70.19647,33.63088],[70.19613,33.6292],[70.19601,33.62859],[70.19589,33.628],[70.19359,33.61656],[70.1801,33.56704],[70.17941,33.56452],[70.17614,33.55269],[70.17471,33.54737],[70.17449,33.54307],[70.17408,33.53499],[70.17367,33.52683],[70.1736,33.52552],[70.17358,33.52506],[70.17537,33.52246],[70.17633,33.52106],[70.17687,33.52029],[70.18003,33.51571],[70.18082,33.51458],[70.18193,33.51297],[70.19035,33.50782],[70.20056,33.50158],[70.20549,33.49318],[70.2058,33.49266],[70.20679,33.49097],[70.20763,33.48953],[70.21188,33.48368],[70.21259,33.4827],[70.21481,33.47963],[70.21905,33.47865],[70.22026,33.47837],[70.22919,33.4763],[70.2314,33.47578],[70.23401,33.47505],[70.23524,33.47471],[70.23711,33.47419],[70.23867,33.47376],[70.24009,33.47336],[70.24024,33.47293],[70.24067,33.47171],[70.24507,33.4593],[70.24532,33.45857],[70.24555,33.45792],[70.24635,33.45567],[70.24685,33.45426],[70.24845,33.44975],[70.24887,33.44853],[70.24989,33.44567],[70.25045,33.44407],[70.25149,33.44116],[70.25196,33.43981],[70.25239,33.4386],[70.2557,33.43558],[70.2585,33.43302],[70.26066,33.43294],[70.26457,33.4328],[70.26603,33.43275],[70.27318,33.43249],[70.27522,33.43241],[70.28787,33.43195],[70.2971,33.42664],[70.29781,33.42623],[70.30097,33.41325],[70.30844,33.4041],[70.30963,33.40264],[70.3154,33.39556],[70.31496,33.38701],[70.31322,33.38015],[70.3126,33.37769],[70.31173,33.37426],[70.31924,33.35919],[70.32099,33.35569],[70.32262,33.35127],[70.32585,33.34248],[70.32659,33.34047],[70.32608,33.33887],[70.32591,33.33834],[70.32473,33.33468],[70.32416,33.33289],[70.32353,33.33093],[70.30817,33.33043],[70.29426,33.32826],[70.2934,33.32813],[70.29238,33.32797],[70.29143,33.32782],[70.29047,33.32674],[70.2781,33.31286],[70.27108,33.30497],[70.26811,33.30212],[70.26613,33.30021],[70.26434,33.2985],[70.2607,33.295],[70.25885,33.29321],[70.25652,33.29098],[70.23346,33.2688],[70.21345,33.2542],[70.20827,33.25042],[70.20747,33.25002],[70.20694,33.24976],[70.20632,33.24946],[70.20257,33.24762],[70.20078,33.24674],[70.19965,33.24619],[70.18994,33.24142],[70.187,33.24095],[70.18516,33.24065],[70.17251,33.23862],[70.1719,33.23852],[70.17063,33.23832],[70.16919,33.23809],[70.16807,33.23791],[70.16397,33.2327],[70.16149,33.22923],[70.15574,33.2212],[70.15178,33.21996],[70.14599,33.21814],[70.14334,33.21731],[70.13111,33.21348],[70.12981,33.21332],[70.129,33.21322],[70.11628,33.21165],[70.114,33.21136],[70.10415,33.21014],[70.09385,33.20836],[70.0889,33.21102],[70.08707,33.21201],[70.07894,33.21638],[70.06859,33.21387],[70.06728,33.21352],[70.06509,33.21003],[70.06444,33.20899],[70.05834,33.1993],[70.02308,33.14327],[70.01381,33.1418],[70.01142,33.14142],[70.00732,33.14077],[70.00638,33.14062],[70.0,33.13977],[69.98713,33.13806],[69.98157,33.13709],[69.97685,33.13627],[69.97589,33.13586],[69.97455,33.13529],[69.96799,33.13251],[69.96645,33.13186],[69.96514,33.1313],[69.9459,33.12874],[69.94249,33.1265],[69.94013,33.12495],[69.93734,33.12312],[69.93322,33.12042],[69.93159,33.11935],[69.93052,33.11865],[69.92879,33.11751],[69.92806,33.11669],[69.92653,33.11498],[69.92236,33.1103],[69.91842,33.10591],[69.9167,33.10399],[69.90127,33.10128],[69.89843,33.10138],[69.89237,33.10158],[69.89086,33.10105],[69.88344,33.09846],[69.87553,33.0957],[69.87142,33.09584],[69.86718,33.09598],[69.85645,33.09633],[69.85428,33.09699],[69.85019,33.09824],[69.8379,33.10198],[69.82881,33.10474],[69.81537,33.11342],[69.80643,33.1192],[69.8017,33.12225],[69.7991,33.12393],[69.78808,33.1271],[69.78653,33.12754],[69.77905,33.12349],[69.77346,33.12046],[69.76681,33.11424],[69.75611,33.11402],[69.7464,33.11382],[69.7373,33.10982],[69.73626,33.10837],[69.7327,33.10344],[69.73051,33.10039],[69.72886,33.0989],[69.72404,33.09451],[69.72172,33.09303],[69.72024,33.09281],[69.71233,33.09164],[69.70761,33.09094],[69.70459,33.0905],[69.69767,33.09219],[69.68946,33.09419],[69.6877,33.09481],[69.68389,33.09615],[69.67943,33.09772],[69.67513,33.09785],[69.67154,33.09797],[69.66872,33.09805],[69.66671,33.09812],[69.66282,33.09716],[69.65515,33.09527],[69.64419,33.0959],[69.63337,33.09654],[69.617,33.09751],[69.58185,33.09757],[69.58005,33.09757],[69.57769,33.09481],[69.57353,33.08995],[69.56664,33.0819],[69.56027,33.0758],[69.55287,33.06873],[69.55256,33.06843],[69.55224,33.06812],[69.54275,33.05905],[69.53515,33.05265],[69.51199,33.03315],[69.51096,33.03229],[69.5071,33.02904],[69.5065,33.02689],[69.504,33.01802],[69.49963,33.00247],[69.49754,32.991],[69.49588,32.98194],[69.49302,32.96623],[69.49207,32.94363],[69.49203,32.94269],[69.49864,32.92653],[69.50683,32.90649],[69.50799,32.90364],[69.50963,32.89965],[69.5122,32.89336],[69.51509,32.88628],[69.53109,32.87401],[69.53243,32.87108],[69.53458,32.8664],[69.53406,32.86574],[69.53054,32.86117],[69.51247,32.85422],[69.50681,32.85127],[69.50079,32.84813],[69.47424,32.85106],[69.46391,32.84708],[69.46246,32.84357],[69.4613,32.84073],[69.46049,32.83875],[69.45826,32.83332],[69.44098,32.81455],[69.43018,32.80642],[69.42153,32.79992],[69.41616,32.79588],[69.41217,32.79289],[69.39521,32.78159],[69.3947,32.78026],[69.39237,32.77417],[69.39312,32.76129],[69.39487,32.75911],[69.39731,32.75606],[69.3977,32.75572],[69.40278,32.74923],[69.40591,32.74696],[69.41096,32.7433],[69.4151,32.7403],[69.42624,32.73481],[69.43126,32.73233],[69.43457,32.73081],[69.44122,32.72775],[69.44158,32.72493],[69.44218,32.72023],[69.44047,32.70957],[69.44004,32.7071],[69.43953,32.70414],[69.4388,32.69997],[69.43728,32.69358],[69.43704,32.68795],[69.43697,32.68623],[69.44295,32.67735],[69.44519,32.67429],[69.44774,32.67078],[69.45123,32.66318],[69.44442,32.6516],[69.44187,32.64811],[69.43833,32.64326],[69.43369,32.63691],[69.42417,32.62542],[69.42179,32.62254],[69.41635,32.61596],[69.41355,32.61145],[69.41039,32.60632],[69.41013,32.60591],[69.40587,32.59902],[69.4001,32.58969],[69.38524,32.56655],[69.36824,32.55975],[69.3428,32.54956],[69.33291,32.54541],[69.32607,32.54254],[69.30071,32.54111],[69.28521,32.53298],[69.27023,32.50555],[69.24811,32.47248],[69.2407,32.46139],[69.23878,32.4443],[69.25024,32.414],[69.25551,32.40399],[69.27142,32.37378],[69.28006,32.35782],[69.28084,32.35639],[69.27959,32.29216],[69.27707,32.2869],[69.26998,32.27209],[69.27114,32.25476],[69.27291,32.22532],[69.27387,32.20987],[69.27577,32.19375],[69.27476,32.18345],[69.27367,32.1724],[69.27284,32.15101],[69.28946,32.09272],[69.28862,32.08726],[69.28611,32.0714],[69.28804,32.06026],[69.29678,32.00971],[69.29846,32.0],[69.30035,31.99193],[69.30618,31.98903],[69.312,31.98613],[69.31253,31.97869],[69.31272,31.97607],[69.31527,31.96878],[69.31937,31.95654],[69.32092,31.95189],[69.32455,31.95444],[69.33044,31.95962],[69.33083,31.96021],[69.33167,31.95835],[69.33196,31.95777],[69.33239,31.95738],[69.3335,31.95637],[69.33723,31.95412],[69.33835,31.95356],[69.34114,31.95214],[69.3418,31.95183],[69.34679,31.95196],[69.34968,31.95328],[69.35229,31.95459],[69.36201,31.9602],[69.36299,31.96099],[69.364,31.96179],[69.36442,31.96211],[69.36737,31.96437],[69.36786,31.96476],[69.3685,31.96527],[69.36943,31.96562],[69.37202,31.96658],[69.37487,31.96665],[69.37946,31.96566],[69.37992,31.96556],[69.38931,31.96275],[69.39392,31.96237],[69.39436,31.96237],[69.39503,31.96237],[69.39559,31.96237],[69.39822,31.96281],[69.40001,31.96311],[69.40358,31.9637],[69.40443,31.96364],[69.4093,31.96327],[69.41576,31.96278],[69.42537,31.96263],[69.42877,31.96276],[69.42994,31.9628],[69.43287,31.96292],[69.43859,31.96395],[69.44708,31.96659],[69.4555,31.96669],[69.46449,31.96586],[69.47002,31.96535],[69.47127,31.96523],[69.48125,31.96609],[69.49758,31.96952],[69.51043,31.97272],[69.51127,31.97296],[69.51198,31.97325],[69.5158,31.97485],[69.51881,31.97611],[69.52312,31.9756],[69.52376,31.97475],[69.52552,31.97272],[69.52982,31.96724],[69.53525,31.96065],[69.5359,31.95984],[69.53728,31.9593],[69.54041,31.9581],[69.54134,31.95775],[69.54615,31.95669],[69.54876,31.95611],[69.55091,31.95756],[69.55237,31.95855],[69.55916,31.96348],[69.56345,31.96689],[69.57026,31.97082],[69.57251,31.9718],[69.58279,31.97629],[69.58608,31.97795],[69.58813,31.97935],[69.58951,31.98026],[69.59073,31.98104],[69.59261,31.9829],[69.59435,31.98461],[69.59571,31.98525],[69.59763,31.98692],[69.60058,31.99053],[69.60391,31.99462],[69.60873,31.99848],[69.6104,31.9989],[69.61197,31.99975],[69.61908,32.00138],[69.62029,32.00175],[69.62563,32.00454],[69.626,32.00476],[69.62922,32.00724],[69.63031,32.00986],[69.63059,32.01244],[69.63065,32.01299],[69.63174,32.01618],[69.63257,32.01763],[69.63284,32.0181],[69.63321,32.01874],[69.63579,32.02226],[69.638,32.02515],[69.64022,32.02803],[69.64243,32.0306],[69.64354,32.03252],[69.64351,32.0357],[69.64348,32.03793],[69.64455,32.04304],[69.64567,32.04467],[69.64676,32.04624],[69.64864,32.04766],[69.64973,32.04849],[69.65564,32.05044],[69.65905,32.05239],[69.66001,32.05322],[69.66146,32.05466],[69.66204,32.05511],[69.66719,32.06137],[69.67043,32.06449],[69.67289,32.06686],[69.67683,32.07067],[69.67955,32.07294],[69.68174,32.07343],[69.68242,32.07359],[69.68317,32.07367],[69.68851,32.07431],[69.69468,32.07504],[69.70815,32.07673],[69.70948,32.07674],[69.71071,32.07697],[69.71272,32.07679],[69.71667,32.07666],[69.72026,32.07672],[69.72499,32.07748],[69.73696,32.07821],[69.73965,32.07886],[69.74218,32.0796],[69.74395,32.08012],[69.74492,32.08041],[69.7488,32.08159],[69.75088,32.08233],[69.75713,32.08376],[69.76497,32.08636],[69.76868,32.08957],[69.77317,32.09056],[69.7758,32.0893],[69.77732,32.0874],[69.77883,32.08582],[69.77996,32.08582],[69.78258,32.08584],[69.78482,32.08649],[69.7878,32.08874],[69.78966,32.09003],[69.79414,32.09101],[69.79676,32.09167],[69.799,32.09296],[69.80421,32.09522],[69.80571,32.09555],[69.80759,32.09556],[69.80946,32.09462],[69.81509,32.09433],[69.81845,32.09467],[69.82257,32.09502],[69.82743,32.09632],[69.83378,32.09859],[69.84388,32.09961],[69.84986,32.1006],[69.85249,32.10062],[69.85399,32.09967],[69.854,32.09808],[69.85255,32.09361],[69.84511,32.0872],[69.84066,32.08207],[69.83477,32.06961],[69.82742,32.05364],[69.823,32.04565],[69.81929,32.04212],[69.81818,32.0402],[69.81746,32.03669],[69.81412,32.03381],[69.80705,32.02866],[69.80295,32.02705],[69.79997,32.02543],[69.79998,32.02416],[69.80037,32.02257],[69.80602,32.01847],[69.81291,32.01347],[69.82006,32.00905],[69.82647,32.00368],[69.84525,31.99456],[69.85651,31.99017],[69.86401,31.98798],[69.87527,31.98359],[69.88052,31.98171],[69.8828,31.97822],[69.88283,31.9744],[69.88136,31.96961],[69.87877,31.96673],[69.87694,31.96226],[69.87549,31.9562],[69.87292,31.95045],[69.8685,31.94214],[69.86256,31.93637],[69.85738,31.93029],[69.85332,31.92485],[69.85259,31.92134],[69.85308,31.90765],[69.85313,31.9016],[69.8547,31.89364],[69.85583,31.89206],[69.86256,31.8921],[69.8672,31.89169],[69.87096,31.88885],[69.87696,31.88538],[69.88258,31.88414],[69.8878,31.88513],[69.89339,31.88675],[69.89899,31.88838],[69.90232,31.89126],[69.9075,31.89798],[69.91232,31.90374],[69.91639,31.90886],[69.92158,31.91462],[69.92602,31.92102],[69.93194,31.92933],[69.93565,31.9319],[69.939,31.93415],[69.94572,31.93609],[69.95393,31.93741],[69.95954,31.93744],[69.96329,31.93682],[69.96331,31.9331],[69.96333,31.93173],[69.96336,31.92567],[69.9634,31.92058],[69.96157,31.91515],[69.95978,31.90463],[69.95685,31.89634],[69.95645,31.89451],[69.9543,31.88645],[69.95433,31.88263],[69.95435,31.88008],[69.95586,31.8769],[69.95702,31.87277],[69.95703,31.87086],[69.95592,31.86894],[69.9537,31.86574],[69.94924,31.86285],[69.94479,31.859],[69.94182,31.85612],[69.93997,31.85356],[69.93925,31.84974],[69.93893,31.84341],[69.93976,31.83258],[69.94292,31.80903],[69.94524,31.79885],[69.94676,31.79471],[69.94902,31.79186],[69.9539,31.7887],[69.9569,31.78617],[69.95766,31.78426],[69.95768,31.78139],[69.95586,31.77565],[69.95177,31.77213],[69.94843,31.7702],[69.94662,31.76286],[69.94667,31.75554],[69.94708,31.75044],[69.94936,31.74536],[69.94976,31.7409],[69.95093,31.73454],[69.95136,31.72594],[69.95069,31.71606],[69.95009,31.69693],[69.94951,31.67399],[69.94669,31.65136],[69.94531,31.63638],[69.94551,31.60899],[69.94456,31.58701],[69.94372,31.56789],[69.94366,31.56633],[69.94038,31.55739],[69.93967,31.55102],[69.93971,31.5456],[69.94274,31.53925],[69.94726,31.53195],[69.95549,31.52594],[69.96149,31.52024],[69.96524,31.51643],[69.97121,31.51455],[69.97828,31.51395],[69.9913,31.51402],[70.00992,31.51284],[70.01514,31.51159],[70.01814,31.5081],[70.02078,31.50142],[70.02308,31.49188],[70.03022,31.48013],[70.03214,31.47185],[70.03819,31.45532],[70.04385,31.44229],[70.0443,31.43497],[70.04697,31.42383],[70.05042,31.40697],[70.05242,31.39835],[70.05309,31.39551],[70.05714,31.38958],[70.05831,31.38948],[70.06701,31.3881],[70.0694,31.38772],[70.07304,31.38824],[70.07526,31.38941],[70.07756,31.39245],[70.07856,31.39926],[70.07874,31.4036],[70.08105,31.40726],[70.0906,31.41009],[70.09505,31.41244],[70.09737,31.4161],[70.09767,31.42355],[70.09727,31.43164],[70.09475,31.44103],[70.09498,31.44662],[70.0958,31.44908],[70.098,31.44964],[70.1009,31.44955],[70.11095,31.44677],[70.11385,31.44668],[70.11587,31.44289],[70.11784,31.43786],[70.11841,31.43411],[70.12188,31.43028],[70.1247,31.42833],[70.12902,31.42758],[70.13125,31.42876],[70.1321,31.43184],[70.13365,31.43428],[70.13663,31.43605],[70.14234,31.43402],[70.14524,31.43393],[70.14959,31.4338],[70.15189,31.43684],[70.15274,31.43992],[70.1543,31.44236],[70.16159,31.44338],[70.16739,31.4432],[70.17104,31.44372],[70.17401,31.44549],[70.18009,31.45214],[70.18324,31.45826],[70.18783,31.46371],[70.19241,31.46917],[70.19766,31.47335],[70.20361,31.4769],[70.21324,31.48158],[70.22357,31.48561],[70.22888,31.49104],[70.23647,31.49889],[70.24103,31.50372],[70.24559,31.50855],[70.25211,31.50835],[70.25719,31.50819],[70.26079,31.50746],[70.26211,31.50431],[70.2619,31.49934],[70.26527,31.47624],[70.26749,31.46002],[70.27199,31.44621],[70.27646,31.43177],[70.27862,31.41431],[70.27863,31.39753],[70.276,31.38349],[70.2733,31.37115],[70.2685,31.34333],[70.26634,31.32662],[70.26582,31.31421],[70.26806,31.2986],[70.26786,31.27686],[70.27018,31.26312],[70.27203,31.2556],[70.2718,31.25002],[70.27007,31.24324],[70.26337,31.23909],[70.25885,31.23489],[70.25725,31.23121],[70.25712,31.2281],[70.25766,31.22374],[70.26186,31.2205],[70.26679,31.21724],[70.27025,31.2134],[70.26846,31.2066],[70.26248,31.20112],[70.26737,31.18876],[70.28751,31.1655],[70.2926,31.16784],[70.30988,31.17481],[70.31761,31.17703],[70.31871,31.17735],[70.3235,31.17873],[70.33401,31.18176],[70.33487,31.18201],[70.33695,31.1826],[70.33755,31.18276],[70.3415,31.18375],[70.35217,31.18643],[70.35262,31.18655],[70.35411,31.18692],[70.35664,31.18755],[70.35754,31.18778],[70.35994,31.18838],[70.36155,31.18878],[70.36477,31.18958],[70.36602,31.1899],[70.36899,31.19063],[70.36975,31.1908],[70.37095,31.19107],[70.37222,31.19135],[70.37338,31.1916],[70.38071,31.19321],[70.39404,31.19636],[70.40454,31.19983],[70.40399,31.20596],[70.405,31.21261],[70.40963,31.21861],[70.41354,31.22539],[70.41847,31.23593],[70.42273,31.24494],[70.42416,31.24655],[70.42297,31.24847],[70.4238,31.25002],[70.42466,31.25122],[70.42772,31.25381],[70.42875,31.2563],[70.42922,31.25979],[70.43003,31.26363],[70.43055,31.26578],[70.43251,31.26856],[70.43663,31.27249],[70.43897,31.27611],[70.44013,31.27819],[70.44672,31.28611],[70.44884,31.29052],[70.45022,31.29405],[70.45197,31.29475],[70.45515,31.29513],[70.45761,31.29601],[70.46032,31.2968],[70.46485,31.29743],[70.46736,31.29785],[70.47076,31.29854],[70.4808,31.29984],[70.49007,31.30007],[70.49483,31.30113],[70.49982,31.30231],[70.50144,31.30223],[70.50629,31.30329],[70.51046,31.3041],[70.51395,31.30434],[70.52039,31.30475],[70.52481,31.30609],[70.52821,31.30916],[70.52894,31.31166],[70.5291,31.3138],[70.53159,31.31735],[70.53487,31.31898],[70.53809,31.32093],[70.53972,31.32279],[70.54107,31.32431],[70.54061,31.32602],[70.54275,31.32926],[70.5451,31.33314],[70.54493,31.33567],[70.54552,31.33559],[70.55081,31.33553],[70.55473,31.33811],[70.55842,31.34015],[70.56208,31.34046],[70.56574,31.34042],[70.56898,31.33933],[70.57461,31.33578],[70.58267,31.3315],[70.58996,31.32967],[70.59767,31.32887],[70.60131,31.32778],[70.60291,31.32637],[70.60448,31.32286],[70.60567,31.32111],[70.60769,31.32004],[70.61015,31.3214],[70.6114,31.32313],[70.61344,31.3238],[70.61427,31.32483],[70.61631,31.32516],[70.61996,31.32476],[70.6236,31.32332],[70.62881,31.31977],[70.63448,31.31761],[70.64139,31.31787],[70.64828,31.31761],[70.65479,31.31735],[70.66617,31.31721],[70.67266,31.31643],[70.67509,31.31605],[70.67877,31.3174],[70.68083,31.31877],[70.68504,31.32673],[70.69124,31.33257],[70.69861,31.33562],[70.70475,31.33798],[70.71085,31.3379],[70.71776,31.33781],[70.72548,31.33771],[70.73237,31.33657],[70.73399,31.3362],[70.73521,31.33583],[70.73843,31.33474],[70.74044,31.33297],[70.7412,31.32983],[70.74232,31.32458],[70.74345,31.31968],[70.74503,31.31688],[70.74895,31.31488],[70.75348,31.31258],[70.76111,31.31067],[70.76603,31.30962],[70.77087,31.30816],[70.77474,31.30574],[70.7789,31.30821],[70.78177,31.31144],[70.78356,31.31449],[70.78512,31.31903],[70.7871,31.32785],[70.78793,31.33287],[70.78754,31.33578],[70.78661,31.33844],[70.78534,31.3423],[70.78484,31.34461],[70.78505,31.34681],[70.78557,31.3484],[70.78651,31.35013],[70.7879,31.35102],[70.78986,31.3518],[70.79564,31.35315],[70.80002,31.35387],[70.8027,31.35442],[70.80522,31.35605],[70.80812,31.35855],[70.81059,31.36141],[70.81078,31.36183],[70.81298,31.36647],[70.81372,31.36977],[70.81319,31.37305],[70.81388,31.37554],[70.81705,31.37753],[70.82304,31.37799],[70.82928,31.37786],[70.83486,31.3818],[70.83541,31.38301],[70.83618,31.38627],[70.83614,31.38837],[70.83473,31.38963],[70.83296,31.3904],[70.8292,31.39198],[70.82701,31.39283],[70.82733,31.39391],[70.82833,31.39578],[70.83022,31.3969],[70.83329,31.3968],[70.83569,31.39666],[70.83993,31.39669],[70.84207,31.39718],[70.84296,31.3987],[70.84271,31.40085],[70.84193,31.40197],[70.84262,31.40429],[70.8432,31.4062],[70.84306,31.40947],[70.84207,31.41292],[70.84214,31.41767],[70.84226,31.42259],[70.84248,31.42483],[70.84364,31.42572],[70.84505,31.42599],[70.84713,31.42553],[70.84927,31.42526],[70.85142,31.42575],[70.85989,31.42657],[70.8717,31.42667],[70.87578,31.42768],[70.8796,31.42933],[70.88269,31.43075],[70.884,31.43218],[70.88547,31.43338],[70.88641,31.43432],[70.88992,31.43565],[70.89265,31.43734],[70.89307,31.43877],[70.89355,31.44038],[70.8924,31.44254],[70.88979,31.44425],[70.88729,31.44479],[70.88468,31.4465],[70.88438,31.44847],[70.88496,31.4512],[70.88576,31.45389],[70.88734,31.45774],[70.8884,31.46206],[70.88915,31.46609],[70.89047,31.47051],[70.8908,31.47163],[70.8927,31.47579],[70.89532,31.47941],[70.89712,31.48245],[70.89738,31.4841],[70.89671,31.48558],[70.89504,31.48671],[70.89249,31.48784],[70.88998,31.48838],[70.88318,31.48948],[70.88151,31.48985],[70.87989,31.49039],[70.87869,31.49236],[70.87703,31.49425],[70.87694,31.4977],[70.87689,31.50056],[70.8767,31.50441],[70.87687,31.50723],[70.8763,31.50907],[70.87343,31.51065],[70.8715,31.51164],[70.8693,31.5125],[70.86942,31.51361],[70.87004,31.51424],[70.87212,31.51446],[70.87588,31.51441],[70.87782,31.51418],[70.88168,31.51295],[70.88722,31.51289],[70.89643,31.51241],[70.89832,31.51276],[70.90009,31.51352],[70.90093,31.5141],[70.90163,31.51642],[70.90221,31.51839],[70.90202,31.52224],[70.90118,31.52395],[70.89962,31.52543],[70.89356,31.52903],[70.89028,31.53146],[70.88642,31.53421],[70.88402,31.53663],[70.88231,31.54062],[70.8807,31.54269],[70.87949,31.5439],[70.87636,31.54458],[70.87359,31.545],[70.87165,31.54523],[70.87003,31.54577],[70.86936,31.54725],[70.87032,31.55047],[70.87115,31.55257],[70.87227,31.55481],[70.87295,31.55561],[70.8741,31.5565],[70.87547,31.55659],[70.87761,31.55707],[70.87908,31.55828],[70.88013,31.55957],[70.88087,31.56132],[70.88104,31.56414],[70.88005,31.5663],[70.87986,31.56932],[70.88033,31.57093],[70.88128,31.57187],[70.8829,31.57209],[70.88484,31.57186],[70.88709,31.5727],[70.88993,31.57475],[70.89088,31.57645],[70.89162,31.57895],[70.89185,31.58271],[70.89279,31.58441],[70.89384,31.58495],[70.89745,31.58511],[70.89882,31.58596],[70.89941,31.58793],[70.89947,31.59039],[70.89869,31.59227],[70.89597,31.59515],[70.89468,31.59752],[70.89233,31.60089],[70.89203,31.60362],[70.8912,31.60685],[70.88828,31.60901],[70.88572,31.61014],[70.88327,31.61238],[70.88354,31.61556],[70.88418,31.61771],[70.88484,31.61876],[70.88671,31.62173],[70.88935,31.62551],[70.89072,31.62636],[70.89167,31.62958],[70.89137,31.63231],[70.8897,31.6342],[70.88782,31.63537],[70.88489,31.63601],[70.883,31.63718],[70.88254,31.63785],[70.88291,31.6391],[70.88413,31.64322],[70.8872,31.65055],[70.89053,31.65726],[70.89438,31.66423],[70.89906,31.67102],[70.90256,31.67568],[70.90423,31.6779],[70.90771,31.68209],[70.91012,31.68347],[70.91775,31.6879],[70.92116,31.68887],[70.9244,31.68855],[70.9353,31.68618],[70.94131,31.68544],[70.94289,31.68624],[70.94363,31.68798],[70.94249,31.69014],[70.9415,31.69131],[70.93542,31.69263],[70.93317,31.69331],[70.9326,31.69438],[70.93193,31.69662],[70.9328,31.70253],[70.93466,31.70956],[70.93621,31.71627],[70.93864,31.72069],[70.94118,31.72395],[70.94234,31.7256],[70.94543,31.72767],[70.94707,31.72876],[70.95206,31.7313],[70.95469,31.73263],[70.9559,31.73446],[70.95718,31.73723],[70.95763,31.74014],[70.95946,31.74775],[70.96104,31.75159],[70.96236,31.75302],[70.96384,31.75422],[70.96578,31.75551],[70.97036,31.75738],[70.97404,31.76],[70.97625,31.76143],[70.97789,31.76393],[70.98002,31.77032],[70.98103,31.77372],[70.98235,31.77515],[70.98392,31.77595],[70.98608,31.77643],[70.98938,31.77644],[70.99137,31.77644],[70.993,31.77645],[70.99673,31.77697],[70.999,31.77857],[71.00073,31.77991],[71.00148,31.78241],[71.00266,31.78635],[71.00324,31.78756],[71.00834,31.79516],[71.0126,31.80151],[71.01714,31.80751],[71.01886,31.81169],[71.02052,31.81574],[71.02393,31.82618],[71.02738,31.8384],[71.02956,31.84402],[71.03176,31.85225],[71.03275,31.85647],[71.03399,31.86271],[71.03546,31.86793],[71.03785,31.87093],[71.04118,31.87413],[71.04546,31.87611],[71.05612,31.88026],[71.06062,31.88183],[71.06229,31.88303],[71.06255,31.88464],[71.06257,31.88725],[71.06213,31.88987],[71.06054,31.89653],[71.0594,31.90076],[71.05991,31.90418],[71.06135,31.90679],[71.06303,31.90858],[71.06546,31.91138],[71.06833,31.91437],[71.06882,31.91638],[71.06719,31.91881],[71.06605,31.92204],[71.06468,31.92728],[71.06519,31.9309],[71.06618,31.93492],[71.06722,31.93887],[71.06815,31.94235],[71.0688,31.94416],[71.07101,31.95022],[71.06915,31.96134],[71.06801,31.96661],[71.06747,31.96907],[71.06668,31.97059],[71.06977,31.98235],[71.07045,31.98718],[71.07214,31.99891],[71.06987,32.00815],[71.06879,32.0181],[71.0663,32.02046],[71.06501,32.02319],[71.06332,32.02591],[71.06325,32.02866],[71.06321,32.03003],[71.06599,32.03181],[71.06791,32.03246],[71.06919,32.0329],[71.07565,32.03303],[71.08089,32.03382],[71.08484,32.037],[71.08841,32.03947],[71.09041,32.04534],[71.09065,32.04605],[71.09058,32.04846],[71.09056,32.04949],[71.09048,32.05224],[71.09161,32.05536],[71.09394,32.05885],[71.09587,32.06232],[71.09653,32.06636],[71.09836,32.07328],[71.09989,32.0764],[71.10172,32.08366],[71.10236,32.08987],[71.10443,32.09328],[71.107,32.09753],[71.10971,32.10205],[71.11203,32.10588],[71.11359,32.10798],[71.1134,32.11519],[71.11253,32.11758],[71.11083,32.1203],[71.10795,32.12231],[71.10589,32.12364],[71.10383,32.12498],[71.10256,32.12702],[71.10247,32.13046],[71.10239,32.13321],[71.1062,32.14188],[71.10763,32.14913],[71.10955,32.15261],[71.11143,32.1578],[71.11216,32.16092],[71.11295,32.16162],[71.11451,32.16371],[71.11654,32.16375],[71.12428,32.1615],[71.13081,32.1599],[71.14296,32.15945],[71.14658,32.16021],[71.15173,32.16444],[71.15566,32.16864],[71.15936,32.1746],[71.16148,32.17804],[71.16749,32.1843],[71.16983,32.18744],[71.17298,32.19094],[71.17531,32.19694],[71.17647,32.19911],[71.17645,32.2001],[71.17641,32.2011],[71.17639,32.2021],[71.17548,32.20307],[71.17431,32.20497],[71.17334,32.20652],[71.17183,32.20823],[71.16817,32.21364],[71.16715,32.21885],[71.16668,32.22556],[71.16653,32.23153],[71.16914,32.24353],[71.17078,32.24804],[71.17303,32.25157],[71.17616,32.25536],[71.17899,32.2589],[71.18121,32.26368],[71.18462,32.26822],[71.18977,32.27305],[71.1944,32.27538],[71.19791,32.27689],[71.20081,32.27843],[71.20457,32.2805],[71.20657,32.28253],[71.20826,32.28505],[71.20989,32.29006],[71.2115,32.29557],[71.21374,32.30009],[71.21598,32.30412],[71.21824,32.30739],[71.22311,32.31172],[71.22915,32.31656],[71.23976,32.32622],[71.26092,32.34321],[71.26736,32.34838],[71.27177,32.35242],[71.27609,32.35548],[71.28096,32.36055],[71.28267,32.36257],[71.28437,32.36485],[71.2858,32.36612],[71.28784,32.3669],[71.29047,32.36745],[71.29459,32.36702],[71.29784,32.36609],[71.30196,32.36566],[71.31137,32.36509],[71.31549,32.36491],[71.32108,32.36426],[71.32256,32.36404],[71.329,32.36441],[71.33248,32.36646],[71.33568,32.36776],[71.33768,32.36954],[71.3391,32.37156],[71.34022,32.37407],[71.34005,32.38078],[71.33878,32.38449],[71.33756,32.38646],[71.33667,32.38723],[71.33456,32.38915],[71.33036,32.39281],[71.32853,32.39552],[71.32726,32.39948],[71.32713,32.4047],[71.32991,32.41097],[71.331,32.41423],[71.33331,32.41576],[71.33566,32.41581],[71.3398,32.41488],[71.34303,32.41469],[71.34534,32.41648],[71.34438,32.41969],[71.33962,32.42185],[71.33604,32.42428],[71.33456,32.425],[71.33452,32.42649],[71.33532,32.42974],[71.33608,32.43448],[71.33948,32.44349],[71.34198,32.44926],[71.34341,32.457],[71.34362,32.4591],[71.34367,32.45967],[71.344,32.46149],[71.34675,32.46965],[71.3475,32.47185],[71.34974,32.48014],[71.35139,32.48973],[71.3527,32.49699],[71.35303,32.49855],[71.35212,32.49959],[71.35059,32.49961],[71.34753,32.49963],[71.34234,32.5002],[71.33838,32.50205],[71.33685,32.50593],[71.32841,32.52655],[71.32529,32.53239],[71.32348,32.53395],[71.318,32.53439],[71.31297,32.53366],[71.30566,32.53333],[71.29879,32.53223],[71.29786,32.53069],[71.29784,32.52875],[71.29782,32.52758],[71.30007,32.52447],[71.30003,32.52098],[71.29998,32.51672],[71.29675,32.51364],[71.294,32.51328],[71.2899,32.51409],[71.28533,32.51413],[71.28031,32.51417],[71.27665,32.51342],[71.2748,32.51189],[71.27294,32.5088],[71.27198,32.50455],[71.27005,32.49565],[71.26908,32.491],[71.26542,32.49026],[71.26222,32.49028],[71.25676,32.49188],[71.25269,32.49463],[71.24725,32.49816],[71.24319,32.50362],[71.23821,32.50753],[71.23277,32.51107],[71.23196,32.51204],[71.23227,32.51245],[71.23402,32.5145],[71.23553,32.51672],[71.23679,32.51893],[71.24693,32.53665],[71.24795,32.53944],[71.24886,32.54136],[71.2489,32.54451],[71.1796,32.59107],[71.17867,32.59169],[71.17623,32.59159],[71.17477,32.59162],[71.17359,32.59203],[71.17112,32.59336],[71.16866,32.59489],[71.16666,32.59663],[71.16557,32.59753],[71.16393,32.59908],[71.16321,32.60033],[71.16274,32.60114],[71.16254,32.60252],[71.16334,32.60504],[71.16476,32.60698],[71.16702,32.60728],[71.16811,32.60781],[71.16895,32.60901],[71.16837,32.61323],[71.16814,32.61596],[71.16793,32.61712],[71.1676,32.6188],[71.1664,32.62131],[71.16501,32.6228],[71.16378,32.62387],[71.16209,32.62524],[71.16139,32.62662],[71.16055,32.6277],[71.15977,32.62943],[71.15908,32.6309],[71.15784,32.63306],[71.15706,32.63621],[71.15656,32.63789],[71.15629,32.64076],[71.15595,32.6428],[71.15546,32.64534],[71.15516,32.64665],[71.15506,32.64794],[71.15666,32.64975],[71.15771,32.65186],[71.15572,32.65228],[71.15388,32.65198],[71.15196,32.65112],[71.14973,32.65154],[71.14841,32.65201],[71.14783,32.65449],[71.14792,32.65601],[71.14787,32.65786],[71.14816,32.65929],[71.15574,32.67311],[71.15724,32.67511],[71.15445,32.67437],[71.15224,32.67365],[71.15089,32.67344],[71.14967,32.67361],[71.14767,32.67466],[71.1467,32.67567],[71.14468,32.67743],[71.14269,32.67854],[71.14095,32.67973],[71.13994,32.6816],[71.14001,32.68302],[71.13882,32.68623],[71.13766,32.68774],[71.13655,32.68937],[71.13608,32.69104],[71.13537,32.69248],[71.13402,32.69484],[71.13449,32.69751],[71.13634,32.70235],[71.13697,32.70413],[71.13766,32.7057],[71.13792,32.7076],[71.13955,32.70749],[71.13989,32.70883],[71.14124,32.71032],[71.14262,32.71069],[71.14294,32.71347],[71.14397,32.72242],[71.1433,32.72381],[71.14243,32.72596],[71.14219,32.72736],[71.14205,32.7286],[71.14125,32.73008],[71.13956,32.73236],[71.13873,32.73337],[71.13693,32.73494],[71.13593,32.73567],[71.13454,32.73656],[71.13261,32.73803],[71.13212,32.73917],[71.13188,32.73971],[71.13139,32.74081],[71.13005,32.74244],[71.12325,32.74986],[71.12167,32.75221],[71.12296,32.75395],[71.12365,32.75469],[71.12435,32.75642],[71.12466,32.75715],[71.1247,32.75807],[71.1246,32.75969],[71.12448,32.76015],[71.12412,32.76166],[71.12324,32.76307],[71.12273,32.76385],[71.12226,32.7648],[71.12103,32.7697],[71.1207,32.77074],[71.12057,32.77283],[71.12105,32.77385],[71.12112,32.77505],[71.12014,32.77711],[71.11903,32.77815],[71.11765,32.77952],[71.11601,32.7816],[71.11546,32.78249],[71.11476,32.78422],[71.11458,32.78503],[71.1145,32.78699],[71.1143,32.78863],[71.11372,32.78992],[71.11341,32.79038],[71.11169,32.79213],[71.11146,32.79268],[71.11113,32.79301],[71.11067,32.79317],[71.10991,32.79359],[71.10896,32.79427],[71.10872,32.79502],[71.10846,32.80418],[71.10851,32.80559],[71.10793,32.80671],[71.10738,32.80765],[71.10674,32.80849],[71.1056,32.80953],[71.10651,32.80963],[71.11029,32.81003],[71.11466,32.80956],[71.11831,32.80769],[71.12214,32.80623],[71.12557,32.80649],[71.12988,32.80734],[71.13212,32.8088],[71.13369,32.811],[71.13281,32.81651],[71.13335,32.81993],[71.13361,32.82232],[71.13329,32.82514],[71.13302,32.82738],[71.13375,32.83295],[71.13572,32.83611],[71.13647,32.83768],[71.13694,32.84055],[71.13703,32.84182],[71.13717,32.84821],[71.13725,32.85181],[71.13746,32.85615],[71.13805,32.85998],[71.13875,32.86283],[71.14141,32.86547],[71.14275,32.86839],[71.14317,32.87096],[71.14335,32.87472],[71.14363,32.88],[71.14407,32.88354],[71.14493,32.88805],[71.1439,32.88983],[71.14301,32.89064],[71.14159,32.89407],[71.14111,32.89716],[71.14179,32.90137],[71.14204,32.90596],[71.1413,32.91151],[71.14227,32.91741],[71.14236,32.918],[71.14278,32.92138],[71.14391,32.92559],[71.1456,32.92855],[71.14827,32.93173],[71.15167,32.93504],[71.15533,32.93752],[71.15859,32.94042],[71.15956,32.94171],[71.15995,32.94373],[71.15911,32.945],[71.15912,32.94792],[71.1603,32.95049],[71.16361,32.9567],[71.16549,32.9602],[71.16888,32.96336],[71.17193,32.96429],[71.17472,32.96587],[71.17688,32.96729],[71.18076,32.96965],[71.18491,32.97248],[71.18663,32.97408],[71.18732,32.97436],[71.18864,32.97553],[71.18996,32.97599],[71.1918,32.97672],[71.1933,32.97692],[71.19558,32.97723],[71.1974,32.9776],[71.20164,32.97739],[71.20606,32.97775],[71.21125,32.97894],[71.21582,32.97989],[71.2182,32.98054],[71.21955,32.9811],[71.222,32.98319],[71.2229,32.98489],[71.22502,32.98773],[71.22765,32.98825],[71.23044,32.98994],[71.23243,32.99154],[71.23385,32.99286],[71.23514,32.99377],[71.23598,32.99529],[71.23774,32.99702],[71.23947,32.99618],[71.24139,32.99469],[71.24206,32.99477],[71.24254,32.99533],[71.24306,32.9959],[71.24377,32.99703],[71.24431,32.99889],[71.25003,33.00029],[71.25047,33.00003],[71.25107,32.9997],[71.25194,32.9994],[71.25322,32.99879],[71.25487,32.99821],[71.25631,32.99828],[71.25747,32.9987],[71.25897,32.99945],[71.25992,32.99989],[71.26033,33.00018],[71.26294,33.00104],[71.26566,33.00181],[71.26958,33.00295],[71.27238,33.00365],[71.27608,33.00464],[71.28062,33.00585],[71.28471,33.00677],[71.28873,33.00793],[71.29372,33.00934],[71.29763,33.01077],[71.30064,33.01163],[71.30285,33.01241],[71.30612,33.01315],[71.31003,33.01422],[71.31383,33.01551],[71.31548,33.01614],[71.31824,33.0167],[71.31805,33.01331],[71.31744,33.01119],[71.3172,33.00918],[71.31676,33.00681],[71.31754,33.00232],[71.32011,33.00115],[71.32172,33.00014],[71.32251,32.99949],[71.32301,32.99908],[71.32374,32.99866],[71.32504,32.99796],[71.32684,32.99698],[71.32944,32.99578],[71.33167,32.99495],[71.33547,32.99359],[71.33784,32.99242],[71.34058,32.99158],[71.34368,32.99135],[71.35189,32.99086],[71.3553,32.9908],[71.35723,32.99141],[71.35825,32.99206],[71.35938,32.99282],[71.3617,32.99472],[71.36349,32.99606],[71.36484,32.99722],[71.36674,32.99886],[71.36835,33.00004],[71.3698,33.00132],[71.37128,33.00253],[71.37437,33.00472],[71.37592,33.00579],[71.37764,33.00393],[71.37975,33.00283],[71.38212,33.00143],[71.38508,32.99909],[71.38658,32.99908],[71.38786,32.99934],[71.38905,32.99958],[71.39068,33.00034],[71.39291,33.0009],[71.39603,33.00203],[71.39843,33.00346],[71.40101,33.00538],[71.40428,33.00714],[71.4055,33.01036],[71.40752,33.00938],[71.41006,33.00866],[71.41364,33.00829],[71.4165,33.00763],[71.41942,33.00603],[71.42113,33.00461],[71.42284,33.00357],[71.42637,33.00307],[71.4283,33.0032],[71.43221,33.004],[71.43476,33.00521],[71.43658,33.00651],[71.43835,33.0074],[71.43861,33.00753],[71.44208,33.00946],[71.44436,33.01116],[71.44627,33.01233],[71.44836,33.01329],[71.45138,33.0148],[71.45399,33.0165],[71.45627,33.01876],[71.4583,33.02108],[71.45923,33.02262],[71.45959,33.02321],[71.4612,33.02755],[71.46297,33.0302],[71.46307,33.03262],[71.46318,33.03469],[71.46397,33.03901],[71.46513,33.04168],[71.46709,33.0443],[71.46894,33.04469],[71.47238,33.04554],[71.47466,33.0462],[71.4761,33.04815],[71.47474,33.0495],[71.47221,33.05045],[71.46963,33.05153],[71.46803,33.05347],[71.46663,33.05567],[71.46334,33.05963],[71.46096,33.06111],[71.4603,33.06282],[71.46035,33.06516],[71.46079,33.06705],[71.46108,33.06882],[71.45969,33.06987],[71.45605,33.0699],[71.45366,33.06923],[71.45126,33.0682],[71.44886,33.0673],[71.44674,33.0666],[71.44432,33.06699],[71.44138,33.0691],[71.44177,33.07156],[71.44133,33.07429],[71.44019,33.07256],[71.43835,33.07254],[71.43822,33.07254],[71.43609,33.07398],[71.43324,33.07681],[71.43214,33.07869],[71.42957,33.07973],[71.42787,33.08279],[71.42722,33.08562],[71.42613,33.08826],[71.42617,33.09014],[71.4249,33.09189],[71.42326,33.09326],[71.42349,33.09384],[71.42397,33.09501],[71.42591,33.09798],[71.42818,33.10045],[71.42966,33.10226],[71.43191,33.10485],[71.43301,33.1069],[71.43337,33.10867],[71.4333,33.11168],[71.43443,33.11312],[71.43678,33.11546],[71.43767,33.11678],[71.43826,33.11767],[71.4406,33.12008],[71.44315,33.11985],[71.44547,33.11938],[71.44722,33.12049],[71.44825,33.12235],[71.44956,33.12597],[71.45229,33.1302],[71.45017,33.13142],[71.44857,33.13268],[71.44874,33.13456],[71.44721,33.13594],[71.44547,33.1369],[71.44308,33.13812],[71.44125,33.13942],[71.44101,33.14225],[71.4418,33.14649],[71.4418,33.15075],[71.43913,33.1523],[71.43676,33.15396],[71.43546,33.15529],[71.43311,33.15882],[71.43281,33.16072],[71.43302,33.16406],[71.43207,33.16555],[71.4315,33.16869],[71.43123,33.17064],[71.4305,33.17301],[71.43163,33.17523],[71.43461,33.17724],[71.43576,33.17908],[71.436,33.18102],[71.43434,33.18288],[71.4326,33.18385],[71.42994,33.18421],[71.42765,33.18404],[71.4249,33.18278],[71.42254,33.18261],[71.421,33.1835],[71.41902,33.18541],[71.41747,33.1871],[71.41541,33.18752],[71.41325,33.18773],[71.41087,33.18888],[71.40963,33.1903],[71.40704,33.19381],[71.40851,33.1961],[71.40894,33.19978],[71.4104,33.20191],[71.411,33.20409],[71.40924,33.207],[71.41104,33.20919],[71.41245,33.21069],[71.41417,33.21447],[71.41292,33.21583],[71.41177,33.21907],[71.41348,33.22164],[71.41449,33.22328],[71.41599,33.22549],[71.41776,33.22679],[71.41929,33.22568],[71.42165,33.22615],[71.42409,33.22746],[71.42673,33.22667],[71.43085,33.22921],[71.43102,33.23158],[71.43282,33.23495],[71.43353,33.23668],[71.43494,33.23869],[71.43717,33.23989],[71.44025,33.23836],[71.4427,33.23915],[71.44458,33.24043],[71.44494,33.24014],[71.44579,33.2384],[71.44418,33.23593],[71.44631,33.2336],[71.44711,33.23181],[71.44529,33.2309],[71.44392,33.22968],[71.44283,33.22724],[71.4448,33.22619],[71.44821,33.22536],[71.44914,33.22377],[71.44937,33.22097],[71.45237,33.21978],[71.45465,33.21953],[71.45758,33.21962],[71.46158,33.21938],[71.46433,33.21891],[71.46992,33.21845],[71.47287,33.21782],[71.47704,33.21685],[71.47852,33.21566],[71.48062,33.21457],[71.48238,33.21461],[71.48431,33.2149],[71.48849,33.21596],[71.49191,33.21587],[71.49269,33.21358],[71.4912,33.21051],[71.49012,33.20847],[71.4912,33.20655],[71.49408,33.20694],[71.49665,33.20749],[71.49905,33.2072],[71.50089,33.20758],[71.50134,33.20551],[71.49979,33.20399],[71.49998,33.19961],[71.50209,33.1991],[71.50542,33.1986],[71.50788,33.19974],[71.51108,33.19924],[71.51344,33.19828],[71.51782,33.19714],[71.52127,33.19773],[71.52383,33.20023],[71.52469,33.20206],[71.52377,33.20389],[71.52239,33.20504],[71.52039,33.20465],[71.51897,33.20653],[71.51811,33.20845],[71.51625,33.21172],[71.51561,33.21355],[71.51506,33.21536],[71.51614,33.21722],[71.51905,33.21675],[71.52318,33.21824],[71.52711,33.22018],[71.53271,33.22308],[71.53609,33.22464],[71.5415,33.22646],[71.54662,33.22771],[71.5529,33.22852],[71.55598,33.22734],[71.55611,33.22399],[71.55772,33.22104],[71.55981,33.2204],[71.56425,33.21706],[71.56799,33.21369],[71.57259,33.20914],[71.57498,33.20649],[71.57617,33.20496],[71.57748,33.203],[71.58263,33.1981],[71.58669,33.19535],[71.59099,33.19233],[71.59601,33.18953],[71.5998,33.18742],[71.60253,33.18422],[71.60201,33.18196],[71.60162,33.17838],[71.6007,33.17392],[71.59957,33.16996],[71.5984,33.16727],[71.59842,33.16488],[71.59919,33.16254],[71.59963,33.15909],[71.60043,33.15439],[71.60093,33.1496],[71.60176,33.14436],[71.60215,33.14077],[71.60273,33.13623],[71.60301,33.13326],[71.60493,33.13124],[71.60723,33.13131],[71.60884,33.12999],[71.61181,33.12583],[71.61338,33.12365],[71.61583,33.12162],[71.61669,33.11988],[71.61948,33.11635],[71.62155,33.11323],[71.62277,33.11194],[71.62638,33.10782],[71.62687,33.10698],[71.62813,33.10543],[71.62974,33.1031],[71.63207,33.09832],[71.63219,33.09511],[71.63183,33.09258],[71.63383,33.08807],[71.63726,33.08549],[71.64101,33.0833],[71.64448,33.0814],[71.6472,33.07972],[71.65068,33.07825],[71.65382,33.07617],[71.6582,33.07349],[71.66398,33.07208],[71.67004,33.07128],[71.67429,33.07092],[71.67776,33.06992],[71.68192,33.06825],[71.68401,33.06693],[71.68571,33.06612],[71.68874,33.06434],[71.69265,33.06264],[71.69736,33.06194],[71.70358,33.06118],[71.70966,33.06091],[71.71373,33.06024],[71.7167,33.05999],[71.71848,33.05983],[71.71809,33.06076],[71.71738,33.06299],[71.71603,33.06723],[71.71486,33.07162],[71.7142,33.07518],[71.71406,33.07703],[71.71336,33.08307],[71.71287,33.08785],[71.71246,33.09063],[71.71216,33.09351],[71.71155,33.10226],[71.71386,33.11202],[71.719,33.11978],[71.72454,33.12584],[71.73117,33.13065],[71.73559,33.13373],[71.74187,33.13831],[71.74624,33.14193],[71.74789,33.1441],[71.74892,33.14599],[71.7494,33.14713],[71.75014,33.14784],[71.75194,33.15051],[71.75272,33.15213],[71.75379,33.15385],[71.75581,33.1571],[71.75733,33.16079],[71.75826,33.16419],[71.75915,33.16713],[71.76012,33.17044],[71.7607,33.17318],[71.76093,33.17721],[71.76111,33.18028],[71.7613,33.18267],[71.76141,33.18547],[71.76104,33.1879],[71.76028,33.19043],[71.75938,33.19342],[71.75856,33.19607],[71.75696,33.19903],[71.75672,33.19968],[71.75584,33.20204],[71.75513,33.20468],[71.7542,33.2069],[71.75306,33.20883],[71.75198,33.21072],[71.74997,33.21274],[71.74854,33.21394],[71.746,33.21624],[71.74316,33.21881],[71.74157,33.22034],[71.7396,33.22182],[71.73691,33.22459],[71.73373,33.22689],[71.73088,33.22929],[71.72835,33.23104],[71.72514,33.23341],[71.72221,33.23587],[71.71921,33.23856],[71.71655,33.24124],[71.71386,33.24487],[71.71283,33.24665],[71.71191,33.24834],[71.7118,33.25013],[71.70983,33.25245],[71.70847,33.25537],[71.70884,33.25904],[71.70948,33.26216],[71.70892,33.26584],[71.70812,33.27071],[71.70724,33.27505],[71.70621,33.27739],[71.70574,33.28002],[71.70535,33.28222],[71.70509,33.28491],[71.7066,33.28824],[71.70786,33.28944],[71.71017,33.29088],[71.71277,33.29235],[71.71568,33.29452],[71.71819,33.29602],[71.7204,33.297],[71.72233,33.29922],[71.72432,33.30199],[71.72625,33.30486],[71.72907,33.31011],[71.73036,33.31592],[71.73038,33.31813],[71.73042,33.32436],[71.73,33.32619],[71.72881,33.32957],[71.72724,33.33398],[71.72609,33.3353],[71.72378,33.33684],[71.72322,33.33731],[71.72116,33.3377],[71.71824,33.33745],[71.71622,33.33771],[71.71465,33.33899],[71.71532,33.34083],[71.71652,33.34319],[71.71775,33.34471],[71.71925,33.34685],[71.71986,33.34862],[71.72064,33.35111],[71.72477,33.35466],[71.72708,33.35682],[71.72978,33.35942],[71.73272,33.36241],[71.73565,33.36545],[71.7439,33.36774],[71.74708,33.36941],[71.75029,33.3704],[71.75459,33.3725],[71.75937,33.37496],[71.76134,33.37597],[71.76233,33.37647],[71.76634,33.3787],[71.77374,33.38274],[71.77659,33.38411],[71.7835,33.38685],[71.78617,33.38782],[71.78777,33.38841],[71.79211,33.38978],[71.79592,33.3916],[71.80053,33.3941],[71.80582,33.3968],[71.80759,33.39789],[71.81033,33.39959],[71.81534,33.40205],[71.81998,33.40369],[71.82413,33.40532],[71.82872,33.40747],[71.83235,33.40914],[71.83501,33.4089],[71.83741,33.40816],[71.84151,33.40594],[71.84809,33.40392],[71.85193,33.40324],[71.85387,33.40349],[71.8572,33.40448],[71.85903,33.40594],[71.86265,33.40847],[71.86506,33.41025],[71.86693,33.41175],[71.87009,33.41652],[71.87047,33.41911],[71.87061,33.42385],[71.86967,33.42712],[71.8685,33.4305],[71.86803,33.43199],[71.86671,33.43618],[71.86658,33.4394],[71.86686,33.44242],[71.86742,33.44502],[71.86837,33.4472],[71.86942,33.44998],[71.87411,33.45515],[71.87639,33.45644],[71.88095,33.45819],[71.88658,33.45973],[71.8929,33.46189],[71.89483,33.4632],[71.89619,33.46452],[71.90036,33.46933],[71.9026,33.47317],[71.90442,33.47603],[71.90469,33.47884],[71.90491,33.4801],[71.9052,33.48172],[71.90599,33.48492],[71.90776,33.48559],[71.90981,33.48615],[71.91151,33.48663],[71.91448,33.48751],[71.9176,33.4881],[71.92006,33.48874],[71.92286,33.48959],[71.92527,33.49081],[71.92712,33.492],[71.92855,33.49321],[71.93126,33.4962],[71.93781,33.49964],[71.93879,33.5006],[71.94117,33.50294],[71.94351,33.5045],[71.94738,33.5074],[71.94968,33.50994],[71.9518,33.51208],[71.95346,33.51398],[71.95557,33.51684],[71.95767,33.51989],[71.95994,33.524],[71.96187,33.5271],[71.96349,33.53018],[71.96565,33.53326],[71.96709,33.53659],[71.96645,33.54117],[71.96516,33.54465],[71.96368,33.54875],[71.96241,33.54997],[71.96187,33.55048],[71.96066,33.55163],[71.95948,33.55274],[71.95777,33.55507],[71.95668,33.5591],[71.95503,33.56189],[71.95395,33.5648],[71.95199,33.5705],[71.95425,33.57435],[71.95732,33.5765],[71.96066,33.57828],[71.96541,33.57936],[71.97027,33.58046],[71.97499,33.583],[71.97661,33.58478],[71.97837,33.5868],[71.97937,33.58996],[71.97998,33.59416],[71.98044,33.59826],[71.98006,33.6031],[71.97972,33.60494],[71.97941,33.6086],[71.97906,33.61189],[71.97952,33.61638],[71.97952,33.6192],[71.97877,33.62271],[71.979,33.62546],[71.9795,33.62912],[71.97953,33.63167],[71.98066,33.63342],[71.9842,33.63708],[71.98577,33.63905],[71.98579,33.64227],[71.98512,33.64434],[71.98373,33.64706],[71.982,33.65102],[71.98164,33.65384],[71.98151,33.65605],[71.98122,33.65937],[71.98216,33.66304],[71.98427,33.66607],[71.98664,33.66837],[71.98869,33.67044],[71.98987,33.67222],[71.99217,33.6742],[71.9939,33.67527],[71.99548,33.67616],[71.99763,33.67685],[71.99897,33.69297],[72.00084,33.70055],[72.00281,33.70812],[72.00499,33.71227],[72.00686,33.71445],[72.008,33.71527],[72.00932,33.71534],[72.00999,33.71464],[72.01026,33.71429],[72.01077,33.71355],[72.01211,33.7138],[72.01339,33.71454],[72.01611,33.71637],[72.01755,33.71751],[72.02022,33.72023],[72.02325,33.72365],[72.0252,33.72628],[72.02698,33.72879],[72.02822,33.7313],[72.02957,33.73298],[72.03217,33.73599],[72.03397,33.7377],[72.03469,33.73959],[72.03497,33.74141],[72.03488,33.74375],[72.03481,33.74543],[72.03548,33.74829],[72.03611,33.75001],[72.03571,33.75045],[72.03655,33.75177],[72.038,33.75283],[72.03979,33.75356],[72.04363,33.75457],[72.04885,33.75545],[72.05232,33.75594],[72.0545,33.75708],[72.05684,33.75785],[72.06888,33.75994],[72.07209,33.76213],[72.07627,33.76466],[72.07927,33.76802],[72.08,33.77069],[72.07929,33.77257],[72.07676,33.77591],[72.07377,33.78014],[72.07176,33.78267],[72.07413,33.78493],[72.07912,33.78709],[72.08613,33.78757],[72.09612,33.78535],[72.10499,33.78207],[72.1144,33.77908],[72.12798,33.77477],[72.1404,33.77183],[72.14241,33.77152],[72.14359,33.77149],[72.14922,33.77108],[72.15804,33.76987],[72.16449,33.76889],[72.1729,33.7673],[72.18004,33.76411],[72.18274,33.76286],[72.193,33.76206],[72.19993,33.76361],[72.20182,33.76421],[72.20284,33.76434],[72.20404,33.76449],[72.20691,33.7653],[72.21059,33.76619],[72.21091,33.76776],[72.20988,33.76962],[72.20917,33.77182],[72.21008,33.77322],[72.21223,33.77355],[72.21512,33.77331],[72.22171,33.77036],[72.22627,33.76784],[72.23318,33.76421],[72.23889,33.76217],[72.24371,33.76175],[72.24405,33.76212],[72.24479,33.76295],[72.24492,33.76392],[72.24479,33.76483],[72.24352,33.76791],[72.24161,33.77099],[72.24073,33.77248],[72.23795,33.77835],[72.23495,33.78406],[72.2343,33.78631],[72.2346,33.791],[72.23475,33.79261],[72.2355,33.79747],[72.23586,33.79982],[72.23604,33.80251],[72.23631,33.80571],[72.23684,33.81067],[72.2371,33.81536],[72.23736,33.81976],[72.23751,33.82397],[72.23795,33.82756],[72.23835,33.83105],[72.23833,33.83878],[72.23808,33.84052],[72.23684,33.84572],[72.23595,33.85056],[72.23693,33.85447],[72.23806,33.85678],[72.23906,33.8616],[72.23943,33.86234],[72.23991,33.86635],[72.23914,33.86961],[72.23703,33.87345],[72.23466,33.87722],[72.23225,33.88165],[72.23079,33.88848],[72.23154,33.89193],[72.23276,33.89452],[72.23376,33.89977],[72.23453,33.90053],[72.23573,33.90109],[72.23705,33.90151],[72.24004,33.90327],[72.2435,33.90504],[72.24899,33.90775],[72.25106,33.90897],[72.25508,33.91172],[72.26229,33.915],[72.26812,33.91784],[72.2758,33.92206],[72.27995,33.92418],[72.28179,33.92513],[72.28639,33.92743],[72.28712,33.9278],[72.28793,33.92825],[72.29134,33.93014],[72.29929,33.93441],[72.30537,33.93732],[72.30932,33.94021],[72.31595,33.94417],[72.31973,33.94676],[72.32188,33.94788],[72.32301,33.94815],[72.32546,33.94749],[72.3285,33.94659],[72.33132,33.94604],[72.33359,33.94531],[72.33443,33.94518],[72.33879,33.94417],[72.34068,33.94499],[72.34654,33.94708],[72.3517,33.94918],[72.35482,33.9503],[72.35801,33.95145],[72.36293,33.95334],[72.36663,33.95468],[72.36838,33.95535],[72.36881,33.95552],[72.37138,33.95632],[72.37336,33.95687],[72.37502,33.95741],[72.3783,33.95967],[72.37853,33.96087],[72.37863,33.96367],[72.3784,33.9651],[72.37842,33.96685],[72.37849,33.96833],[72.37867,33.97079],[72.37975,33.97121],[72.38092,33.9715],[72.38198,33.97155],[72.38242,33.97181],[72.38357,33.97211],[72.38496,33.9724],[72.38655,33.97284],[72.38792,33.9731],[72.38937,33.97339],[72.39102,33.97379],[72.39333,33.97435],[72.39509,33.9748],[72.39648,33.97521],[72.39776,33.97543],[72.39993,33.97596],[72.40135,33.97628],[72.4025,33.97775],[72.40253,33.97932],[72.4027,33.98096],[72.40268,33.98234],[72.40279,33.98372],[72.40298,33.98578],[72.40314,33.98765],[72.40322,33.98985],[72.40324,33.99185],[72.40324,33.99342],[72.40327,33.99461],[72.40319,33.99664],[72.40313,33.99801],[72.40249,34.00017],[72.40244,34.00073],[72.40259,34.00201],[72.40233,34.00387],[72.40233,34.00516],[72.40385,34.006],[72.40518,34.00656],[72.40686,34.00645],[72.40866,34.00579],[72.41044,34.00524],[72.41218,34.00479],[72.41347,34.00436],[72.41494,34.00385],[72.41707,34.00352],[72.41955,34.00293],[72.42136,34.00255],[72.42353,34.00185],[72.42469,34.00141],[72.42642,34.00093],[72.42721,34.0008],[72.42808,34.00053],[72.42925,34.00052],[72.4312,34.00044],[72.43267,34.00038],[72.43407,34.00047],[72.43679,34.00049],[72.43905,34.00068],[72.44161,34.00064],[72.44314,34.00018],[72.44402,33.99816],[72.44591,33.99542],[72.44722,33.9939],[72.44782,33.99268],[72.44877,33.99147],[72.45331,33.99255],[72.45768,33.99331],[72.46459,33.99499],[72.47091,33.99674],[72.47267,33.99722],[72.47845,33.99833],[72.48319,33.99973],[72.48549,34.00024],[72.48966,34.00145],[72.49763,34.00018],[72.50162,33.99846],[72.50312,33.9976],[72.50488,33.99717],[72.50712,33.99732],[72.50847,33.99734],[72.51018,33.99714],[72.51228,33.99703],[72.51432,33.99704],[72.51659,33.997],[72.51964,33.99689],[72.52116,33.99668],[72.52296,33.99664],[72.52457,33.99679],[72.52577,33.99775],[72.52659,33.99862],[72.52793,33.99961],[72.52895,34.00028],[72.53011,34.00075],[72.53158,34.00096],[72.53282,34.00072],[72.53407,34.00016],[72.53557,33.99916],[72.53949,33.99694],[72.54063,33.99643],[72.54175,33.99571],[72.54295,33.99514],[72.54434,33.99533],[72.54624,33.99664],[72.54808,33.99754],[72.54888,33.99795],[72.54957,33.99825],[72.54954,33.99701],[72.54911,33.99501],[72.54918,33.99383],[72.54945,33.99332],[72.54877,33.99332],[72.54867,33.98899],[72.55091,33.98277],[72.55068,33.978],[72.55009,33.97501],[72.55376,33.95547],[72.55883,33.95956],[72.578,33.95557],[72.58268,33.95332],[72.58822,33.95324],[72.59,33.95156],[72.59394,33.95032],[72.5983,33.95128],[72.60345,33.95345],[72.60402,33.95334],[72.60686,33.95282],[72.61226,33.95107],[72.61489,33.95022],[72.62132,33.9488],[72.62495,33.94827],[72.62724,33.94687],[72.62933,33.94606],[72.63204,33.94503],[72.63396,33.94431],[72.63879,33.9411],[72.64049,33.93878],[72.64228,33.93692],[72.64879,33.93349],[72.65256,33.9311],[72.65288,33.93068],[72.65333,33.92861],[72.65298,33.92512],[72.64972,33.92281],[72.64708,33.92086],[72.64474,33.91953],[72.6331,33.91655],[72.63063,33.91612],[72.62803,33.91541],[72.62972,33.91267],[72.62921,33.90969],[72.63015,33.9076],[72.62656,33.90283],[72.61933,33.89661],[72.61663,33.8969],[72.60805,33.89153],[72.61011,33.88573],[72.60578,33.88209],[72.60601,33.87712],[72.60949,33.87513],[72.61348,33.87554],[72.61465,33.87566],[72.61755,33.87542],[72.62286,33.87476],[72.62962,33.87714],[72.63377,33.88021],[72.63821,33.87315],[72.64271,33.87048],[72.64091,33.86553],[72.64336,33.86205],[72.64414,33.85751],[72.65575,33.86447],[72.6618,33.86187],[72.66641,33.86285],[72.66985,33.86446],[72.67396,33.86618],[72.67753,33.86673],[72.68582,33.86918],[72.68723,33.87112],[72.69296,33.87138],[72.69335,33.87156],[72.69881,33.8753],[72.69997,33.87609],[72.70678,33.88051],[72.70889,33.88232],[72.70939,33.88908],[72.70858,33.89193],[72.70692,33.89481],[72.70734,33.8966],[72.70811,33.89989],[72.70434,33.90255],[72.70512,33.90569],[72.70928,33.90516],[72.71309,33.90471],[72.71565,33.90529],[72.71883,33.90547],[72.73106,33.90617],[72.73452,33.90629],[72.73573,33.90849],[72.73413,33.91036],[72.73125,33.91185],[72.7274,33.91352],[72.72472,33.91457],[72.72305,33.91644],[72.72389,33.91969],[72.72597,33.92144],[72.72878,33.92342],[72.73302,33.92673],[72.73509,33.92876],[72.73773,33.93095],[72.7433,33.93456],[72.74389,33.93738],[72.74651,33.93683],[72.74958,33.9385],[72.75651,33.94648],[72.75894,33.94887],[72.76227,33.95366],[72.76525,33.9522],[72.76865,33.94952],[72.76865,33.94952],[72.77212,33.94809],[72.77534,33.94615],[72.77851,33.94346],[72.78114,33.94234],[72.78236,33.94179],[72.78381,33.93977],[72.78608,33.93155],[72.78735,33.92692],[72.78924,33.924],[72.78904,33.92015],[72.78637,33.91712],[72.78367,33.91547],[72.77952,33.91483],[72.77666,33.91496],[72.77015,33.91527],[72.77726,33.90322],[72.78009,33.90238],[72.78288,33.90118],[72.78555,33.89928],[72.78895,33.89804],[72.78966,33.89355],[72.7914,33.89158],[72.79324,33.88949],[72.79423,33.88706],[72.80296,33.88486],[72.80573,33.88522],[72.80722,33.8869],[72.80884,33.88873],[72.81692,33.88824],[72.82965,33.88748],[72.83274,33.88729],[72.83329,33.88144],[72.83376,33.87895],[72.83376,33.87895],[72.83262,33.87493],[72.83205,33.8727],[72.83163,33.86981],[72.83137,33.86438],[72.83158,33.86284],[72.83139,33.86152],[72.83155,33.85883],[72.83328,33.85363],[72.83528,33.85188],[72.83614,33.84527],[72.83507,33.84193],[72.83179,33.83985],[72.83163,33.8429],[72.82912,33.84581],[72.82499,33.8452],[72.82093,33.84466],[72.81796,33.84451],[72.81844,33.83742],[72.82022,33.8347],[72.82111,33.83128],[72.8219,33.82908],[72.82233,33.82817],[72.82256,33.82757],[72.82788,33.82619],[72.83078,33.82614],[72.8332,33.8258],[72.8424,33.8332],[72.84688,33.83348],[72.84979,33.83167],[72.84966,33.82629],[72.85082,33.82455],[72.85388,33.82394],[72.85754,33.8237],[72.85962,33.8246],[72.87183,33.82591],[72.87118,33.82265],[72.87013,33.81744],[72.86961,33.8149],[72.86763,33.81231],[72.86622,33.80924],[72.86324,33.80538],[72.86094,33.80305],[72.85906,33.80091],[72.85696,33.79843],[72.85538,33.7971],[72.85235,33.79731],[72.84706,33.80024],[72.84533,33.80147],[72.84174,33.80281],[72.83967,33.80053],[72.83839,33.79877],[72.83594,33.79665],[72.83308,33.79372],[72.83016,33.79091],[72.82875,33.78852],[72.82727,33.78554],[72.82652,33.78284],[72.82224,33.77905],[72.82166,33.77831],[72.82735,33.7704],[72.82941,33.76333],[72.83218,33.76253],[72.83539,33.76317],[72.83819,33.76389],[72.8415,33.76493],[72.84435,33.76462],[72.84496,33.76255],[72.84708,33.76218],[72.85125,33.76437],[72.85271,33.76657],[72.85202,33.76934],[72.85541,33.76942],[72.85758,33.77023],[72.86217,33.76976],[72.865,33.76774],[72.86753,33.76208],[72.87073,33.7608],[72.87591,33.76158],[72.88068,33.764],[72.88873,33.76645],[72.88971,33.76394],[72.88841,33.76194],[72.8883,33.76182],[72.88629,33.75964],[72.8829,33.75852],[72.88074,33.7575],[72.88667,33.75286],[72.88873,33.75125],[72.89228,33.75046],[72.91199,33.74777],[72.91479,33.74804],[72.91682,33.74672],[72.92081,33.74627],[72.92387,33.7456],[72.92606,33.73716],[72.92054,33.73447],[72.91642,33.72937],[72.92235,33.73061],[72.92531,33.73057],[72.92752,33.73047],[72.93044,33.72987],[72.93403,33.73018],[72.94485,33.72952],[72.95148,33.73063],[72.95391,33.73072],[72.9567,33.73108],[72.95671,33.73108],[72.95672,33.73321],[72.95672,33.73323],[72.95884,33.73437],[72.96087,33.73514],[72.96376,33.7387],[72.96712,33.7396],[72.97083,33.74006],[72.97292,33.7402],[72.97863,33.74158],[72.98019,33.74366],[72.99056,33.75042],[72.99056,33.75042],[72.99154,33.75743],[72.99155,33.75746],[73.00043,33.75684],[73.00725,33.7603],[73.00993,33.75822],[73.01196,33.75814],[73.01196,33.75814],[73.01292,33.76263],[73.0114,33.76696],[73.0114,33.76697],[73.0137,33.76931],[73.01553,33.77468],[73.0274,33.77989],[73.03035,33.78008],[73.03441,33.78028],[73.03577,33.78105],[73.04192,33.78444],[73.04523,33.78515],[73.04762,33.78493],[73.05013,33.78438],[73.05582,33.78409],[73.05858,33.78204],[73.06368,33.78439],[73.06849,33.7849],[73.07088,33.78695],[73.07569,33.78933],[73.08147,33.79355],[73.08367,33.79292],[73.09223,33.79128],[73.0929,33.78875],[73.09339,33.78645],[73.09475,33.78394],[73.11547,33.78646],[73.11791,33.78637],[73.1218,33.78743],[73.12327,33.78967],[73.125,33.79301],[73.12769,33.79562],[73.13105,33.79887],[73.13482,33.80056],[73.13844,33.80312],[73.14113,33.80482],[73.14567,33.80471],[73.1526,33.81095],[73.15867,33.81193],[73.16415,33.81038],[73.16847,33.80451],[73.17163,33.80805],[73.17924,33.81059],[73.18478,33.80978],[73.1905,33.81016],[73.2011,33.81344],[73.20934,33.8161],[73.2103,33.81641],[73.21162,33.81588],[73.21317,33.81569],[73.21649,33.81643],[73.21841,33.81697],[73.21979,33.81719],[73.22118,33.81778],[73.22404,33.81845],[73.22596,33.81926],[73.22802,33.8201],[73.23008,33.82103],[73.23104,33.82151],[73.23269,33.82245],[73.23595,33.82385],[73.2367,33.82467],[73.23704,33.82496],[73.23805,33.82633],[73.23885,33.8279],[73.24103,33.83348],[73.24158,33.83521],[73.24261,33.83778],[73.24336,33.83883],[73.24461,33.84029],[73.24581,33.84149],[73.24735,33.84208],[73.25086,33.84313],[73.2523,33.84402],[73.25388,33.84469],[73.25523,33.84496],[73.25687,33.84532],[73.25739,33.84552],[73.2594,33.84591],[73.26122,33.84496],[73.26272,33.84344],[73.26359,33.84214],[73.26513,33.83908],[73.26597,33.83791],[73.26731,33.83775],[73.27544,33.84266],[73.28236,33.84576],[73.28558,33.84677],[73.28774,33.84708],[73.28963,33.84694],[73.2913,33.84638],[73.29343,33.84571],[73.29509,33.84497],[73.29589,33.84462],[73.29654,33.84467],[73.29821,33.84489],[73.29997,33.84563],[73.30209,33.84805],[73.30416,33.85032],[73.3069,33.85441],[73.30803,33.85532],[73.30995,33.8564],[73.31143,33.85688],[73.31477,33.85645],[73.31567,33.85643],[73.31672,33.8569],[73.31735,33.85777],[73.31824,33.85902],[73.31898,33.85981],[73.31959,33.86029],[73.31921,33.86245],[73.31779,33.86285],[73.31736,33.86372],[73.31891,33.86544],[73.32083,33.86703],[73.32307,33.86917],[73.32664,33.87111],[73.32787,33.87204],[73.32884,33.87323],[73.32976,33.87471],[73.33054,33.87638],[73.33102,33.87865],[73.33116,33.88056],[73.33068,33.88186],[73.32956,33.88278],[73.32831,33.88434],[73.32753,33.88568],[73.32797,33.88742],[73.33029,33.88942],[73.33199,33.89098],[73.33302,33.89187],[73.33383,33.89266],[73.33472,33.8935],[73.33533,33.89434],[73.33619,33.89616],[73.33736,33.89922],[73.3382,33.90088],[73.33924,33.90219],[73.34029,33.90276],[73.34127,33.9031],[73.34245,33.90348],[73.34479,33.90475],[73.34682,33.90611],[73.34754,33.90691],[73.34801,33.90768],[73.34808,33.90966],[73.34828,33.91135],[73.34829,33.91265],[73.34764,33.91448],[73.34663,33.91797],[73.34663,33.9187],[73.34767,33.91886],[73.34915,33.91885],[73.35206,33.91954],[73.35302,33.92004],[73.35594,33.92304],[73.35677,33.92386],[73.35818,33.92536],[73.35999,33.92619],[73.36295,33.92677],[73.3642,33.92688],[73.36613,33.92725],[73.36665,33.92755],[73.36786,33.92822],[73.36839,33.92899],[73.36951,33.93037],[73.37149,33.93176],[73.37364,33.93314],[73.37507,33.93434],[73.37716,33.93568],[73.3784,33.93686],[73.37936,33.93838],[73.38097,33.94045],[73.38216,33.94181],[73.38467,33.94655],[73.3851,33.94872],[73.38548,33.95115],[73.38582,33.95343],[73.38574,33.95503],[73.3855,33.95539],[73.38405,33.95563],[73.38219,33.9553],[73.3795,33.95476],[73.37753,33.95465],[73.37627,33.95457],[73.37438,33.95502],[73.37428,33.95583],[73.3764,33.95737],[73.37816,33.9591],[73.37817,33.96017],[73.3782,33.96097],[73.3787,33.96234],[73.37999,33.9624],[73.38193,33.96207],[73.38371,33.96206],[73.38544,33.96242],[73.38734,33.96397],[73.38849,33.96501],[73.38971,33.96656],[73.39082,33.96872],[73.39178,33.97033],[73.3922,33.97142],[73.39256,33.97224],[73.39342,33.97345],[73.3968,33.9749],[73.39803,33.97521],[73.40135,33.97583],[73.40263,33.97599],[73.40411,33.97578],[73.40466,33.9755],[73.40542,33.97449],[73.40601,33.97321],[73.40697,33.97223],[73.40836,33.97156],[73.40937,33.97103],[73.41124,33.96909],[73.41318,33.96814],[73.41422,33.9672],[73.41489,33.96617],[73.41475,33.96542],[73.41447,33.96442],[73.41482,33.96291],[73.41782,33.96098],[73.41817,33.95988],[73.41747,33.95905],[73.41621,33.95827],[73.41618,33.95657],[73.41767,33.95555],[73.4194,33.95516],[73.42088,33.95522],[73.4226,33.9553],[73.42358,33.9556],[73.42414,33.95628],[73.4236,33.95786],[73.42277,33.95998],[73.42308,33.96155],[73.42363,33.96244],[73.42443,33.96299],[73.4255,33.96348],[73.4272,33.96402],[73.42885,33.96461],[73.43031,33.96531],[73.4313,33.96629],[73.43182,33.96708],[73.43248,33.96785],[73.43397,33.96892],[73.43539,33.96989],[73.43658,33.97092],[73.43744,33.97224],[73.43855,33.97355],[73.43948,33.9741],[73.4403,33.97471],[73.44067,33.97553],[73.44053,33.97642],[73.4407,33.97826],[73.44159,33.97952],[73.44209,33.98082],[73.4424,33.98182],[73.44334,33.98293],[73.44373,33.98354],[73.44524,33.98425],[73.4468,33.98503],[73.44785,33.98567],[73.44901,33.98674],[73.4501,33.98792],[73.45094,33.98872],[73.45212,33.98953],[73.453,33.99019],[73.45385,33.991],[73.45433,33.99171],[73.45487,33.99269],[73.45589,33.99371],[73.45667,33.9943],[73.45766,33.99484],[73.45878,33.99555],[73.45982,33.99646],[73.46033,33.9972],[73.46077,33.99825],[73.46197,33.99961],[73.46321,34.00036],[73.46391,34.00107],[73.46471,34.00164],[73.46521,34.00217],[73.464,34.00388],[73.46508,34.00439],[73.46837,34.00711],[73.4687,34.00773],[73.46957,34.00869],[73.47007,34.01034],[73.47154,34.01176],[73.47147,34.01288],[73.47144,34.01426],[73.47176,34.01586],[73.4719,34.01666],[73.4732,34.01627],[73.47456,34.01591],[73.47542,34.01556],[73.47672,34.01515],[73.47861,34.01556],[73.48003,34.01636],[73.48289,34.01739],[73.4856,34.01808],[73.48696,34.01817],[73.48838,34.01817],[73.49057,34.01824],[73.49268,34.01828],[73.49429,34.01828],[73.49554,34.01805],[73.49656,34.01789],[73.49759,34.01768],[73.49878,34.01762],[73.50019,34.01741],[73.50089,34.01715],[73.5023,34.01699],[73.50322,34.01725],[73.5043,34.01748],[73.50671,34.01748],[73.51129,34.01759],[73.51201,34.01767],[73.50943,34.0261],[73.50823,34.03301],[73.50722,34.03889],[73.50681,34.04713],[73.5067,34.04952],[73.5061,34.06166],[73.50139,34.08611],[73.49698,34.09665],[73.49582,34.09944],[73.49441,34.10701],[73.49431,34.10753],[73.49377,34.11045],[73.49359,34.11138],[73.48804,34.12527],[73.48731,34.1315],[73.48665,34.13722],[73.48706,34.15627],[73.4872,34.16276],[73.48806,34.17072],[73.48831,34.17305],[73.48798,34.18035],[73.48776,34.18499],[73.48332,34.2086],[73.48,34.21998],[73.47943,34.22193],[73.47027,34.24539],[73.46499,34.25889],[73.46226,34.25722],[73.46394,34.26961],[73.46412,34.27092],[73.46471,34.27527],[73.45631,34.28035],[73.45332,34.28361],[73.44498,34.2886],[73.43537,34.29575],[73.43054,34.29944],[73.41415,34.3161],[73.41033,34.32209],[73.40971,34.32305],[73.4061,34.33167],[73.40461,34.33805],[73.40416,34.33999],[73.40295,34.34225],[73.40193,34.34415],[73.40054,34.35333],[73.39941,34.35674],[73.39915,34.3575],[73.39854,34.36561],[73.39804,34.37221],[73.39816,34.37406],[73.39837,34.37744],[73.39869,34.38249],[73.39972,34.39888],[73.40057,34.40339],[73.40082,34.40471],[73.40349,34.41332],[73.40374,34.41431],[73.40694,34.42444],[73.42005,34.45049],[73.42421,34.45874],[73.4247,34.45972],[73.42736,34.46743],[73.42785,34.46876],[73.43082,34.47416],[73.4322,34.47916],[73.43475,34.496],[73.43483,34.49655],[73.43804,34.51777],[73.4381,34.52008],[73.43831,34.52805],[73.44063,34.54602],[73.44136,34.55],[73.44275,34.55499],[73.44832,34.56305],[73.45555,34.56833],[73.46104,34.57049],[73.46471,34.57194],[73.47638,34.57277],[73.5194,34.57251],[73.52609,34.57361],[73.53911,34.57719],[73.54526,34.57888],[73.54942,34.58138],[73.55443,34.58194],[73.55971,34.58443],[73.57121,34.58618],[73.58166,34.58777],[73.5872,34.58694],[73.59248,34.58472],[73.59487,34.58329],[73.59725,34.58186],[73.60081,34.57972],[73.60904,34.57267],[73.61443,34.56806],[73.62498,34.56388],[73.63136,34.56388],[73.63342,34.56427],[73.63721,34.56499],[73.6411,34.56694],[73.64451,34.57099],[73.64999,34.57749],[73.65254,34.58292],[73.65444,34.58694],[73.66805,34.62555],[73.67249,34.63499],[73.67442,34.64583],[73.67415,34.6611],[73.67137,34.66888],[73.66609,34.67666],[73.66304,34.67972],[73.66252,34.6809],[73.6611,34.68416],[73.6636,34.69444],[73.66756,34.69828],[73.67276,34.70332],[73.67871,34.7063],[73.6822,34.70805],[73.68873,34.71245],[73.69331,34.71554],[73.69803,34.71776],[73.69843,34.71844],[73.7,34.7211],[73.7036,34.72471],[73.70485,34.7264],[73.70915,34.73221],[73.71113,34.73629],[73.71166,34.73962],[73.71193,34.74138],[73.71346,34.74387],[73.71499,34.74638],[73.71582,34.75194],[73.72053,34.76721],[73.72272,34.77022],[73.72638,34.77527],[73.72926,34.77785],[73.7397,34.78722],[73.76027,34.79944],[73.77054,34.80166],[73.78831,34.80193],[73.79407,34.8028],[73.79942,34.8036],[73.80261,34.80523],[73.81248,34.81027],[73.81803,34.81582],[73.82193,34.81972],[73.82783,34.82408],[73.82944,34.82527],[73.83175,34.82614],[73.83388,34.82694],[73.84554,34.82861],[73.86638,34.82555],[73.87342,34.82516],[73.88611,34.82444],[73.89833,34.82472],[73.90776,34.82666],[73.91249,34.82888],[73.92387,34.83694],[73.9297,34.84332],[73.93387,34.84582],[73.93719,34.84944],[73.9472,34.85305],[73.94906,34.85328],[73.95166,34.85361],[73.96666,34.85833],[73.97187,34.86045],[73.97554,34.86194],[73.97774,34.86369],[73.98638,34.87054],[73.98943,34.87499],[73.99124,34.87824],[73.99859,34.89138],[74.00444,34.90527],[74.00736,34.9093],[74.01027,34.91332],[74.01545,34.91839],[74.02304,34.92583],[74.02841,34.93009],[74.03387,34.93443],[74.05165,34.95555],[74.05525,34.97166],[74.05464,34.97985],[74.05415,34.98638],[74.05443,34.99166],[74.05582,34.9961],[74.05726,34.99728],[74.06331,35.00222],[74.06805,35.00388],[74.06887,35.00464],[74.07138,35.00694],[74.07582,35.00889],[74.07844,35.01119],[74.08276,35.015],[74.08908,35.02345],[74.08954,35.02407],[74.08901,35.02428],[74.08837,35.02453],[74.08735,35.02494],[74.08665,35.02916],[74.08522,35.03203],[74.08443,35.03361],[74.07721,35.04416],[74.07027,35.05027],[74.0622,35.06055],[74.06026,35.06944],[74.06026,35.07472],[74.06085,35.07781],[74.06137,35.08055],[74.0618,35.08147],[74.06581,35.08999],[74.07012,35.09469],[74.07193,35.09666],[74.08221,35.10555],[74.08424,35.10664],[74.08998,35.10972],[74.09332,35.11305],[74.1022,35.11777],[74.10778,35.11993],[74.11591,35.12306],[74.12743,35.12475],[74.12442,35.12749],[74.11341,35.13449],[74.1122,35.13527],[74.09715,35.14401],[74.09499,35.14527],[74.08028,35.1511],[74.07443,35.15082],[74.0616,35.14616],[74.04999,35.14194],[74.04498,35.14138],[74.03167,35.14332],[74.02777,35.14555],[74.02276,35.15277],[74.01971,35.15582],[74.01832,35.16027],[74.01004,35.16787],[74.00821,35.1695],[73.9947,35.17639],[73.97124,35.17902],[73.96748,35.17944],[73.95974,35.1819],[73.95676,35.18285],[73.95526,35.18333],[73.94386,35.1911],[73.93027,35.20305],[73.91629,35.20911],[73.91554,35.20943],[73.90939,35.21039],[73.90304,35.21138],[73.89288,35.21162],[73.8911,35.21166],[73.8736,35.20972],[73.86782,35.20856],[73.86249,35.2075],[73.84972,35.20777],[73.84482,35.2094],[73.83971,35.2111],[73.83194,35.2161],[73.81663,35.22881],[73.81387,35.2311],[73.80462,35.23613],[73.79387,35.23916],[73.7811,35.24055],[73.76999,35.23833],[73.76637,35.23718],[73.76471,35.23666],[73.75694,35.23277],[73.75278,35.22943],[73.75108,35.22851],[73.7464,35.22595],[73.74109,35.22305],[73.73054,35.21971],[73.72665,35.22138],[73.7236,35.22499],[73.72328,35.22564],[73.72137,35.22943],[73.71998,35.23833],[73.71666,35.24694],[73.71249,35.26361],[73.70385,35.28519],[73.70349,35.28608],[73.70248,35.2886],[73.7022,35.28964],[73.69887,35.30193],[73.69775,35.31194],[73.69914,35.33277],[73.6972,35.36277],[73.69942,35.3786],[73.69942,35.38388],[73.70193,35.39471],[73.70256,35.39659],[73.70526,35.40471],[73.70943,35.4136],[73.7124,35.41612],[73.71311,35.41679],[73.71499,35.42055],[73.7201,35.42566],[73.72192,35.42749],[73.72766,35.43027],[73.73054,35.43166],[73.73987,35.43505],[73.74887,35.43832],[73.76082,35.4461],[73.76524,35.45091],[73.76721,35.45305],[73.76917,35.45589],[73.77276,35.4611],[73.77672,35.46849],[73.77693,35.46888],[73.78055,35.47249],[73.78482,35.47939],[73.78554,35.48054],[73.78879,35.48353],[73.79082,35.48749],[73.80304,35.50305],[73.80678,35.50411],[73.79205,35.51433],[73.7884,35.51686],[73.78364,35.52015],[73.78027,35.52249],[73.77331,35.52249],[73.77048,35.52121],[73.76864,35.52039],[73.76776,35.51999],[73.75814,35.52052],[73.74748,35.5211],[73.74165,35.52222],[73.73109,35.52666],[73.72638,35.52972],[73.71971,35.5311],[73.71388,35.53221],[73.70694,35.53138],[73.70168,35.53181],[73.69331,35.5325],[73.68225,35.53264],[73.67304,35.53277],[73.66636,35.53364],[73.66026,35.53444],[73.65444,35.53583],[73.64927,35.53862],[73.64616,35.5403],[73.64415,35.54138],[73.63248,35.54388],[73.61986,35.54552],[73.61234,35.54642],[73.60793,35.54697],[73.59637,35.55055],[73.59554,35.5507],[73.57981,35.55361],[73.57083,35.55527],[73.55224,35.5535],[73.54748,35.55305],[73.5419,35.55317],[73.53472,35.55332],[73.5286,35.55471],[73.52642,35.55556],[73.5186,35.5586],[73.51482,35.56105],[73.51388,35.56166],[73.50539,35.56449],[73.49304,35.5686],[73.4887,35.56911],[73.47887,35.57028],[73.47583,35.56997],[73.47331,35.56972],[73.44301,35.57157],[73.41443,35.57333],[73.40749,35.57472],[73.39529,35.57777],[73.39401,35.57834],[73.38109,35.58416],[73.37607,35.58751],[73.37276,35.58971],[73.3636,35.59415],[73.35872,35.59575],[73.34749,35.59943],[73.33309,35.60106],[73.32777,35.60166],[73.32678,35.60198],[73.32413,35.60282],[73.32165,35.60361],[73.29582,35.6075],[73.2936,35.60909],[73.29193,35.61028],[73.28581,35.61166],[73.2811,35.61388],[73.27721,35.61666],[73.25556,35.62833],[73.2511,35.63166],[73.24892,35.63294],[73.23027,35.64388],[73.22276,35.64999],[73.22053,35.65305],[73.21723,35.65596],[73.21361,35.65916],[73.20853,35.66289],[73.19887,35.66999],[73.19336,35.67303],[73.18526,35.67749],[73.17157,35.68317],[73.17053,35.68361],[73.16138,35.68888],[73.15721,35.69027],[73.14989,35.69585],[73.14893,35.69664],[73.14638,35.6986],[73.13611,35.70889],[73.12608,35.72276],[73.1247,35.72638],[73.12164,35.73027],[73.12104,35.73208],[73.12025,35.73444],[73.1172,35.73833],[73.11304,35.75111],[73.11304,35.755],[73.11165,35.75999],[73.11173,35.76315],[73.11192,35.77083],[73.11499,35.79222],[73.11648,35.79886],[73.11748,35.80332],[73.11841,35.80519],[73.11971,35.80777],[73.12012,35.81072],[73.12053,35.81361],[73.12262,35.82129],[73.1247,35.82888],[73.12524,35.8337],[73.12497,35.8351],[73.12436,35.83769],[73.12436,35.8377],[73.12415,35.8386],[73.11804,35.84527],[73.10637,35.85333],[73.09248,35.86028],[73.08166,35.86361],[73.07471,35.86444],[73.0636,35.86277],[73.03638,35.85055],[73.03161,35.8488],[73.02805,35.84749],[73.02222,35.84638],[73.01754,35.84391],[73.00833,35.84083],[72.99803,35.8386],[72.99512,35.8374],[72.99332,35.83665],[72.98166,35.83527],[72.97638,35.83388],[72.96235,35.83466],[72.95637,35.83499],[72.94616,35.83706],[72.93858,35.8386],[72.91914,35.8386],[72.89804,35.84138],[72.89166,35.84138],[72.84776,35.84972],[72.84527,35.85042],[72.84164,35.85146],[72.82527,35.8561],[72.82216,35.85635],[72.8111,35.85722],[72.80698,35.85607],[72.7961,35.85305],[72.78594,35.84851],[72.7755,35.84383],[72.76506,35.83916],[72.76443,35.83888],[72.75999,35.83833],[72.75677,35.8368],[72.75471,35.83582],[72.73305,35.83194],[72.73245,35.83179],[72.71832,35.82833],[72.68858,35.8186],[72.67693,35.8175],[72.67082,35.81833],[72.64631,35.8275],[72.62769,35.83447],[72.61886,35.83777],[72.5991,35.84135],[72.58665,35.8436],[72.58192,35.84398],[72.57971,35.84415],[72.57834,35.84464],[72.575,35.84582],[72.57027,35.8486],[72.5657,35.85462],[72.56499,35.85555],[72.5636,35.85999],[72.56317,35.86051],[72.56109,35.86305],[72.55971,35.86666],[72.54915,35.8811],[72.53749,35.88943],[72.53345,35.89139],[72.52942,35.89335],[72.52832,35.89388],[72.52725,35.89416],[72.51666,35.89694],[72.5158,35.89768],[72.51447,35.89881],[72.51379,35.8994],[72.51277,35.90027],[72.51388,35.91055],[72.51582,35.91499],[72.52361,35.92694],[72.52499,35.93083],[72.52829,35.9366],[72.53499,35.94833],[72.53638,35.95278],[72.54095,35.96123],[72.54553,35.96971],[72.55721,35.98472],[72.56456,36.0],[72.56694,36.00751],[72.56694,36.01222],[72.56636,36.01611],[72.56554,36.02167],[72.56386,36.02583],[72.5594,36.03334],[72.55431,36.03802],[72.54581,36.04584],[72.54187,36.04865],[72.53803,36.05139],[72.52664,36.06472],[72.52418,36.06862],[72.52191,36.07223],[72.51859,36.09055],[72.52115,36.10135],[72.52248,36.10695],[72.52692,36.11584],[72.52867,36.11838],[72.53996,36.13472],[72.54225,36.1406],[72.54385,36.14471],[72.54412,36.14799],[72.54469,36.15499],[72.54278,36.16398],[72.54191,36.16805],[72.54077,36.17061],[72.53969,36.17304],[72.53951,36.17431],[72.53914,36.17693],[72.53893,36.18066],[72.53858,36.18693],[72.53884,36.19022],[72.53932,36.19601],[72.53941,36.1972],[72.54025,36.20248],[72.54274,36.20803],[72.54358,36.21304],[72.54656,36.22128],[72.5472,36.22302],[72.55277,36.23135],[72.5568,36.23646],[72.56109,36.24191],[72.56721,36.2483],[72.58333,36.25885],[72.58421,36.25922],[72.58467,36.25942],[72.59637,36.26441],[72.60537,36.26581],[72.61415,36.26717],[72.63944,36.26329],[72.65027,36.25912],[72.66331,36.2594],[72.67691,36.2644],[72.68636,36.27328],[72.68941,36.27828],[72.69273,36.28133],[72.69319,36.28224],[72.69469,36.28522],[72.69709,36.28762],[72.6983,36.28883],[72.69968,36.29157],[72.70026,36.29271],[72.70274,36.29566],[72.70914,36.30326],[72.71803,36.30826],[72.72173,36.30981],[72.72664,36.31187],[72.73924,36.31613],[72.74635,36.31853],[72.75068,36.3204],[72.7547,36.32214],[72.75998,36.32269],[72.76231,36.324],[72.7733,36.3302],[72.78566,36.33934],[72.7883,36.34129],[72.80025,36.34851],[72.80655,36.35337],[72.80746,36.35407],[72.80839,36.35453],[72.82886,36.36462],[72.83803,36.36822],[72.84663,36.37266],[72.8508,36.37571],[72.8527,36.37803],[72.8533,36.37876],[72.8558,36.38377],[72.86163,36.41041],[72.86297,36.42344],[72.86386,36.43207],[72.86691,36.44234],[72.86913,36.44678],[72.87221,36.44986],[72.87524,36.4529],[72.88387,36.45789],[72.88831,36.459],[72.89084,36.46009],[72.90692,36.46704],[72.91119,36.46805],[72.91164,36.46815],[72.91696,36.46883],[72.92914,36.47037],[72.95497,36.46925],[72.9597,36.47119],[72.96232,36.47316],[72.96303,36.47369],[72.96414,36.47619],[72.96526,36.47868],[72.96553,36.48897],[72.96414,36.4984],[72.96928,36.50222],[72.97163,36.50396],[72.97966,36.50633],[72.99135,36.50978],[73.00062,36.5144],[73.00278,36.51548],[73.00859,36.51838],[73.02081,36.52587],[73.02445,36.52876],[73.03552,36.53753],[73.03822,36.5405],[73.04274,36.55003],[73.04747,36.56474],[73.05025,36.5689],[73.05298,36.57759],[73.0533,36.57862],[73.05635,36.58279],[73.0583,36.58723],[73.07088,36.59988],[73.07303,36.60528],[73.07025,36.61832],[73.06615,36.62501],[73.05885,36.63693],[73.05746,36.6411],[73.05198,36.65158],[73.05136,36.65276],[73.04802,36.66665],[73.04772,36.66906],[73.04747,36.67108],[73.04997,36.68192],[73.05275,36.6858],[73.05997,36.6908],[73.06127,36.69115],[73.06607,36.69246],[73.07192,36.69218],[73.08441,36.6933],[73.1058,36.69662],[73.11525,36.70023],[73.11969,36.70273],[73.14192,36.71883],[73.1572,36.72298],[73.16528,36.72211],[73.16997,36.7216],[73.17282,36.72062],[73.19191,36.71409],[73.19919,36.71253],[73.20358,36.71159],[73.21654,36.71064],[73.23026,36.70963],[73.24774,36.7113],[73.26575,36.71579],[73.26886,36.71656],[73.27414,36.71712],[73.28514,36.72061],[73.30385,36.72655],[73.31441,36.72877],[73.31656,36.72965],[73.31914,36.73071],[73.32414,36.73127],[73.32886,36.73377],[73.33083,36.73423],[73.33359,36.73487],[73.34552,36.74293],[73.35553,36.74626],[73.3674,36.74855],[73.37137,36.74932],[73.37488,36.74886],[73.37776,36.74847],[73.38448,36.74917],[73.40721,36.75153],[73.41277,36.75098],[73.41778,36.74953],[73.42526,36.74737],[73.43163,36.74366],[73.43387,36.74236],[73.43858,36.7407],[73.44045,36.73975],[73.45776,36.73096],[73.47165,36.72853],[73.48303,36.72653],[73.49592,36.72502],[73.50443,36.72403],[73.52386,36.7232],[73.5508,36.72876],[73.55181,36.72878],[73.56302,36.72903],[73.56859,36.72737],[73.57915,36.71349],[73.58209,36.71089],[73.58609,36.70738],[73.60314,36.70609],[73.61687,36.70506],[73.63386,36.70377],[73.64343,36.70337],[73.66025,36.70266],[73.66749,36.70381],[73.67081,36.70433],[73.67552,36.70628],[73.67599,36.70648],[73.67941,36.70795],[73.68303,36.71183],[73.6882,36.71523],[73.69107,36.71711],[73.70108,36.72016],[73.70266,36.72031],[73.70692,36.72072],[73.73663,36.71323],[73.74262,36.71432],[73.75665,36.71961],[73.76026,36.72016],[73.76776,36.72129],[73.78137,36.72101],[73.79414,36.71851],[73.81259,36.71221],[73.81526,36.7113],[73.816,36.71097],[73.82527,36.70685],[73.83076,36.70548],[73.84305,36.70574],[73.84615,36.70702],[73.84792,36.70783],[73.8547,36.7138],[73.85805,36.72141],[73.86081,36.72768],[73.86217,36.73219],[73.86249,36.73325],[73.86304,36.74825],[73.8627,36.74992],[73.8611,36.7577],[73.85498,36.76936],[73.85359,36.77381],[73.85054,36.77686],[73.84957,36.77822],[73.84027,36.79131],[73.83952,36.79189],[73.83305,36.79687],[73.82835,36.79914],[73.82388,36.80131],[73.81749,36.8027],[73.79748,36.80325],[73.79054,36.80908],[73.7883,36.81825],[73.78636,36.82242],[73.7847,36.82548],[73.78197,36.82782],[73.78081,36.82881],[73.77469,36.8302],[73.74692,36.83325],[73.74107,36.83325],[73.73413,36.83463],[73.71896,36.83856],[73.71053,36.84074],[73.70661,36.84243],[73.69635,36.84686],[73.68794,36.85342],[73.68497,36.85574],[73.68274,36.85964],[73.67663,36.86603],[73.67242,36.87305],[73.66997,36.87713],[73.66858,36.8813],[73.66302,36.88825]]]}},{"type":"Feature","properties":{"adm1_name":"Punjab","adm1_name1":null,"adm1_name2":null,"adm1_name3":null,"adm1_pcode":"PK6","adm0_name":"Pakistan","adm0_name1":null,"adm0_name2":null,"adm0_name3":null,"adm0_pcode":"PK","valid_on":"2022-09-09","valid_to":null,"area_sqkm":205401.42693871,"cod_version":"V_01","lang":"en","lang1":null,"lang2":null,"lang3":null,"adm1_ref_name":"Punjab","center_lat":30.86162475,"center_lon":72.32024937,"pop_2023":127688922,"pop_density":621.7},"geometry":{"type":"MultiPolygon","coordinates":[[[[73.50089,34.01715],[73.50019,34.01741],[73.49878,34.01762],[73.49759,34.01768],[73.49656,34.01789],[73.49554,34.01805],[73.49429,34.01828],[73.49268,34.01828],[73.49057,34.01824],[73.48838,34.01817],[73.48696,34.01817],[73.4856,34.01808],[73.48289,34.01739],[73.48003,34.01636],[73.47861,34.01556],[73.47672,34.01515],[73.47542,34.01556],[73.47456,34.01591],[73.4732,34.01627],[73.4719,34.01666],[73.47176,34.01586],[73.47144,34.01426],[73.47147,34.01288],[73.47154,34.01176],[73.47007,34.01034],[73.46957,34.00869],[73.4687,34.00773],[73.46837,34.00711],[73.46508,34.00439],[73.464,34.00388],[73.46521,34.00217],[73.46471,34.00164],[73.46391,34.00107],[73.46321,34.00036],[73.46197,33.99961],[73.46077,33.99825],[73.46033,33.9972],[73.45982,33.99646],[73.45878,33.99555],[73.45766,33.99484],[73.45667,33.9943],[73.45589,33.99371],[73.45487,33.99269],[73.45433,33.99171],[73.45385,33.991],[73.453,33.99019],[73.45212,33.98953],[73.45094,33.98872],[73.4501,33.98792],[73.44901,33.98674],[73.44785,33.98567],[73.4468,33.98503],[73.44524,33.98425],[73.44373,33.98354],[73.44334,33.98293],[73.4424,33.98182],[73.44209,33.98082],[73.44159,33.97952],[73.4407,33.97826],[73.44053,33.97642],[73.44067,33.97553],[73.4403,33.97471],[73.43948,33.9741],[73.43855,33.97355],[73.43744,33.97224],[73.43658,33.97092],[73.43539,33.96989],[73.43397,33.96892],[73.43248,33.96785],[73.43182,33.96708],[73.4313,33.96629],[73.43031,33.96531],[73.42885,33.96461],[73.4272,33.96402],[73.4255,33.96348],[73.42443,33.96299],[73.42363,33.96244],[73.42308,33.96155],[73.42277,33.95998],[73.4236,33.95786],[73.42414,33.95628],[73.42358,33.9556],[73.4226,33.9553],[73.42088,33.95522],[73.4194,33.95516],[73.41767,33.95555],[73.41618,33.95657],[73.41621,33.95827],[73.41747,33.95905],[73.41817,33.95988],[73.41782,33.96098],[73.41482,33.96291],[73.41447,33.96442],[73.41475,33.96542],[73.41489,33.96617],[73.41422,33.9672],[73.41318,33.96814],[73.41124,33.96909],[73.40937,33.97103],[73.40836,33.97156],[73.40697,33.97223],[73.40601,33.97321],[73.40542,33.97449],[73.40466,33.9755],[73.40411,33.97578],[73.40263,33.97599],[73.40135,33.97583],[73.39803,33.97521],[73.3968,33.9749],[73.39342,33.97345],[73.39256,33.97224],[73.3922,33.97142],[73.39178,33.97033],[73.39082,33.96872],[73.38971,33.96656],[73.38849,33.96501],[73.38734,33.96397],[73.38544,33.96242],[73.38371,33.96206],[73.38193,33.96207],[73.37999,33.9624],[73.3787,33.96234],[73.3782,33.96097],[73.37817,33.96017],[73.37816,33.9591],[73.3764,33.95737],[73.37428,33.95583],[73.37438,33.95502],[73.37627,33.95457],[73.37753,33.95465],[73.3795,33.95476],[73.38219,33.9553],[73.38405,33.95563],[73.3855,33.95539],[73.38574,33.95503],[73.38582,33.95343],[73.38548,33.95115],[73.3851,33.94872],[73.38467,33.94655],[73.38216,33.94181],[73.38097,33.94045],[73.37936,33.93838],[73.3784,33.93686],[73.37716,33.93568],[73.37507,33.93434],[73.37364,33.93314],[73.37149,33.93176],[73.36951,33.93037],[73.36839,33.92899],[73.36786,33.92822],[73.36665,33.92755],[73.36613,33.92725],[73.3642,33.92688],[73.36295,33.92677],[73.35999,33.92619],[73.35818,33.92536],[73.35677,33.92386],[73.35594,33.92304],[73.35302,33.92004],[73.35206,33.91954],[73.34915,33.91885],[73.34767,33.91886],[73.34663,33.9187],[73.34663,33.91797],[73.34764,33.91448],[73.34829,33.91265],[73.34828,33.91135],[73.34808,33.90966],[73.34801,33.90768],[73.34754,33.90691],[73.34682,33.90611],[73.34479,33.90475],[73.34245,33.90348],[73.34127,33.9031],[73.34029,33.90276],[73.33924,33.90219],[73.3382,33.90088],[73.33736,33.89922],[73.33619,33.89616],[73.33533,33.89434],[73.33472,33.8935],[73.33383,33.89266],[73.33302,33.89187],[73.33199,33.89098],[73.33029,33.88942],[73.32797,33.88742],[73.32753,33.88568],[73.32831,33.88434],[73.32956,33.88278],[73.33068,33.88186],[73.33116,33.88056],[73.33102,33.87865],[73.33054,33.87638],[73.32976,33.87471],[73.32884,33.87323],[73.32787,33.87204],[73.32664,33.87111],[73.32307,33.86917],[73.32083,33.86703],[73.31891,33.86544],[73.31736,33.86372],[73.31779,33.86285],[73.31921,33.86245],[73.31959,33.86029],[73.31898,33.85981],[73.31824,33.85902],[73.31735,33.85777],[73.31672,33.8569],[73.31567,33.85643],[73.31477,33.85645],[73.31143,33.85688],[73.30995,33.8564],[73.30803,33.85532],[73.3069,33.85441],[73.30416,33.85032],[73.30209,33.84805],[73.29997,33.84563],[73.29821,33.84489],[73.29654,33.84467],[73.29589,33.84462],[73.29509,33.84497],[73.29343,33.84571],[73.2913,33.84638],[73.28963,33.84694],[73.28774,33.84708],[73.28558,33.84677],[73.28236,33.84576],[73.27544,33.84266],[73.26731,33.83775],[73.26597,33.83791],[73.26513,33.83908],[73.26359,33.84214],[73.26272,33.84344],[73.26122,33.84496],[73.2594,33.84591],[73.25739,33.84552],[73.25687,33.84532],[73.25523,33.84496],[73.25388,33.84469],[73.2523,33.84402],[73.25086,33.84313],[73.24735,33.84208],[73.24581,33.84149],[73.24461,33.84029],[73.24336,33.83883],[73.24261,33.83778],[73.24158,33.83521],[73.24103,33.83348],[73.23885,33.8279],[73.23805,33.82633],[73.23704,33.82496],[73.2367,33.82467],[73.23595,33.82385],[73.23269,33.82245],[73.23104,33.82151],[73.23008,33.82103],[73.22802,33.8201],[73.22596,33.81926],[73.22404,33.81845],[73.22118,33.81778],[73.21979,33.81719],[73.21841,33.81697],[73.21649,33.81643],[73.21317,33.81569],[73.21162,33.81588],[73.2103,33.81641],[73.20934,33.8161],[73.2011,33.81344],[73.1905,33.81016],[73.18478,33.80978],[73.17924,33.81059],[73.17163,33.80805],[73.16847,33.80451],[73.17059,33.80493],[73.17264,33.80524],[73.17474,33.80533],[73.17625,33.80532],[73.17781,33.80519],[73.17926,33.80503],[73.17999,33.80484],[73.18091,33.80462],[73.18179,33.80427],[73.18269,33.80379],[73.18446,33.80303],[73.18629,33.80208],[73.18757,33.8014],[73.18819,33.801],[73.18872,33.80064],[73.18965,33.80005],[73.19064,33.79929],[73.19212,33.79829],[73.19273,33.79802],[73.19312,33.79771],[73.1936,33.79754],[73.19403,33.79747],[73.19498,33.79724],[73.19611,33.79694],[73.19929,33.79621],[73.20312,33.79528],[73.206,33.79461],[73.20833,33.79403],[73.21013,33.79345],[73.21101,33.79329],[73.21365,33.79282],[73.21586,33.79235],[73.21734,33.79191],[73.21941,33.79144],[73.22034,33.79121],[73.22092,33.79126],[73.22205,33.79081],[73.22349,33.79043],[73.22511,33.79005],[73.22732,33.78948],[73.228,33.78933],[73.2286,33.78907],[73.22942,33.78874],[73.23031,33.78834],[73.23118,33.78807],[73.23206,33.78791],[73.23279,33.78781],[73.23327,33.7879],[73.23374,33.78794],[73.2346,33.78781],[73.23515,33.78768],[73.23619,33.78728],[73.23705,33.78685],[73.23776,33.78667],[73.23888,33.78649],[73.24072,33.78625],[73.24174,33.7859],[73.24291,33.78543],[73.24389,33.78495],[73.24429,33.78466],[73.24485,33.78378],[73.24539,33.78326],[73.2464,33.78255],[73.24725,33.7822],[73.24831,33.78205],[73.24947,33.78194],[73.25026,33.78172],[73.25089,33.78144],[73.25169,33.78084],[73.25246,33.77991],[73.25362,33.77883],[73.25418,33.77844],[73.25468,33.77844],[73.2553,33.77859],[73.25666,33.77896],[73.25847,33.77932],[73.2597,33.77927],[73.26067,33.77902],[73.26138,33.77872],[73.26241,33.77799],[73.2636,33.77737],[73.2645,33.77692],[73.26591,33.7763],[73.26719,33.77576],[73.26804,33.77523],[73.26862,33.77454],[73.26992,33.77332],[73.2719,33.7718],[73.27364,33.77027],[73.27428,33.7695],[73.27493,33.76907],[73.27605,33.76836],[73.27744,33.76749],[73.2805,33.76487],[73.28231,33.76346],[73.28563,33.7608],[73.2899,33.75742],[73.29108,33.75641],[73.29251,33.75491],[73.2943,33.75349],[73.29594,33.75245],[73.29748,33.75163],[73.299,33.75086],[73.29952,33.75036],[73.30023,33.74942],[73.30033,33.74896],[73.30026,33.74819],[73.30028,33.7474],[73.30058,33.74696],[73.30111,33.74649],[73.30241,33.74559],[73.30356,33.74481],[73.30398,33.74422],[73.30431,33.74363],[73.30484,33.7428],[73.30547,33.74214],[73.30628,33.7415],[73.30921,33.73994],[73.31342,33.73807],[73.31738,33.73662],[73.31883,33.73619],[73.32015,33.73553],[73.32269,33.73438],[73.32438,33.73367],[73.32607,33.733],[73.32853,33.73191],[73.33499,33.72885],[73.3354,33.72864],[73.33691,33.72808],[73.33737,33.72782],[73.33779,33.72732],[73.33848,33.72609],[73.33909,33.72437],[73.34043,33.72055],[73.34055,33.72009],[73.34134,33.71704],[73.34188,33.71517],[73.34211,33.71415],[73.34235,33.71372],[73.34297,33.713],[73.34551,33.71051],[73.34724,33.70903],[73.34856,33.70828],[73.3507,33.7076],[73.35284,33.7071],[73.35627,33.70655],[73.35815,33.70626],[73.35957,33.70615],[73.36095,33.70611],[73.36179,33.70612],[73.36274,33.70622],[73.36418,33.70632],[73.3657,33.70625],[73.36713,33.70597],[73.36793,33.70568],[73.3686,33.70519],[73.36919,33.70446],[73.37002,33.70312],[73.37057,33.70254],[73.37127,33.70205],[73.37203,33.70245],[73.37318,33.70319],[73.37514,33.70418],[73.37595,33.70452],[73.37664,33.70467],[73.37749,33.70469],[73.37949,33.7045],[73.38184,33.70431],[73.38391,33.70421],[73.38448,33.70412],[73.38574,33.70401],[73.38725,33.70432],[73.3894,33.70363],[73.38934,33.70266],[73.38926,33.70214],[73.38925,33.70213],[73.38808,33.69972],[73.38625,33.69762],[73.38502,33.69445],[73.38367,33.69141],[73.38325,33.69103],[73.38068,33.68869],[73.37953,33.6875],[73.37809,33.68639],[73.37563,33.68448],[73.37249,33.68229],[73.37141,33.68151],[73.37024,33.68071],[73.36912,33.68018],[73.36781,33.67957],[73.36636,33.67871],[73.36442,33.6773],[73.36195,33.67514],[73.36031,33.67363],[73.35868,33.67207],[73.358,33.67126],[73.358,33.67125],[73.35798,33.6704],[73.35817,33.66939],[73.35822,33.66792],[73.35811,33.66674],[73.3581,33.66671],[73.35767,33.66552],[73.35694,33.66437],[73.35587,33.6634],[73.35455,33.66249],[73.35354,33.66212],[73.35236,33.66155],[73.35149,33.66131],[73.35069,33.66133],[73.34993,33.66159],[73.34931,33.66194],[73.34898,33.66231],[73.34834,33.66354],[73.34817,33.66403],[73.34783,33.66433],[73.34729,33.66448],[73.34659,33.66444],[73.34491,33.66412],[73.34379,33.66403],[73.34279,33.66373],[73.34101,33.66354],[73.33835,33.66367],[73.33588,33.66396],[73.33276,33.6646],[73.33211,33.66476],[73.33065,33.66519],[73.32986,33.66539],[73.32932,33.66569],[73.32889,33.66622],[73.32845,33.66656],[73.32769,33.66674],[73.32702,33.66661],[73.32622,33.66626],[73.3258,33.66613],[73.32535,33.66616],[73.32489,33.66644],[73.32425,33.66665],[73.32375,33.66659],[73.32316,33.66632],[73.3219,33.66591],[73.32019,33.66548],[73.31876,33.66501],[73.31815,33.66462],[73.31814,33.6646],[73.31806,33.66421],[73.31861,33.66378],[73.31896,33.66335],[73.31894,33.66333],[73.31824,33.66283],[73.31699,33.66232],[73.31586,33.66165],[73.31458,33.66095],[73.31361,33.66044],[73.31268,33.66006],[73.3114,33.65955],[73.31034,33.65908],[73.30944,33.65843],[73.30905,33.65804],[73.30841,33.65729],[73.30774,33.65636],[73.30687,33.6559],[73.30569,33.65553],[73.30294,33.65518],[73.30213,33.65501],[73.30168,33.65449],[73.30168,33.65447],[73.30178,33.65363],[73.30212,33.65276],[73.30248,33.65191],[73.303,33.65101],[73.30356,33.65031],[73.30405,33.64956],[73.30414,33.64903],[73.30413,33.64902],[73.30341,33.64841],[73.30244,33.64788],[73.30118,33.64731],[73.30014,33.64651],[73.29945,33.64558],[73.29904,33.64489],[73.2985,33.6438],[73.29821,33.64297],[73.2982,33.64295],[73.29797,33.64222],[73.298,33.64114],[73.29828,33.64036],[73.29874,33.63965],[73.29907,33.63909],[73.29965,33.63852],[73.30022,33.63805],[73.30112,33.63727],[73.30145,33.6366],[73.30165,33.63579],[73.3016,33.63521],[73.30126,33.63409],[73.30126,33.63408],[73.30075,33.63279],[73.30009,33.63095],[73.30009,33.63094],[73.30006,33.62913],[73.30029,33.62697],[73.30039,33.62601],[73.30057,33.6254],[73.30077,33.62448],[73.30095,33.62252],[73.30099,33.62082],[73.30122,33.61975],[73.30196,33.61773],[73.30193,33.61707],[73.30167,33.61618],[73.30164,33.6146],[73.3018,33.61349],[73.30212,33.61266],[73.30254,33.61176],[73.30262,33.61058],[73.30261,33.61057],[73.30227,33.61002],[73.30142,33.60944],[73.30015,33.60871],[73.29887,33.60783],[73.29756,33.60699],[73.29665,33.60605],[73.29596,33.60485],[73.29546,33.60377],[73.29472,33.60185],[73.29419,33.60099],[73.29371,33.60015],[73.2937,33.60013],[73.2934,33.599],[73.29309,33.59768],[73.29307,33.59626],[73.29307,33.59554],[73.29286,33.59439],[73.29288,33.59309],[73.29295,33.5924],[73.2933,33.59183],[73.29497,33.59147],[73.29661,33.59141],[73.29875,33.59128],[73.29873,33.59125],[73.29743,33.58966],[73.29657,33.58875],[73.29595,33.58774],[73.29508,33.58685],[73.29421,33.58605],[73.29342,33.58548],[73.29282,33.58482],[73.29028,33.58178],[73.28846,33.58026],[73.28661,33.57845],[73.28365,33.575],[73.28204,33.57356],[73.28053,33.57188],[73.28,33.57165],[73.27883,33.5706],[73.27586,33.56728],[73.27488,33.56627],[73.27351,33.56467],[73.26861,33.55966],[73.26617,33.55717],[73.25951,33.55106],[73.25851,33.55008],[73.25102,33.54324],[73.24677,33.53887],[73.24529,33.53726],[73.24218,33.53407],[73.23993,33.53175],[73.23635,33.5281],[73.2319,33.5234],[73.23086,33.52232],[73.22424,33.51544],[73.21792,33.50883],[73.21562,33.50645],[73.21018,33.50077],[73.20785,33.49832],[73.20419,33.49454],[73.20172,33.49186],[73.19973,33.48971],[73.19675,33.49109],[73.19131,33.49363],[73.1845,33.49677],[73.18147,33.49812],[73.17523,33.50106],[73.16956,33.50382],[73.16673,33.50512],[73.16029,33.50818],[73.15323,33.5116],[73.14774,33.51415],[73.14024,33.51761],[73.13651,33.51942],[73.13043,33.52216],[73.1238,33.52532],[73.1217,33.52635],[73.11489,33.52952],[73.10646,33.53342],[73.10442,33.53431],[73.10094,33.53589],[73.09736,33.53756],[73.09275,33.5397],[73.0892,33.54144],[73.0869,33.54241],[73.08688,33.54242],[73.08987,33.54395],[73.09138,33.5447],[73.0974,33.54797],[73.09995,33.54935],[73.10487,33.55185],[73.11198,33.55556],[73.11837,33.55888],[73.12366,33.56175],[73.12773,33.56372],[73.1316,33.56575],[73.13778,33.56915],[73.14303,33.57205],[73.14627,33.57381],[73.1516,33.57665],[73.15448,33.57836],[73.1545,33.57837],[73.15211,33.58145],[73.14842,33.58633],[73.14733,33.58773],[73.14246,33.59401],[73.13991,33.5974],[73.1354,33.60335],[73.13107,33.60899],[73.12758,33.61353],[73.12548,33.61629],[73.12432,33.61781],[73.123,33.61943],[73.11838,33.62563],[73.11672,33.62771],[73.11529,33.62952],[73.11129,33.63445],[73.10969,33.63662],[73.10752,33.63949],[73.10464,33.64329],[73.09899,33.65066],[73.09402,33.6572],[73.09322,33.65822],[73.09196,33.65995],[73.09114,33.66068],[73.08981,33.66217],[73.0882,33.66419],[73.08772,33.66397],[73.08477,33.66239],[73.07719,33.65848],[73.07137,33.65545],[73.07091,33.6552],[73.06247,33.65074],[73.05746,33.64818],[73.05362,33.64613],[73.05011,33.64426],[73.04533,33.64176],[73.03715,33.63748],[73.03527,33.63647],[73.03321,33.63537],[73.03118,33.63415],[73.02494,33.63105],[73.02178,33.62932],[73.01329,33.62494],[73.00903,33.62273],[73.00453,33.62033],[73.00178,33.61879],[73.00088,33.61987],[72.99693,33.62442],[72.99373,33.62822],[72.99068,33.6316],[72.98964,33.63286],[72.98882,33.63387],[72.98841,33.63402],[72.98796,33.63397],[72.98692,33.63334],[72.98407,33.63131],[72.98225,33.63038],[72.97973,33.62921],[72.97633,33.62756],[72.97517,33.62733],[72.97463,33.62742],[72.97424,33.62766],[72.97314,33.62866],[72.97048,33.63081],[72.96925,33.63152],[72.96878,33.63146],[72.96778,33.62985],[72.9673,33.62898],[72.9669,33.6282],[72.96653,33.62717],[72.96653,33.62717],[72.96664,33.62675],[72.96764,33.62629],[72.96936,33.62574],[72.97162,33.62489],[72.97354,33.62406],[72.9746,33.62355],[72.97573,33.62274],[72.97746,33.62133],[72.97969,33.61894],[72.98163,33.61647],[72.98328,33.61407],[72.98612,33.61058],[72.9861,33.61057],[72.98573,33.61037],[72.98286,33.60886],[72.97192,33.60318],[72.96407,33.599],[72.95736,33.59554],[72.95245,33.59296],[72.94667,33.58989],[72.94198,33.58745],[72.93769,33.58521],[72.93332,33.58287],[72.92875,33.58046],[72.92407,33.57797],[72.92134,33.5763],[72.9203,33.57597],[72.91709,33.57424],[72.91422,33.57263],[72.91383,33.57307],[72.91071,33.57704],[72.90802,33.58062],[72.89881,33.59234],[72.8984,33.59291],[72.89615,33.596],[72.88741,33.6072],[72.8828,33.61304],[72.88193,33.61418],[72.87667,33.62098],[72.8744,33.62387],[72.8654,33.63535],[72.86254,33.63899],[72.85362,33.65033],[72.8504,33.6545],[72.84225,33.66491],[72.83697,33.6717],[72.83214,33.67818],[72.82927,33.68179],[72.8227,33.69018],[72.82145,33.6917],[72.81973,33.69387],[72.81828,33.69593],[72.81644,33.69819],[72.81491,33.70014],[72.8139,33.70138],[72.81388,33.7014],[72.81489,33.70153],[72.81626,33.70168],[72.81847,33.70193],[72.82085,33.7022],[72.82415,33.70256],[72.82833,33.70293],[72.83189,33.70358],[72.83418,33.70405],[72.83601,33.70456],[72.83777,33.70511],[72.83931,33.70538],[72.84121,33.70588],[72.84179,33.70629],[72.84179,33.70629],[72.84196,33.70706],[72.84225,33.70866],[72.84285,33.71062],[72.84286,33.71064],[72.84357,33.712],[72.84427,33.71328],[72.84611,33.71524],[72.84885,33.7173],[72.85064,33.71846],[72.85302,33.71935],[72.85558,33.7198],[72.85698,33.71995],[72.85797,33.71986],[72.86,33.71931],[72.86285,33.71853],[72.86481,33.7182],[72.86642,33.71792],[72.86762,33.71804],[72.87018,33.71845],[72.87269,33.71933],[72.87437,33.71965],[72.87537,33.7197],[72.87716,33.71957],[72.87944,33.71926],[72.88152,33.7191],[72.88268,33.719],[72.88465,33.71907],[72.88716,33.71939],[72.88963,33.72004],[72.89091,33.72025],[72.89303,33.72066],[72.89518,33.72111],[72.89603,33.72139],[72.8964,33.72181],[72.8964,33.72182],[72.89666,33.72267],[72.89674,33.72329],[72.89674,33.7233],[72.89716,33.72425],[72.89786,33.72536],[72.89908,33.72643],[72.90031,33.72699],[72.90143,33.72731],[72.90268,33.72777],[72.9045,33.72806],[72.90574,33.72826],[72.90694,33.72819],[72.90791,33.72826],[72.90943,33.72826],[72.9105,33.72822],[72.91173,33.72823],[72.9125,33.72831],[72.91351,33.72844],[72.91489,33.72877],[72.91579,33.72906],[72.91642,33.72937],[72.92054,33.73447],[72.92606,33.73716],[72.92387,33.7456],[72.92081,33.74627],[72.91682,33.74672],[72.91479,33.74804],[72.91199,33.74777],[72.89228,33.75046],[72.88873,33.75125],[72.88667,33.75286],[72.88074,33.7575],[72.8829,33.75852],[72.88629,33.75964],[72.8883,33.76182],[72.88841,33.76194],[72.88971,33.76394],[72.88873,33.76645],[72.88068,33.764],[72.87591,33.76158],[72.87073,33.7608],[72.86753,33.76208],[72.865,33.76774],[72.86217,33.76976],[72.85758,33.77023],[72.85541,33.76942],[72.85202,33.76934],[72.85271,33.76657],[72.85125,33.76437],[72.84708,33.76218],[72.84496,33.76255],[72.84435,33.76462],[72.8415,33.76493],[72.83819,33.76389],[72.83539,33.76317],[72.83218,33.76253],[72.82941,33.76333],[72.82735,33.7704],[72.82166,33.77831],[72.82224,33.77905],[72.82652,33.78284],[72.82727,33.78554],[72.82875,33.78852],[72.83016,33.79091],[72.83308,33.79372],[72.83594,33.79665],[72.83839,33.79877],[72.83967,33.80053],[72.84174,33.80281],[72.84533,33.80147],[72.84706,33.80024],[72.85235,33.79731],[72.85538,33.7971],[72.85696,33.79843],[72.85906,33.80091],[72.86094,33.80305],[72.86324,33.80538],[72.86622,33.80924],[72.86763,33.81231],[72.86961,33.8149],[72.87013,33.81744],[72.87118,33.82265],[72.87183,33.82591],[72.85962,33.8246],[72.85754,33.8237],[72.85388,33.82394],[72.85082,33.82455],[72.84966,33.82629],[72.84979,33.83167],[72.84688,33.83348],[72.8424,33.8332],[72.8332,33.8258],[72.83078,33.82614],[72.82788,33.82619],[72.82256,33.82757],[72.82233,33.82817],[72.8219,33.82908],[72.82111,33.83128],[72.82022,33.8347],[72.81844,33.83742],[72.81796,33.84451],[72.82093,33.84466],[72.82499,33.8452],[72.82912,33.84581],[72.83163,33.8429],[72.83179,33.83985],[72.83507,33.84193],[72.83614,33.84527],[72.83528,33.85188],[72.83328,33.85363],[72.83155,33.85883],[72.83139,33.86152],[72.83158,33.86284],[72.83137,33.86438],[72.83163,33.86981],[72.83205,33.8727],[72.83262,33.87493],[72.83376,33.87895],[72.83376,33.87895],[72.83329,33.88144],[72.83274,33.88729],[72.82965,33.88748],[72.81692,33.88824],[72.80884,33.88873],[72.80722,33.8869],[72.80573,33.88522],[72.80296,33.88486],[72.79423,33.88706],[72.79324,33.88949],[72.7914,33.89158],[72.78966,33.89355],[72.78895,33.89804],[72.78555,33.89928],[72.78288,33.90118],[72.78009,33.90238],[72.77726,33.90322],[72.77015,33.91527],[72.77666,33.91496],[72.77952,33.91483],[72.78367,33.91547],[72.78637,33.91712],[72.78904,33.92015],[72.78924,33.924],[72.78735,33.92692],[72.78608,33.93155],[72.78381,33.93977],[72.78236,33.94179],[72.78114,33.94234],[72.77851,33.94346],[72.77534,33.94615],[72.77212,33.94809],[72.76865,33.94952],[72.76865,33.94952],[72.76525,33.9522],[72.76227,33.95366],[72.75894,33.94887],[72.75651,33.94648],[72.74958,33.9385],[72.74651,33.93683],[72.74389,33.93738],[72.7433,33.93456],[72.73773,33.93095],[72.73509,33.92876],[72.73302,33.92673],[72.72878,33.92342],[72.72597,33.92144],[72.72389,33.91969],[72.72305,33.91644],[72.72472,33.91457],[72.7274,33.91352],[72.73125,33.91185],[72.73413,33.91036],[72.73573,33.90849],[72.73452,33.90629],[72.73106,33.90617],[72.71883,33.90547],[72.71565,33.90529],[72.71309,33.90471],[72.70928,33.90516],[72.70512,33.90569],[72.70434,33.90255],[72.70811,33.89989],[72.70734,33.8966],[72.70692,33.89481],[72.70858,33.89193],[72.70939,33.88908],[72.70889,33.88232],[72.70678,33.88051],[72.69997,33.87609],[72.69881,33.8753],[72.69335,33.87156],[72.69296,33.87138],[72.68723,33.87112],[72.68582,33.86918],[72.67753,33.86673],[72.67396,33.86618],[72.66985,33.86446],[72.66641,33.86285],[72.6618,33.86187],[72.65575,33.86447],[72.64414,33.85751],[72.64336,33.86205],[72.64091,33.86553],[72.64271,33.87048],[72.63821,33.87315],[72.63377,33.88021],[72.62962,33.87714],[72.62286,33.87476],[72.61755,33.87542],[72.61465,33.87566],[72.61348,33.87554],[72.60949,33.87513],[72.60601,33.87712],[72.60578,33.88209],[72.61011,33.88573],[72.60805,33.89153],[72.61663,33.8969],[72.61933,33.89661],[72.62656,33.90283],[72.63015,33.9076],[72.62921,33.90969],[72.62972,33.91267],[72.62803,33.91541],[72.63063,33.91612],[72.6331,33.91655],[72.64474,33.91953],[72.64708,33.92086],[72.64972,33.92281],[72.65298,33.92512],[72.65333,33.92861],[72.65288,33.93068],[72.65256,33.9311],[72.64879,33.93349],[72.64228,33.93692],[72.64049,33.93878],[72.63879,33.9411],[72.63396,33.94431],[72.63204,33.94503],[72.62933,33.94606],[72.62724,33.94687],[72.62495,33.94827],[72.62132,33.9488],[72.61489,33.95022],[72.61226,33.95107],[72.60686,33.95282],[72.60402,33.95334],[72.60345,33.95345],[72.5983,33.95128],[72.59394,33.95032],[72.59,33.95156],[72.58822,33.95324],[72.58268,33.95332],[72.578,33.95557],[72.55883,33.95956],[72.55376,33.95547],[72.55009,33.97501],[72.55068,33.978],[72.55091,33.98277],[72.54867,33.98899],[72.54877,33.99332],[72.54945,33.99332],[72.54918,33.99383],[72.54911,33.99501],[72.54954,33.99701],[72.54957,33.99825],[72.54888,33.99795],[72.54808,33.99754],[72.54624,33.99664],[72.54434,33.99533],[72.54295,33.99514],[72.54175,33.99571],[72.54063,33.99643],[72.53949,33.99694],[72.53557,33.99916],[72.53407,34.00016],[72.53282,34.00072],[72.53158,34.00096],[72.53011,34.00075],[72.52895,34.00028],[72.52793,33.99961],[72.52659,33.99862],[72.52577,33.99775],[72.52457,33.99679],[72.52296,33.99664],[72.52116,33.99668],[72.51964,33.99689],[72.51659,33.997],[72.51432,33.99704],[72.51228,33.99703],[72.51018,33.99714],[72.50847,33.99734],[72.50712,33.99732],[72.50488,33.99717],[72.50312,33.9976],[72.50162,33.99846],[72.49763,34.00018],[72.48966,34.00145],[72.48549,34.00024],[72.48319,33.99973],[72.47845,33.99833],[72.47267,33.99722],[72.47091,33.99674],[72.46459,33.99499],[72.45768,33.99331],[72.45331,33.99255],[72.44877,33.99147],[72.44782,33.99268],[72.44722,33.9939],[72.44591,33.99542],[72.44402,33.99816],[72.44314,34.00018],[72.44161,34.00064],[72.43905,34.00068],[72.43679,34.00049],[72.43407,34.00047],[72.43267,34.00038],[72.4312,34.00044],[72.42925,34.00052],[72.42808,34.00053],[72.42721,34.0008],[72.42642,34.00093],[72.42469,34.00141],[72.42353,34.00185],[72.42136,34.00255],[72.41955,34.00293],[72.41707,34.00352],[72.41494,34.00385],[72.41347,34.00436],[72.41218,34.00479],[72.41044,34.00524],[72.40866,34.00579],[72.40686,34.00645],[72.40518,34.00656],[72.40385,34.006],[72.40233,34.00516],[72.40233,34.00387],[72.40259,34.00201],[72.40244,34.00073],[72.40249,34.00017],[72.40313,33.99801],[72.40319,33.99664],[72.40327,33.99461],[72.40324,33.99342],[72.40324,33.99185],[72.40322,33.98985],[72.40314,33.98765],[72.40298,33.98578],[72.40279,33.98372],[72.40268,33.98234],[72.4027,33.98096],[72.40253,33.97932],[72.4025,33.97775],[72.40135,33.97628],[72.39993,33.97596],[72.39776,33.97543],[72.39648,33.97521],[72.39509,33.9748],[72.39333,33.97435],[72.39102,33.97379],[72.38937,33.97339],[72.38792,33.9731],[72.38655,33.97284],[72.38496,33.9724],[72.38357,33.97211],[72.38242,33.97181],[72.38198,33.97155],[72.38092,33.9715],[72.37975,33.97121],[72.37867,33.97079],[72.37849,33.96833],[72.37842,33.96685],[72.3784,33.9651],[72.37863,33.96367],[72.37853,33.96087],[72.3783,33.95967],[72.37502,33.95741],[72.37336,33.95687],[72.37138,33.95632],[72.36881,33.95552],[72.36838,33.95535],[72.36663,33.95468],[72.36293,33.95334],[72.35801,33.95145],[72.35482,33.9503],[72.3517,33.94918],[72.34654,33.94708],[72.34068,33.94499],[72.33879,33.94417],[72.33443,33.94518],[72.33359,33.94531],[72.33132,33.94604],[72.3285,33.94659],[72.32546,33.94749],[72.32301,33.94815],[72.32188,33.94788],[72.31973,33.94676],[72.31595,33.94417],[72.30932,33.94021],[72.30537,33.93732],[72.29929,33.93441],[72.29134,33.93014],[72.28793,33.92825],[72.28712,33.9278],[72.28639,33.92743],[72.28179,33.92513],[72.27995,33.92418],[72.2758,33.92206],[72.26812,33.91784],[72.26229,33.915],[72.25508,33.91172],[72.25106,33.90897],[72.24899,33.90775],[72.2435,33.90504],[72.24004,33.90327],[72.23705,33.90151],[72.23573,33.90109],[72.23453,33.90053],[72.23376,33.89977],[72.23276,33.89452],[72.23154,33.89193],[72.23079,33.88848],[72.23225,33.88165],[72.23466,33.87722],[72.23703,33.87345],[72.23914,33.86961],[72.23991,33.86635],[72.23943,33.86234],[72.23906,33.8616],[72.23806,33.85678],[72.23693,33.85447],[72.23595,33.85056],[72.23684,33.84572],[72.23808,33.84052],[72.23833,33.83878],[72.23835,33.83105],[72.23795,33.82756],[72.23751,33.82397],[72.23736,33.81976],[72.2371,33.81536],[72.23684,33.81067],[72.23631,33.80571],[72.23604,33.80251],[72.23586,33.79982],[72.2355,33.79747],[72.23475,33.79261],[72.2346,33.791],[72.2343,33.78631],[72.23495,33.78406],[72.23795,33.77835],[72.24073,33.77248],[72.24161,33.77099],[72.24352,33.76791],[72.24479,33.76483],[72.24492,33.76392],[72.24479,33.76295],[72.24405,33.76212],[72.24371,33.76175],[72.23889,33.76217],[72.23318,33.76421],[72.22627,33.76784],[72.22171,33.77036],[72.21512,33.77331],[72.21223,33.77355],[72.21008,33.77322],[72.20917,33.77182],[72.20988,33.76962],[72.21091,33.76776],[72.21059,33.76619],[72.20691,33.7653],[72.20404,33.76449],[72.20284,33.76434],[72.20182,33.76421],[72.19993,33.76361],[72.193,33.76206],[72.18274,33.76286],[72.18004,33.76411],[72.1729,33.7673],[72.16449,33.76889],[72.15804,33.76987],[72.14922,33.77108],[72.14359,33.77149],[72.14241,33.77152],[72.1404,33.77183],[72.12798,33.77477],[72.1144,33.77908],[72.10499,33.78207],[72.09612,33.78535],[72.08613,33.78757],[72.07912,33.78709],[72.07413,33.78493],[72.07176,33.78267],[72.07377,33.78014],[72.07676,33.77591],[72.07929,33.77257],[72.08,33.77069],[72.07927,33.76802],[72.07627,33.76466],[72.07209,33.76213],[72.06888,33.75994],[72.05684,33.75785],[72.0545,33.75708],[72.05232,33.75594],[72.04885,33.75545],[72.04363,33.75457],[72.03979,33.75356],[72.038,33.75283],[72.03655,33.75177],[72.03571,33.75045],[72.03611,33.75001],[72.03548,33.74829],[72.03481,33.74543],[72.03488,33.74375],[72.03497,33.74141],[72.03469,33.73959],[72.03397,33.7377],[72.03217,33.73599],[72.02957,33.73298],[72.02822,33.7313],[72.02698,33.72879],[72.0252,33.72628],[72.02325,33.72365],[72.02022,33.72023],[72.01755,33.71751],[72.01611,33.71637],[72.01339,33.71454],[72.01211,33.7138],[72.01077,33.71355],[72.01026,33.71429],[72.00999,33.71464],[72.00932,33.71534],[72.008,33.71527],[72.00686,33.71445],[72.00499,33.71227],[72.00281,33.70812],[72.00084,33.70055],[71.99897,33.69297],[71.99763,33.67685],[71.99548,33.67616],[71.9939,33.67527],[71.99217,33.6742],[71.98987,33.67222],[71.98869,33.67044],[71.98664,33.66837],[71.98427,33.66607],[71.98216,33.66304],[71.98122,33.65937],[71.98151,33.65605],[71.98164,33.65384],[71.982,33.65102],[71.98373,33.64706],[71.98512,33.64434],[71.98579,33.64227],[71.98577,33.63905],[71.9842,33.63708],[71.98066,33.63342],[71.97953,33.63167],[71.9795,33.62912],[71.979,33.62546],[71.97877,33.62271],[71.97952,33.6192],[71.97952,33.61638],[71.97906,33.61189],[71.97941,33.6086],[71.97972,33.60494],[71.98006,33.6031],[71.98044,33.59826],[71.97998,33.59416],[71.97937,33.58996],[71.97837,33.5868],[71.97661,33.58478],[71.97499,33.583],[71.97027,33.58046],[71.96541,33.57936],[71.96066,33.57828],[71.95732,33.5765],[71.95425,33.57435],[71.95199,33.5705],[71.95395,33.5648],[71.95503,33.56189],[71.95668,33.5591],[71.95777,33.55507],[71.95948,33.55274],[71.96066,33.55163],[71.96187,33.55048],[71.96241,33.54997],[71.96368,33.54875],[71.96516,33.54465],[71.96645,33.54117],[71.96709,33.53659],[71.96565,33.53326],[71.96349,33.53018],[71.96187,33.5271],[71.95994,33.524],[71.95767,33.51989],[71.95557,33.51684],[71.95346,33.51398],[71.9518,33.51208],[71.94968,33.50994],[71.94738,33.5074],[71.94351,33.5045],[71.94117,33.50294],[71.93879,33.5006],[71.93781,33.49964],[71.93126,33.4962],[71.92855,33.49321],[71.92712,33.492],[71.92527,33.49081],[71.92286,33.48959],[71.92006,33.48874],[71.9176,33.4881],[71.91448,33.48751],[71.91151,33.48663],[71.90981,33.48615],[71.90776,33.48559],[71.90599,33.48492],[71.9052,33.48172],[71.90491,33.4801],[71.90469,33.47884],[71.90442,33.47603],[71.9026,33.47317],[71.90036,33.46933],[71.89619,33.46452],[71.89483,33.4632],[71.8929,33.46189],[71.88658,33.45973],[71.88095,33.45819],[71.87639,33.45644],[71.87411,33.45515],[71.86942,33.44998],[71.86837,33.4472],[71.86742,33.44502],[71.86686,33.44242],[71.86658,33.4394],[71.86671,33.43618],[71.86803,33.43199],[71.8685,33.4305],[71.86967,33.42712],[71.87061,33.42385],[71.87047,33.41911],[71.87009,33.41652],[71.86693,33.41175],[71.86506,33.41025],[71.86265,33.40847],[71.85903,33.40594],[71.8572,33.40448],[71.85387,33.40349],[71.85193,33.40324],[71.84809,33.40392],[71.84151,33.40594],[71.83741,33.40816],[71.83501,33.4089],[71.83235,33.40914],[71.82872,33.40747],[71.82413,33.40532],[71.81998,33.40369],[71.81534,33.40205],[71.81033,33.39959],[71.80759,33.39789],[71.80582,33.3968],[71.80053,33.3941],[71.79592,33.3916],[71.79211,33.38978],[71.78777,33.38841],[71.78617,33.38782],[71.7835,33.38685],[71.77659,33.38411],[71.77374,33.38274],[71.76634,33.3787],[71.76233,33.37647],[71.76134,33.37597],[71.75937,33.37496],[71.75459,33.3725],[71.75029,33.3704],[71.74708,33.36941],[71.7439,33.36774],[71.73565,33.36545],[71.73272,33.36241],[71.72978,33.35942],[71.72708,33.35682],[71.72477,33.35466],[71.72064,33.35111],[71.71986,33.34862],[71.71925,33.34685],[71.71775,33.34471],[71.71652,33.34319],[71.71532,33.34083],[71.71465,33.33899],[71.71622,33.33771],[71.71824,33.33745],[71.72116,33.3377],[71.72322,33.33731],[71.72378,33.33684],[71.72609,33.3353],[71.72724,33.33398],[71.72881,33.32957],[71.73,33.32619],[71.73042,33.32436],[71.73038,33.31813],[71.73036,33.31592],[71.72907,33.31011],[71.72625,33.30486],[71.72432,33.30199],[71.72233,33.29922],[71.7204,33.297],[71.71819,33.29602],[71.71568,33.29452],[71.71277,33.29235],[71.71017,33.29088],[71.70786,33.28944],[71.7066,33.28824],[71.70509,33.28491],[71.70535,33.28222],[71.70574,33.28002],[71.70621,33.27739],[71.70724,33.27505],[71.70812,33.27071],[71.70892,33.26584],[71.70948,33.26216],[71.70884,33.25904],[71.70847,33.25537],[71.70983,33.25245],[71.7118,33.25013],[71.71191,33.24834],[71.71283,33.24665],[71.71386,33.24487],[71.71655,33.24124],[71.71921,33.23856],[71.72221,33.23587],[71.72514,33.23341],[71.72835,33.23104],[71.73088,33.22929],[71.73373,33.22689],[71.73691,33.22459],[71.7396,33.22182],[71.74157,33.22034],[71.74316,33.21881],[71.746,33.21624],[71.74854,33.21394],[71.74997,33.21274],[71.75198,33.21072],[71.75306,33.20883],[71.7542,33.2069],[71.75513,33.20468],[71.75584,33.20204],[71.75672,33.19968],[71.75696,33.19903],[71.75856,33.19607],[71.75938,33.19342],[71.76028,33.19043],[71.76104,33.1879],[71.76141,33.18547],[71.7613,33.18267],[71.76111,33.18028],[71.76093,33.17721],[71.7607,33.17318],[71.76012,33.17044],[71.75915,33.16713],[71.75826,33.16419],[71.75733,33.16079],[71.75581,33.1571],[71.75379,33.15385],[71.75272,33.15213],[71.75194,33.15051],[71.75014,33.14784],[71.7494,33.14713],[71.74892,33.14599],[71.74789,33.1441],[71.74624,33.14193],[71.74187,33.13831],[71.73559,33.13373],[71.73117,33.13065],[71.72454,33.12584],[71.719,33.11978],[71.71386,33.11202],[71.71155,33.10226],[71.71216,33.09351],[71.71246,33.09063],[71.71287,33.08785],[71.71336,33.08307],[71.71406,33.07703],[71.7142,33.07518],[71.71486,33.07162],[71.71603,33.06723],[71.71738,33.06299],[71.71809,33.06076],[71.71848,33.05983],[71.7167,33.05999],[71.71373,33.06024],[71.70966,33.06091],[71.70358,33.06118],[71.69736,33.06194],[71.69265,33.06264],[71.68874,33.06434],[71.68571,33.06612],[71.68401,33.06693],[71.68192,33.06825],[71.67776,33.06992],[71.67429,33.07092],[71.67004,33.07128],[71.66398,33.07208],[71.6582,33.07349],[71.65382,33.07617],[71.65068,33.07825],[71.6472,33.07972],[71.64448,33.0814],[71.64101,33.0833],[71.63726,33.08549],[71.63383,33.08807],[71.63183,33.09258],[71.63219,33.09511],[71.63207,33.09832],[71.62974,33.1031],[71.62813,33.10543],[71.62687,33.10698],[71.62638,33.10782],[71.62277,33.11194],[71.62155,33.11323],[71.61948,33.11635],[71.61669,33.11988],[71.61583,33.12162],[71.61338,33.12365],[71.61181,33.12583],[71.60884,33.12999],[71.60723,33.13131],[71.60493,33.13124],[71.60301,33.13326],[71.60273,33.13623],[71.60215,33.14077],[71.60176,33.14436],[71.60093,33.1496],[71.60043,33.15439],[71.59963,33.15909],[71.59919,33.16254],[71.59842,33.16488],[71.5984,33.16727],[71.59957,33.16996],[71.6007,33.17392],[71.60162,33.17838],[71.60201,33.18196],[71.60253,33.18422],[71.5998,33.18742],[71.59601,33.18953],[71.59099,33.19233],[71.58669,33.19535],[71.58263,33.1981],[71.57748,33.203],[71.57617,33.20496],[71.57498,33.20649],[71.57259,33.20914],[71.56799,33.21369],[71.56425,33.21706],[71.55981,33.2204],[71.55772,33.22104],[71.55611,33.22399],[71.55598,33.22734],[71.5529,33.22852],[71.54662,33.22771],[71.5415,33.22646],[71.53609,33.22464],[71.53271,33.22308],[71.52711,33.22018],[71.52318,33.21824],[71.51905,33.21675],[71.51614,33.21722],[71.51506,33.21536],[71.51561,33.21355],[71.51625,33.21172],[71.51811,33.20845],[71.51897,33.20653],[71.52039,33.20465],[71.52239,33.20504],[71.52377,33.20389],[71.52469,33.20206],[71.52383,33.20023],[71.52127,33.19773],[71.51782,33.19714],[71.51344,33.19828],[71.51108,33.19924],[71.50788,33.19974],[71.50542,33.1986],[71.50209,33.1991],[71.49998,33.19961],[71.49979,33.20399],[71.50134,33.20551],[71.50089,33.20758],[71.49905,33.2072],[71.49665,33.20749],[71.49408,33.20694],[71.4912,33.20655],[71.49012,33.20847],[71.4912,33.21051],[71.49269,33.21358],[71.49191,33.21587],[71.48849,33.21596],[71.48431,33.2149],[71.48238,33.21461],[71.48062,33.21457],[71.47852,33.21566],[71.47704,33.21685],[71.47287,33.21782],[71.46992,33.21845],[71.46433,33.21891],[71.46158,33.21938],[71.45758,33.21962],[71.45465,33.21953],[71.45237,33.21978],[71.44937,33.22097],[71.44914,33.22377],[71.44821,33.22536],[71.4448,33.22619],[71.44283,33.22724],[71.44392,33.22968],[71.44529,33.2309],[71.44711,33.23181],[71.44631,33.2336],[71.44418,33.23593],[71.44579,33.2384],[71.44494,33.24014],[71.44458,33.24043],[71.4427,33.23915],[71.44025,33.23836],[71.43717,33.23989],[71.43494,33.23869],[71.43353,33.23668],[71.43282,33.23495],[71.43102,33.23158],[71.43085,33.22921],[71.42673,33.22667],[71.42409,33.22746],[71.42165,33.22615],[71.41929,33.22568],[71.41776,33.22679],[71.41599,33.22549],[71.41449,33.22328],[71.41348,33.22164],[71.41177,33.21907],[71.41292,33.21583],[71.41417,33.21447],[71.41245,33.21069],[71.41104,33.20919],[71.40924,33.207],[71.411,33.20409],[71.4104,33.20191],[71.40894,33.19978],[71.40851,33.1961],[71.40704,33.19381],[71.40963,33.1903],[71.41087,33.18888],[71.41325,33.18773],[71.41541,33.18752],[71.41747,33.1871],[71.41902,33.18541],[71.421,33.1835],[71.42254,33.18261],[71.4249,33.18278],[71.42765,33.18404],[71.42994,33.18421],[71.4326,33.18385],[71.43434,33.18288],[71.436,33.18102],[71.43576,33.17908],[71.43461,33.17724],[71.43163,33.17523],[71.4305,33.17301],[71.43123,33.17064],[71.4315,33.16869],[71.43207,33.16555],[71.43302,33.16406],[71.43281,33.16072],[71.43311,33.15882],[71.43546,33.15529],[71.43676,33.15396],[71.43913,33.1523],[71.4418,33.15075],[71.4418,33.14649],[71.44101,33.14225],[71.44125,33.13942],[71.44308,33.13812],[71.44547,33.1369],[71.44721,33.13594],[71.44874,33.13456],[71.44857,33.13268],[71.45017,33.13142],[71.45229,33.1302],[71.44956,33.12597],[71.44825,33.12235],[71.44722,33.12049],[71.44547,33.11938],[71.44315,33.11985],[71.4406,33.12008],[71.43826,33.11767],[71.43767,33.11678],[71.43678,33.11546],[71.43443,33.11312],[71.4333,33.11168],[71.43337,33.10867],[71.43301,33.1069],[71.43191,33.10485],[71.42966,33.10226],[71.42818,33.10045],[71.42591,33.09798],[71.42397,33.09501],[71.42349,33.09384],[71.42326,33.09326],[71.4249,33.09189],[71.42617,33.09014],[71.42613,33.08826],[71.42722,33.08562],[71.42787,33.08279],[71.42957,33.07973],[71.43214,33.07869],[71.43324,33.07681],[71.43609,33.07398],[71.43822,33.07254],[71.43835,33.07254],[71.44019,33.07256],[71.44133,33.07429],[71.44177,33.07156],[71.44138,33.0691],[71.44432,33.06699],[71.44674,33.0666],[71.44886,33.0673],[71.45126,33.0682],[71.45366,33.06923],[71.45605,33.0699],[71.45969,33.06987],[71.46108,33.06882],[71.46079,33.06705],[71.46035,33.06516],[71.4603,33.06282],[71.46096,33.06111],[71.46334,33.05963],[71.46663,33.05567],[71.46803,33.05347],[71.46963,33.05153],[71.47221,33.05045],[71.47474,33.0495],[71.4761,33.04815],[71.47466,33.0462],[71.47238,33.04554],[71.46894,33.04469],[71.46709,33.0443],[71.46513,33.04168],[71.46397,33.03901],[71.46318,33.03469],[71.46307,33.03262],[71.46297,33.0302],[71.4612,33.02755],[71.45959,33.02321],[71.45923,33.02262],[71.4583,33.02108],[71.45627,33.01876],[71.45399,33.0165],[71.45138,33.0148],[71.44836,33.01329],[71.44627,33.01233],[71.44436,33.01116],[71.44208,33.00946],[71.43861,33.00753],[71.43835,33.0074],[71.43658,33.00651],[71.43476,33.00521],[71.43221,33.004],[71.4283,33.0032],[71.42637,33.00307],[71.42284,33.00357],[71.42113,33.00461],[71.41942,33.00603],[71.4165,33.00763],[71.41364,33.00829],[71.41006,33.00866],[71.40752,33.00938],[71.4055,33.01036],[71.40428,33.00714],[71.40101,33.00538],[71.39843,33.00346],[71.39603,33.00203],[71.39291,33.0009],[71.39068,33.00034],[71.38905,32.99958],[71.38786,32.99934],[71.38658,32.99908],[71.38508,32.99909],[71.38212,33.00143],[71.37975,33.00283],[71.37764,33.00393],[71.37592,33.00579],[71.37437,33.00472],[71.37128,33.00253],[71.3698,33.00132],[71.36835,33.00004],[71.36674,32.99886],[71.36484,32.99722],[71.36349,32.99606],[71.3617,32.99472],[71.35938,32.99282],[71.35825,32.99206],[71.35723,32.99141],[71.3553,32.9908],[71.35189,32.99086],[71.34368,32.99135],[71.34058,32.99158],[71.33784,32.99242],[71.33547,32.99359],[71.33167,32.99495],[71.32944,32.99578],[71.32684,32.99698],[71.32504,32.99796],[71.32374,32.99866],[71.32301,32.99908],[71.32251,32.99949],[71.32172,33.00014],[71.32011,33.00115],[71.31754,33.00232],[71.31676,33.00681],[71.3172,33.00918],[71.31744,33.01119],[71.31805,33.01331],[71.31824,33.0167],[71.31548,33.01614],[71.31383,33.01551],[71.31003,33.01422],[71.30612,33.01315],[71.30285,33.01241],[71.30064,33.01163],[71.29763,33.01077],[71.29372,33.00934],[71.28873,33.00793],[71.28471,33.00677],[71.28062,33.00585],[71.27608,33.00464],[71.27238,33.00365],[71.26958,33.00295],[71.26566,33.00181],[71.26294,33.00104],[71.26033,33.00018],[71.25992,32.99989],[71.25897,32.99945],[71.25747,32.9987],[71.25631,32.99828],[71.25487,32.99821],[71.25322,32.99879],[71.25194,32.9994],[71.25107,32.9997],[71.25047,33.00003],[71.25003,33.00029],[71.24431,32.99889],[71.24377,32.99703],[71.24306,32.9959],[71.24254,32.99533],[71.24206,32.99477],[71.24139,32.99469],[71.23947,32.99618],[71.23774,32.99702],[71.23598,32.99529],[71.23514,32.99377],[71.23385,32.99286],[71.23243,32.99154],[71.23044,32.98994],[71.22765,32.98825],[71.22502,32.98773],[71.2229,32.98489],[71.222,32.98319],[71.21955,32.9811],[71.2182,32.98054],[71.21582,32.97989],[71.21125,32.97894],[71.20606,32.97775],[71.20164,32.97739],[71.1974,32.9776],[71.19558,32.97723],[71.1933,32.97692],[71.1918,32.97672],[71.18996,32.97599],[71.18864,32.97553],[71.18732,32.97436],[71.18663,32.97408],[71.18491,32.97248],[71.18076,32.96965],[71.17688,32.96729],[71.17472,32.96587],[71.17193,32.96429],[71.16888,32.96336],[71.16549,32.9602],[71.16361,32.9567],[71.1603,32.95049],[71.15912,32.94792],[71.15911,32.945],[71.15995,32.94373],[71.15956,32.94171],[71.15859,32.94042],[71.15533,32.93752],[71.15167,32.93504],[71.14827,32.93173],[71.1456,32.92855],[71.14391,32.92559],[71.14278,32.92138],[71.14236,32.918],[71.14227,32.91741],[71.1413,32.91151],[71.14204,32.90596],[71.14179,32.90137],[71.14111,32.89716],[71.14159,32.89407],[71.14301,32.89064],[71.1439,32.88983],[71.14493,32.88805],[71.14407,32.88354],[71.14363,32.88],[71.14335,32.87472],[71.14317,32.87096],[71.14275,32.86839],[71.14141,32.86547],[71.13875,32.86283],[71.13805,32.85998],[71.13746,32.85615],[71.13725,32.85181],[71.13717,32.84821],[71.13703,32.84182],[71.13694,32.84055],[71.13647,32.83768],[71.13572,32.83611],[71.13375,32.83295],[71.13302,32.82738],[71.13329,32.82514],[71.13361,32.82232],[71.13335,32.81993],[71.13281,32.81651],[71.13369,32.811],[71.13212,32.8088],[71.12988,32.80734],[71.12557,32.80649],[71.12214,32.80623],[71.11831,32.80769],[71.11466,32.80956],[71.11029,32.81003],[71.10651,32.80963],[71.1056,32.80953],[71.10674,32.80849],[71.10738,32.80765],[71.10793,32.80671],[71.10851,32.80559],[71.10846,32.80418],[71.10872,32.79502],[71.10896,32.79427],[71.10991,32.79359],[71.11067,32.79317],[71.11113,32.79301],[71.11146,32.79268],[71.11169,32.79213],[71.11341,32.79038],[71.11372,32.78992],[71.1143,32.78863],[71.1145,32.78699],[71.11458,32.78503],[71.11476,32.78422],[71.11546,32.78249],[71.11601,32.7816],[71.11765,32.77952],[71.11903,32.77815],[71.12014,32.77711],[71.12112,32.77505],[71.12105,32.77385],[71.12057,32.77283],[71.1207,32.77074],[71.12103,32.7697],[71.12226,32.7648],[71.12273,32.76385],[71.12324,32.76307],[71.12412,32.76166],[71.12448,32.76015],[71.1246,32.75969],[71.1247,32.75807],[71.12466,32.75715],[71.12435,32.75642],[71.12365,32.75469],[71.12296,32.75395],[71.12167,32.75221],[71.12325,32.74986],[71.13005,32.74244],[71.13139,32.74081],[71.13188,32.73971],[71.13212,32.73917],[71.13261,32.73803],[71.13454,32.73656],[71.13593,32.73567],[71.13693,32.73494],[71.13873,32.73337],[71.13956,32.73236],[71.14125,32.73008],[71.14205,32.7286],[71.14219,32.72736],[71.14243,32.72596],[71.1433,32.72381],[71.14397,32.72242],[71.14294,32.71347],[71.14262,32.71069],[71.14124,32.71032],[71.13989,32.70883],[71.13955,32.70749],[71.13792,32.7076],[71.13766,32.7057],[71.13697,32.70413],[71.13634,32.70235],[71.13449,32.69751],[71.13402,32.69484],[71.13537,32.69248],[71.13608,32.69104],[71.13655,32.68937],[71.13766,32.68774],[71.13882,32.68623],[71.14001,32.68302],[71.13994,32.6816],[71.14095,32.67973],[71.14269,32.67854],[71.14468,32.67743],[71.1467,32.67567],[71.14767,32.67466],[71.14967,32.67361],[71.15089,32.67344],[71.15224,32.67365],[71.15445,32.67437],[71.15724,32.67511],[71.15574,32.67311],[71.14816,32.65929],[71.14787,32.65786],[71.14792,32.65601],[71.14783,32.65449],[71.14841,32.65201],[71.14973,32.65154],[71.15196,32.65112],[71.15388,32.65198],[71.15572,32.65228],[71.15771,32.65186],[71.15666,32.64975],[71.15506,32.64794],[71.15516,32.64665],[71.15546,32.64534],[71.15595,32.6428],[71.15629,32.64076],[71.15656,32.63789],[71.15706,32.63621],[71.15784,32.63306],[71.15908,32.6309],[71.15977,32.62943],[71.16055,32.6277],[71.16139,32.62662],[71.16209,32.62524],[71.16378,32.62387],[71.16501,32.6228],[71.1664,32.62131],[71.1676,32.6188],[71.16793,32.61712],[71.16814,32.61596],[71.16837,32.61323],[71.16895,32.60901],[71.16811,32.60781],[71.16702,32.60728],[71.16476,32.60698],[71.16334,32.60504],[71.16254,32.60252],[71.16274,32.60114],[71.16321,32.60033],[71.16393,32.59908],[71.16557,32.59753],[71.16666,32.59663],[71.16866,32.59489],[71.17112,32.59336],[71.17359,32.59203],[71.17477,32.59162],[71.17623,32.59159],[71.17867,32.59169],[71.1796,32.59107],[71.2489,32.54451],[71.24886,32.54136],[71.24795,32.53944],[71.24693,32.53665],[71.23679,32.51893],[71.23553,32.51672],[71.23402,32.5145],[71.23227,32.51245],[71.23196,32.51204],[71.23277,32.51107],[71.23821,32.50753],[71.24319,32.50362],[71.24725,32.49816],[71.25269,32.49463],[71.25676,32.49188],[71.26222,32.49028],[71.26542,32.49026],[71.26908,32.491],[71.27005,32.49565],[71.27198,32.50455],[71.27294,32.5088],[71.2748,32.51189],[71.27665,32.51342],[71.28031,32.51417],[71.28533,32.51413],[71.2899,32.51409],[71.294,32.51328],[71.29675,32.51364],[71.29998,32.51672],[71.30003,32.52098],[71.30007,32.52447],[71.29782,32.52758],[71.29784,32.52875],[71.29786,32.53069],[71.29879,32.53223],[71.30566,32.53333],[71.31297,32.53366],[71.318,32.53439],[71.32348,32.53395],[71.32529,32.53239],[71.32841,32.52655],[71.33685,32.50593],[71.33838,32.50205],[71.34234,32.5002],[71.34753,32.49963],[71.35059,32.49961],[71.35212,32.49959],[71.35303,32.49855],[71.3527,32.49699],[71.35139,32.48973],[71.34974,32.48014],[71.3475,32.47185],[71.34675,32.46965],[71.344,32.46149],[71.34367,32.45967],[71.34362,32.4591],[71.34341,32.457],[71.34198,32.44926],[71.33948,32.44349],[71.33608,32.43448],[71.33532,32.42974],[71.33452,32.42649],[71.33456,32.425],[71.33604,32.42428],[71.33962,32.42185],[71.34438,32.41969],[71.34534,32.41648],[71.34303,32.41469],[71.3398,32.41488],[71.33566,32.41581],[71.33331,32.41576],[71.331,32.41423],[71.32991,32.41097],[71.32713,32.4047],[71.32726,32.39948],[71.32853,32.39552],[71.33036,32.39281],[71.33456,32.38915],[71.33667,32.38723],[71.33756,32.38646],[71.33878,32.38449],[71.34005,32.38078],[71.34022,32.37407],[71.3391,32.37156],[71.33768,32.36954],[71.33568,32.36776],[71.33248,32.36646],[71.329,32.36441],[71.32256,32.36404],[71.32108,32.36426],[71.31549,32.36491],[71.31137,32.36509],[71.30196,32.36566],[71.29784,32.36609],[71.29459,32.36702],[71.29047,32.36745],[71.28784,32.3669],[71.2858,32.36612],[71.28437,32.36485],[71.28267,32.36257],[71.28096,32.36055],[71.27609,32.35548],[71.27177,32.35242],[71.26736,32.34838],[71.26092,32.34321],[71.23976,32.32622],[71.22915,32.31656],[71.22311,32.31172],[71.21824,32.30739],[71.21598,32.30412],[71.21374,32.30009],[71.2115,32.29557],[71.20989,32.29006],[71.20826,32.28505],[71.20657,32.28253],[71.20457,32.2805],[71.20081,32.27843],[71.19791,32.27689],[71.1944,32.27538],[71.18977,32.27305],[71.18462,32.26822],[71.18121,32.26368],[71.17899,32.2589],[71.17616,32.25536],[71.17303,32.25157],[71.17078,32.24804],[71.16914,32.24353],[71.16653,32.23153],[71.16668,32.22556],[71.16715,32.21885],[71.16817,32.21364],[71.17183,32.20823],[71.17334,32.20652],[71.17431,32.20497],[71.17548,32.20307],[71.17639,32.2021],[71.17641,32.2011],[71.17645,32.2001],[71.17647,32.19911],[71.17531,32.19694],[71.17298,32.19094],[71.16983,32.18744],[71.16749,32.1843],[71.16148,32.17804],[71.15936,32.1746],[71.15566,32.16864],[71.15173,32.16444],[71.14658,32.16021],[71.14296,32.15945],[71.13081,32.1599],[71.12428,32.1615],[71.11654,32.16375],[71.11451,32.16371],[71.11295,32.16162],[71.11216,32.16092],[71.11143,32.1578],[71.10955,32.15261],[71.10763,32.14913],[71.1062,32.14188],[71.10239,32.13321],[71.10247,32.13046],[71.10256,32.12702],[71.10383,32.12498],[71.10589,32.12364],[71.10795,32.12231],[71.11083,32.1203],[71.11253,32.11758],[71.1134,32.11519],[71.11359,32.10798],[71.11203,32.10588],[71.10971,32.10205],[71.107,32.09753],[71.10443,32.09328],[71.10236,32.08987],[71.10172,32.08366],[71.09989,32.0764],[71.09836,32.07328],[71.09653,32.06636],[71.09587,32.06232],[71.09394,32.05885],[71.09161,32.05536],[71.09048,32.05224],[71.09056,32.04949],[71.09058,32.04846],[71.09065,32.04605],[71.09041,32.04534],[71.08841,32.03947],[71.08484,32.037],[71.08089,32.03382],[71.07565,32.03303],[71.06919,32.0329],[71.06791,32.03246],[71.06599,32.03181],[71.06321,32.03003],[71.06325,32.02866],[71.06332,32.02591],[71.06501,32.02319],[71.0663,32.02046],[71.06879,32.0181],[71.06987,32.00815],[71.07214,31.99891],[71.07045,31.98718],[71.06977,31.98235],[71.06668,31.97059],[71.06747,31.96907],[71.06801,31.96661],[71.06915,31.96134],[71.07101,31.95022],[71.0688,31.94416],[71.06815,31.94235],[71.06722,31.93887],[71.06618,31.93492],[71.06519,31.9309],[71.06468,31.92728],[71.06605,31.92204],[71.06719,31.91881],[71.06882,31.91638],[71.06833,31.91437],[71.06546,31.91138],[71.06303,31.90858],[71.06135,31.90679],[71.05991,31.90418],[71.0594,31.90076],[71.06054,31.89653],[71.06213,31.88987],[71.06257,31.88725],[71.06255,31.88464],[71.06229,31.88303],[71.06062,31.88183],[71.05612,31.88026],[71.04546,31.87611],[71.04118,31.87413],[71.03785,31.87093],[71.03546,31.86793],[71.03399,31.86271],[71.03275,31.85647],[71.03176,31.85225],[71.02956,31.84402],[71.02738,31.8384],[71.02393,31.82618],[71.02052,31.81574],[71.01886,31.81169],[71.01714,31.80751],[71.0126,31.80151],[71.00834,31.79516],[71.00324,31.78756],[71.00266,31.78635],[71.00148,31.78241],[71.00073,31.77991],[70.999,31.77857],[70.99673,31.77697],[70.993,31.77645],[70.99137,31.77644],[70.98938,31.77644],[70.98608,31.77643],[70.98392,31.77595],[70.98235,31.77515],[70.98103,31.77372],[70.98002,31.77032],[70.97789,31.76393],[70.97625,31.76143],[70.97404,31.76],[70.97036,31.75738],[70.96578,31.75551],[70.96384,31.75422],[70.96236,31.75302],[70.96104,31.75159],[70.95946,31.74775],[70.95763,31.74014],[70.95718,31.73723],[70.9559,31.73446],[70.95469,31.73263],[70.95206,31.7313],[70.94707,31.72876],[70.94543,31.72767],[70.94234,31.7256],[70.94118,31.72395],[70.93864,31.72069],[70.93621,31.71627],[70.93466,31.70956],[70.9328,31.70253],[70.93193,31.69662],[70.9326,31.69438],[70.93317,31.69331],[70.93542,31.69263],[70.9415,31.69131],[70.94249,31.69014],[70.94363,31.68798],[70.94289,31.68624],[70.94131,31.68544],[70.9353,31.68618],[70.9244,31.68855],[70.92116,31.68887],[70.91775,31.6879],[70.91012,31.68347],[70.90771,31.68209],[70.90423,31.6779],[70.90256,31.67568],[70.89906,31.67102],[70.89438,31.66423],[70.89053,31.65726],[70.8872,31.65055],[70.88413,31.64322],[70.88291,31.6391],[70.88254,31.63785],[70.883,31.63718],[70.88489,31.63601],[70.88782,31.63537],[70.8897,31.6342],[70.89137,31.63231],[70.89167,31.62958],[70.89072,31.62636],[70.88935,31.62551],[70.88671,31.62173],[70.88484,31.61876],[70.88418,31.61771],[70.88354,31.61556],[70.88327,31.61238],[70.88572,31.61014],[70.88828,31.60901],[70.8912,31.60685],[70.89203,31.60362],[70.89233,31.60089],[70.89468,31.59752],[70.89597,31.59515],[70.89869,31.59227],[70.89947,31.59039],[70.89941,31.58793],[70.89882,31.58596],[70.89745,31.58511],[70.89384,31.58495],[70.89279,31.58441],[70.89185,31.58271],[70.89162,31.57895],[70.89088,31.57645],[70.88993,31.57475],[70.88709,31.5727],[70.88484,31.57186],[70.8829,31.57209],[70.88128,31.57187],[70.88033,31.57093],[70.87986,31.56932],[70.88005,31.5663],[70.88104,31.56414],[70.88087,31.56132],[70.88013,31.55957],[70.87908,31.55828],[70.87761,31.55707],[70.87547,31.55659],[70.8741,31.5565],[70.87295,31.55561],[70.87227,31.55481],[70.87115,31.55257],[70.87032,31.55047],[70.86936,31.54725],[70.87003,31.54577],[70.87165,31.54523],[70.87359,31.545],[70.87636,31.54458],[70.87949,31.5439],[70.8807,31.54269],[70.88231,31.54062],[70.88402,31.53663],[70.88642,31.53421],[70.89028,31.53146],[70.89356,31.52903],[70.89962,31.52543],[70.90118,31.52395],[70.90202,31.52224],[70.90221,31.51839],[70.90163,31.51642],[70.90093,31.5141],[70.90009,31.51352],[70.89832,31.51276],[70.89643,31.51241],[70.88722,31.51289],[70.88168,31.51295],[70.87782,31.51418],[70.87588,31.51441],[70.87212,31.51446],[70.87004,31.51424],[70.86942,31.51361],[70.8693,31.5125],[70.8715,31.51164],[70.87343,31.51065],[70.8763,31.50907],[70.87687,31.50723],[70.8767,31.50441],[70.87689,31.50056],[70.87694,31.4977],[70.87703,31.49425],[70.87869,31.49236],[70.87989,31.49039],[70.88151,31.48985],[70.88318,31.48948],[70.88998,31.48838],[70.89249,31.48784],[70.89504,31.48671],[70.89671,31.48558],[70.89738,31.4841],[70.89712,31.48245],[70.89532,31.47941],[70.8927,31.47579],[70.8908,31.47163],[70.89047,31.47051],[70.88915,31.46609],[70.8884,31.46206],[70.88734,31.45774],[70.88576,31.45389],[70.88496,31.4512],[70.88438,31.44847],[70.88468,31.4465],[70.88729,31.44479],[70.88979,31.44425],[70.8924,31.44254],[70.89355,31.44038],[70.89307,31.43877],[70.89265,31.43734],[70.88992,31.43565],[70.88641,31.43432],[70.88547,31.43338],[70.884,31.43218],[70.88269,31.43075],[70.8796,31.42933],[70.87578,31.42768],[70.8717,31.42667],[70.85989,31.42657],[70.85142,31.42575],[70.84927,31.42526],[70.84713,31.42553],[70.84505,31.42599],[70.84364,31.42572],[70.84248,31.42483],[70.84226,31.42259],[70.84214,31.41767],[70.84207,31.41292],[70.84306,31.40947],[70.8432,31.4062],[70.84262,31.40429],[70.84193,31.40197],[70.84271,31.40085],[70.84296,31.3987],[70.84207,31.39718],[70.83993,31.39669],[70.83569,31.39666],[70.83329,31.3968],[70.83022,31.3969],[70.82833,31.39578],[70.82733,31.39391],[70.82701,31.39283],[70.8292,31.39198],[70.83296,31.3904],[70.83473,31.38963],[70.83614,31.38837],[70.83618,31.38627],[70.83541,31.38301],[70.83486,31.3818],[70.82928,31.37786],[70.82304,31.37799],[70.81705,31.37753],[70.81388,31.37554],[70.81319,31.37305],[70.81372,31.36977],[70.81298,31.36647],[70.81078,31.36183],[70.81059,31.36141],[70.80812,31.35855],[70.80522,31.35605],[70.8027,31.35442],[70.80002,31.35387],[70.79564,31.35315],[70.78986,31.3518],[70.7879,31.35102],[70.78651,31.35013],[70.78557,31.3484],[70.78505,31.34681],[70.78484,31.34461],[70.78534,31.3423],[70.78661,31.33844],[70.78754,31.33578],[70.78793,31.33287],[70.7871,31.32785],[70.78512,31.31903],[70.78356,31.31449],[70.78177,31.31144],[70.7789,31.30821],[70.77474,31.30574],[70.77087,31.30816],[70.76603,31.30962],[70.76111,31.31067],[70.75348,31.31258],[70.74895,31.31488],[70.74503,31.31688],[70.74345,31.31968],[70.74232,31.32458],[70.7412,31.32983],[70.74044,31.33297],[70.73843,31.33474],[70.73521,31.33583],[70.73399,31.3362],[70.73237,31.33657],[70.72548,31.33771],[70.71776,31.33781],[70.71085,31.3379],[70.70475,31.33798],[70.69861,31.33562],[70.69124,31.33257],[70.68504,31.32673],[70.68083,31.31877],[70.67877,31.3174],[70.67509,31.31605],[70.67266,31.31643],[70.66617,31.31721],[70.65479,31.31735],[70.64828,31.31761],[70.64139,31.31787],[70.63448,31.31761],[70.62881,31.31977],[70.6236,31.32332],[70.61996,31.32476],[70.61631,31.32516],[70.61427,31.32483],[70.61344,31.3238],[70.6114,31.32313],[70.61015,31.3214],[70.60769,31.32004],[70.60567,31.32111],[70.60448,31.32286],[70.60291,31.32637],[70.60131,31.32778],[70.59767,31.32887],[70.58996,31.32967],[70.58267,31.3315],[70.57461,31.33578],[70.56898,31.33933],[70.56574,31.34042],[70.56208,31.34046],[70.55842,31.34015],[70.55473,31.33811],[70.55081,31.33553],[70.54552,31.33559],[70.54493,31.33567],[70.5451,31.33314],[70.54275,31.32926],[70.54061,31.32602],[70.54107,31.32431],[70.53972,31.32279],[70.53809,31.32093],[70.53487,31.31898],[70.53159,31.31735],[70.5291,31.3138],[70.52894,31.31166],[70.52821,31.30916],[70.52481,31.30609],[70.52039,31.30475],[70.51395,31.30434],[70.51046,31.3041],[70.50629,31.30329],[70.50144,31.30223],[70.49982,31.30231],[70.49483,31.30113],[70.49007,31.30007],[70.4808,31.29984],[70.47076,31.29854],[70.46736,31.29785],[70.46485,31.29743],[70.46032,31.2968],[70.45761,31.29601],[70.45515,31.29513],[70.45197,31.29475],[70.45022,31.29405],[70.44884,31.29052],[70.44672,31.28611],[70.44013,31.27819],[70.43897,31.27611],[70.43663,31.27249],[70.43251,31.26856],[70.43055,31.26578],[70.43003,31.26363],[70.42922,31.25979],[70.42875,31.2563],[70.42772,31.25381],[70.42466,31.25122],[70.4238,31.25002],[70.42297,31.24847],[70.42416,31.24655],[70.42273,31.24494],[70.41847,31.23593],[70.41354,31.22539],[70.40963,31.21861],[70.405,31.21261],[70.40399,31.20596],[70.40454,31.19983],[70.39404,31.19636],[70.38071,31.19321],[70.37338,31.1916],[70.37222,31.19135],[70.37095,31.19107],[70.36975,31.1908],[70.36899,31.19063],[70.36602,31.1899],[70.36477,31.18958],[70.36155,31.18878],[70.35994,31.18838],[70.35754,31.18778],[70.35664,31.18755],[70.35411,31.18692],[70.35262,31.18655],[70.35217,31.18643],[70.3415,31.18375],[70.33755,31.18276],[70.33695,31.1826],[70.33487,31.18201],[70.33401,31.18176],[70.3235,31.17873],[70.31871,31.17735],[70.31761,31.17703],[70.30988,31.17481],[70.2926,31.16784],[70.28751,31.1655],[70.29274,31.15946],[70.29239,31.15491],[70.29229,31.14261],[70.29398,31.12119],[70.29478,31.10486],[70.29438,31.09524],[70.29147,31.08134],[70.28764,31.06959],[70.28257,31.05918],[70.27376,31.04612],[70.26997,31.04026],[70.26837,31.03385],[70.26608,31.01914],[70.26506,31.00818],[70.26466,30.99994],[70.26519,30.98762],[70.26562,30.96461],[70.26547,30.94481],[70.26376,30.92529],[70.26249,30.92075],[70.2583,30.90314],[70.25417,30.89058],[70.25256,30.88283],[70.25345,30.87748],[70.25558,30.87238],[70.26054,30.87021],[70.26734,30.8675],[70.2695,30.86534],[70.2707,30.85999],[70.26971,30.85277],[70.26717,30.84529],[70.26436,30.8437],[70.25784,30.8432],[70.23238,30.84335],[70.2268,30.84311],[70.22398,30.84045],[70.2224,30.83725],[70.22079,30.82789],[70.21867,30.80517],[70.21577,30.79021],[70.21262,30.78514],[70.20981,30.78141],[70.20669,30.77929],[70.2011,30.77771],[70.19209,30.77669],[70.1769,30.77677],[70.17068,30.77626],[70.16819,30.77467],[70.1657,30.77227],[70.16319,30.76827],[70.16127,30.75999],[70.15996,30.74929],[70.15992,30.74341],[70.15865,30.73993],[70.15616,30.73727],[70.15305,30.73595],[70.14933,30.73597],[70.14127,30.73574],[70.13104,30.73739],[70.1264,30.73849],[70.12392,30.7385],[70.11563,30.73938],[70.11191,30.73913],[70.1088,30.73781],[70.106,30.73568],[70.10349,30.73221],[70.10223,30.72767],[70.10093,30.71804],[70.10027,30.71216],[70.09839,30.70762],[70.09558,30.70389],[70.09184,30.70043],[70.08872,30.6975],[70.08714,30.69296],[70.08648,30.6852],[70.08705,30.67744],[70.08948,30.66833],[70.09222,30.66056],[70.0937,30.64985],[70.09489,30.64182],[70.09483,30.62873],[70.09258,30.6159],[70.08563,30.59292],[70.07778,30.57369],[70.06902,30.55634],[70.06494,30.54726],[70.05521,30.52913],[70.04833,30.51685],[70.04395,30.5051],[70.03894,30.49549],[70.02867,30.48349],[70.01872,30.47229],[70.00475,30.46058],[70.00195,30.45657],[70.00038,30.45176],[69.99777,30.44563],[69.99649,30.43654],[69.99614,30.42691],[69.99698,30.40952],[69.99661,30.39828],[69.99503,30.38893],[69.99345,30.38118],[69.98877,30.37263],[69.98036,30.35768],[69.97693,30.35157],[69.97443,30.34676],[69.97286,30.34062],[69.96912,30.33341],[69.96478,30.3278],[69.96117,30.32264],[69.95979,30.31739],[69.95912,30.30455],[69.95909,30.29786],[69.96062,30.29385],[69.96308,30.29304],[69.96647,30.29249],[69.9708,30.29542],[69.97453,30.29888],[69.97793,30.30128],[69.98133,30.30233],[69.98318,30.30233],[69.98409,30.29992],[69.98406,30.29376],[69.98185,30.2828],[69.97842,30.27399],[69.97375,30.26678],[69.97132,30.26256],[69.97099,30.25828],[69.97282,30.25346],[69.97806,30.25103],[69.98237,30.25075],[69.98763,30.25341],[69.99134,30.2566],[69.9957,30.26328],[70.00036,30.27021],[70.00346,30.27341],[70.00717,30.27527],[70.01242,30.27739],[70.01797,30.27737],[70.02168,30.27736],[70.03062,30.27678],[70.03525,30.27596],[70.03987,30.27514],[70.04604,30.27512],[70.05622,30.27508],[70.05992,30.27506],[70.0667,30.27316],[70.07234,30.27128],[70.0753,30.26724],[70.07621,30.26456],[70.0762,30.26242],[70.07247,30.25735],[70.06408,30.24562],[70.05165,30.22989],[70.04763,30.22669],[70.04269,30.22511],[70.0362,30.22407],[70.03034,30.22355],[70.02417,30.22197],[70.02076,30.21931],[70.0189,30.21638],[70.01734,30.21291],[70.01608,30.20622],[70.01633,30.19552],[70.01506,30.18991],[70.01321,30.18805],[70.01043,30.18699],[70.00549,30.18674],[70.00272,30.18568],[69.999,30.18248],[69.99713,30.17901],[69.99648,30.17237],[69.99428,30.16248],[69.99146,30.15313],[69.98742,30.14592],[69.98554,30.13951],[69.98489,30.13149],[69.98484,30.12132],[69.98604,30.11463],[69.98754,30.10607],[69.98657,30.09778],[69.98531,30.09163],[69.98184,30.08289],[69.97966,30.07675],[69.97655,30.07114],[69.97253,30.06634],[69.96943,30.061],[69.96633,30.05727],[69.96231,30.053],[69.95614,30.04848],[69.94657,30.04289],[69.94317,30.03889],[69.9407,30.03596],[69.93914,30.03275],[69.92247,30.00171],[69.91866,29.98862],[69.91102,29.96245],[69.89251,29.91481],[69.87768,29.89879],[69.85596,29.87616],[69.8358,29.86147],[69.81387,29.81761],[69.81183,29.81025],[69.80249,29.79276],[69.79419,29.77802],[69.789,29.76881],[69.78271,29.76418],[69.77536,29.76229],[69.76909,29.75766],[69.76071,29.7521],[69.7534,29.74563],[69.74612,29.73548],[69.73988,29.72718],[69.73258,29.71887],[69.7221,29.71421],[69.70422,29.71225],[69.69688,29.71036],[69.69062,29.70389],[69.67698,29.70012],[69.66648,29.69729],[69.65496,29.6917],[69.646,29.68526],[69.64034,29.68058],[69.63515,29.67411],[69.6289,29.66872],[69.62586,29.65569],[69.61866,29.64003],[69.61131,29.63906],[69.60292,29.63715],[69.59663,29.63527],[69.59147,29.62605],[69.5926,29.61872],[69.60006,29.60868],[69.60333,29.59678],[69.59895,29.57939],[69.59771,29.56436],[69.59784,29.55177],[69.59805,29.53106],[69.59455,29.51084],[69.59184,29.50391],[69.58634,29.49615],[69.57991,29.4892],[69.57439,29.48388],[69.56952,29.47553],[69.56575,29.46716],[69.56351,29.45861],[69.56313,29.4509],[69.56284,29.43587],[69.56249,29.4245],[69.5626,29.41475],[69.56451,29.40909],[69.56687,29.40586],[69.57153,29.40387],[69.57663,29.40431],[69.58403,29.40722],[69.58909,29.41132],[69.59554,29.41624],[69.60059,29.42115],[69.60567,29.42403],[69.60985,29.42407],[69.61496,29.4233],[69.61964,29.42049],[69.62758,29.41487],[69.64117,29.40238],[69.65253,29.38914],[69.65582,29.38389],[69.65975,29.37887],[69.66763,29.36246],[69.66909,29.35557],[69.66637,29.34946],[69.6604,29.34292],[69.65119,29.33554],[69.64568,29.32981],[69.64202,29.32532],[69.63883,29.31921],[69.63981,29.31434],[69.6403,29.3111],[69.64404,29.30869],[69.65331,29.30876],[69.66212,29.30883],[69.66724,29.30724],[69.67142,29.30524],[69.67707,29.29716],[69.68223,29.29111],[69.68279,29.28097],[69.68241,29.27122],[69.68247,29.26513],[69.68436,29.26109],[69.68671,29.25867],[69.69042,29.25747],[69.69505,29.25792],[69.69875,29.25957],[69.70104,29.26161],[69.70472,29.26529],[69.71255,29.27062],[69.72083,29.27677],[69.72865,29.28332],[69.73647,29.29028],[69.7457,29.29521],[69.75217,29.2981],[69.75818,29.29935],[69.76375,29.29858],[69.76654,29.29778],[69.76843,29.29333],[69.76897,29.2844],[69.76717,29.27749],[69.76077,29.26852],[69.75175,29.25231],[69.74718,29.24456],[69.74402,29.23642],[69.74365,29.22465],[69.74239,29.21124],[69.74339,29.20313],[69.74622,29.19584],[69.74812,29.19179],[69.75045,29.18897],[69.75233,29.18573],[69.75191,29.18045],[69.75012,29.17395],[69.74509,29.1662],[69.73962,29.15723],[69.7346,29.14989],[69.73003,29.14215],[69.72411,29.13115],[69.7168,29.12176],[69.71268,29.11564],[69.71091,29.10711],[69.70992,29.09902],[69.70812,29.09332],[69.70631,29.08966],[69.70218,29.08638],[69.69342,29.08267],[69.6856,29.07855],[69.67498,29.07604],[69.66484,29.07272],[69.65609,29.069],[69.65057,29.06571],[69.64691,29.06121],[69.64281,29.05591],[69.63917,29.04979],[69.63416,29.04245],[69.62822,29.0351],[69.62363,29.03141],[69.61768,29.02527],[69.61357,29.02037],[69.6089,29.01151],[69.60493,29.0065],[69.59853,29.00036],[69.59396,28.99424],[69.59082,28.98609],[69.58858,28.97836],[69.58636,28.97063],[69.5812,28.96012],[69.57434,28.95398],[69.56557,28.95269],[69.55911,28.95264],[69.55542,28.9518],[69.55222,28.94933],[69.54952,28.94241],[69.5459,28.93548],[69.54182,28.92855],[69.53587,28.92363],[69.52991,28.91992],[69.52303,28.9158],[69.51431,28.91126],[69.50742,28.90796],[69.50008,28.90302],[69.49277,28.89647],[69.4896,28.89157],[69.48873,28.88669],[69.48878,28.88223],[69.48801,28.86964],[69.48761,28.86395],[69.48308,28.85661],[69.48314,28.85174],[69.48318,28.84849],[69.4846,28.84445],[69.48648,28.84162],[69.49065,28.84004],[69.4962,28.83927],[69.50405,28.83813],[69.51192,28.83657],[69.51795,28.83297],[69.52167,28.83057],[69.52541,28.82573],[69.53198,28.81529],[69.5353,28.80761],[69.53767,28.80113],[69.53776,28.79342],[69.53555,28.78448],[69.53291,28.77309],[69.52431,28.75882],[69.51388,28.74371],[69.50391,28.72861],[69.49574,28.71799],[69.48711,28.70615],[69.4844,28.7019],[69.46928,28.6736],[69.46248,28.66421],[69.45118,28.64584],[69.43941,28.62869],[69.4295,28.61156],[69.42092,28.59768],[69.41135,28.59029],[69.39805,28.58651],[69.3866,28.58275],[69.37243,28.5753],[69.35776,28.5711],[69.34405,28.56407],[69.33279,28.55837],[69.32469,28.55491],[69.32194,28.54961],[69.32132,28.54355],[69.32756,28.53314],[69.33275,28.52305],[69.33841,28.51215],[69.34039,28.50122],[69.34463,28.49355],[69.34797,28.48385],[69.35325,28.46646],[69.36376,28.44564],[69.37769,28.4456],[69.39406,28.44642],[69.40434,28.44733],[69.41359,28.44815],[69.41653,28.44922],[69.41816,28.45101],[69.41849,28.45137],[69.42119,28.45503],[69.42488,28.46149],[69.4271,28.46666],[69.42883,28.47011],[69.43103,28.47248],[69.43348,28.47376],[69.43716,28.47526],[69.4467,28.47782],[69.45684,28.47928],[69.46284,28.48057],[69.46945,28.48271],[69.47556,28.48376],[69.48486,28.48417],[69.50442,28.48496],[69.51199,28.48493],[69.52128,28.48446],[69.53838,28.48159],[69.56471,28.47666],[69.56831,28.47629],[69.57864,28.47552],[69.59573,28.47285],[69.61502,28.46953],[69.62454,28.46754],[69.626,28.46624],[69.62599,28.46495],[69.625,28.46301],[69.62058,28.45958],[69.61542,28.45442],[69.61001,28.44884],[69.60558,28.44411],[69.60484,28.44196],[69.60483,28.44045],[69.60595,28.43954],[69.60677,28.43915],[69.61311,28.43653],[69.6197,28.43456],[69.62701,28.43215],[69.63897,28.42972],[69.64703,28.42838],[69.65679,28.42769],[69.65921,28.42777],[69.66803,28.42806],[69.67493,28.42945],[69.67537,28.42954],[69.68148,28.43015],[69.6861,28.42995],[69.6871,28.42991],[69.6946,28.42829],[69.70045,28.42675],[69.71144,28.42539],[69.71607,28.42429],[69.72607,28.42165],[69.73094,28.41968],[69.73217,28.41907],[69.73502,28.41633],[69.74203,28.4103],[69.74851,28.4051],[69.74968,28.40422],[69.75139,28.40293],[69.7515,28.40194],[69.75192,28.40108],[69.7526,28.40035],[69.75423,28.39734],[69.75705,28.39375],[69.75927,28.39091],[69.76104,28.38634],[69.7619,28.38471],[69.76284,28.38448],[69.76438,28.38452],[69.76793,28.38407],[69.77099,28.38304],[69.78004,28.38123],[69.78417,28.38004],[69.7849,28.38006],[69.78699,28.38076],[69.79264,28.38043],[69.7943,28.37988],[69.79338,28.37761],[69.79145,28.37575],[69.79028,28.37428],[69.78992,28.3728],[69.78995,28.37184],[69.79031,28.37052],[69.79127,28.36874],[69.7919,28.3679],[69.79247,28.36784],[69.79326,28.36808],[69.79351,28.37088],[69.79372,28.37164],[69.7942,28.37187],[69.79534,28.37179],[69.79597,28.37123],[69.79644,28.36683],[69.79684,28.36566],[69.79907,28.36372],[69.80131,28.36273],[69.80527,28.36197],[69.80956,28.3626],[69.8119,28.36237],[69.81294,28.36193],[69.81507,28.35945],[69.81593,28.35807],[69.81649,28.35554],[69.81649,28.35436],[69.81573,28.35036],[69.81565,28.34904],[69.81602,28.34739],[69.81664,28.34579],[69.81968,28.34225],[69.82069,28.33959],[69.82076,28.33748],[69.81979,28.33257],[69.81869,28.33018],[69.81712,28.32757],[69.81624,28.32618],[69.81497,28.32456],[69.81499,28.32388],[69.81588,28.3226],[69.81758,28.32138],[69.81797,28.32082],[69.81556,28.31738],[69.81493,28.31578],[69.81271,28.3128],[69.81239,28.3116],[69.81274,28.30956],[69.81277,28.30856],[69.81112,28.30687],[69.81049,28.30583],[69.81019,28.30252],[69.81115,28.2978],[69.81196,28.29601],[69.81223,28.29541],[69.81356,28.28723],[69.81454,28.28379],[69.81489,28.28042],[69.81531,28.27825],[69.81548,28.27718],[69.81626,28.27516],[69.81828,28.27246],[69.82011,28.2711],[69.82231,28.27008],[69.82597,28.26915],[69.82941,28.26872],[69.83212,28.26892],[69.83437,28.26957],[69.83538,28.2696],[69.8364,28.26937],[69.83672,28.26877],[69.83643,28.26735],[69.83462,28.26486],[69.83234,28.262],[69.83146,28.26078],[69.83115,28.26],[69.83136,28.25928],[69.83473,28.25653],[69.83615,28.25468],[69.83652,28.25366],[69.83635,28.25289],[69.83306,28.24961],[69.8324,28.24758],[69.83269,28.24613],[69.83248,28.2451],[69.83188,28.24294],[69.83165,28.24113],[69.83221,28.23961],[69.83274,28.23755],[69.83327,28.23657],[69.83482,28.23416],[69.83614,28.23212],[69.83767,28.2306],[69.84209,28.22732],[69.84251,28.22623],[69.84243,28.22419],[69.84269,28.22212],[69.84364,28.22094],[69.84364,28.21924],[69.84437,28.21514],[69.84506,28.21344],[69.84596,28.21248],[69.85159,28.20685],[69.85165,28.20625],[69.85232,28.20356],[69.85529,28.20039],[69.85687,28.19794],[69.85764,28.19705],[69.85708,28.1947],[69.85358,28.19121],[69.8501,28.18618],[69.8475,28.18379],[69.84692,28.18222],[69.84236,28.17994],[69.83874,28.173],[69.8377,28.1697],[69.8376,28.16754],[69.83765,28.16665],[69.8382,28.16632],[69.83862,28.16624],[69.83916,28.16647],[69.84129,28.17002],[69.84167,28.17023],[69.84342,28.1701],[69.84386,28.16981],[69.84269,28.1655],[69.84294,28.16378],[69.84594,28.15805],[69.84684,28.15565],[69.84767,28.15261],[69.84772,28.14956],[69.84649,28.14373],[69.84569,28.13989],[69.84464,28.13578],[69.84464,28.13431],[69.84512,28.13325],[69.84745,28.13158],[69.86516,28.10457],[69.86942,28.09939],[69.8717,28.09607],[69.87322,28.09403],[69.87498,28.09035],[69.87673,28.08413],[69.87879,28.0802],[69.88355,28.07567],[69.8981,28.05594],[69.90707,28.04499],[69.91358,28.03704],[69.9161,28.03396],[69.91749,28.03218],[69.92273,28.02544],[69.93046,28.01818],[69.93882,28.01031],[69.94529,28.00481],[69.9474,28.00271],[69.95232,27.99673],[69.95849,27.99024],[69.96291,27.98575],[69.96379,27.98486],[69.96786,27.98072],[69.97015,27.97743],[69.97228,27.97104],[69.97391,27.96692],[69.97787,27.96254],[69.98118,27.95847],[69.98209,27.95735],[69.98781,27.94906],[69.99166,27.94443],[69.99428,27.94247],[70.00082,27.93743],[70.01939,27.93177],[70.02611,27.93012],[70.03515,27.92713],[70.04059,27.92246],[70.04333,27.91984],[70.04784,27.91312],[70.06644,27.89747],[70.06916,27.89539],[70.07616,27.89439],[70.08596,27.88994],[70.09052,27.88839],[70.0974,27.88694],[70.10491,27.88511],[70.11855,27.88234],[70.12357,27.88201],[70.14131,27.87453],[70.18051,27.8549],[70.18127,27.85558],[70.19092,27.8665],[70.20717,27.8849],[70.2076,27.88538],[70.28134,27.93042],[70.30196,27.94548],[70.30291,27.94617],[70.32188,27.96489],[70.32323,27.96639],[70.33289,27.97712],[70.33379,27.97863],[70.33646,27.98311],[70.36617,28.00825],[70.4086,28.01729],[70.4212,28.01955],[70.43236,28.02155],[70.44795,28.02608],[70.45972,28.0295],[70.47909,28.03374],[70.48974,28.03436],[70.50983,28.03554],[70.52167,28.03378],[70.53033,28.03249],[70.55251,28.02378],[70.56263,28.0198],[70.56751,28.01556],[70.59876,27.98834],[70.62826,27.96136],[70.64643,27.94407],[70.6607,27.9305],[70.66137,27.92954],[70.67211,27.91432],[70.67285,27.86979],[70.67452,27.85904],[70.67577,27.85098],[70.677,27.84544],[70.67841,27.83905],[70.68714,27.82334],[70.68935,27.81935],[70.69818,27.80768],[70.701,27.80349],[70.70312,27.80035],[70.70386,27.79809],[70.70521,27.79393],[70.71432,27.7795],[70.71484,27.77629],[70.71888,27.77191],[70.72159,27.76897],[70.72287,27.7663],[70.72575,27.76026],[70.73795,27.74217],[70.75144,27.7266],[70.75491,27.72136],[70.75767,27.71721],[70.76233,27.7161],[70.76721,27.71495],[70.80384,27.71276],[70.81533,27.71151],[70.81829,27.71119],[70.84413,27.70913],[70.84614,27.70897],[70.86549,27.70511],[70.88535,27.70584],[70.90577,27.71073],[70.93249,27.72086],[70.97224,27.73721],[71.01599,27.7552],[71.04728,27.76824],[71.08664,27.78465],[71.09945,27.79032],[71.1058,27.79313],[71.15488,27.81485],[71.16869,27.82095],[71.22108,27.84276],[71.23393,27.84648],[71.24407,27.84941],[71.24949,27.84918],[71.27157,27.85289],[71.34323,27.86495],[71.35252,27.86608],[71.3893,27.86792],[71.41967,27.86943],[71.46106,27.87132],[71.51136,27.87361],[71.58549,27.87685],[71.63505,27.88166],[71.67488,27.88552],[71.69635,27.89187],[71.72508,27.90324],[71.73433,27.90633],[71.74591,27.91019],[71.74816,27.91094],[71.74888,27.91118],[71.83327,27.94157],[71.86823,27.95196],[71.87929,27.95514],[71.8858,27.95701],[71.89023,27.95828],[71.89875,27.96367],[71.89957,27.9642],[71.90568,28.00562],[71.91093,28.04126],[71.91633,28.07128],[71.92166,28.10089],[71.92195,28.10714],[71.92227,28.11397],[71.9693,28.1766],[71.97908,28.1882],[71.99203,28.20356],[72.01774,28.22626],[72.01914,28.2275],[72.0208,28.22874],[72.05902,28.25732],[72.08821,28.27734],[72.10071,28.28657],[72.12421,28.30395],[72.14067,28.31876],[72.15062,28.32971],[72.15143,28.33337],[72.15668,28.3373],[72.18443,28.358],[72.19505,28.37627],[72.20885,28.39998],[72.2285,28.45463],[72.23577,28.47484],[72.23914,28.48453],[72.24325,28.49636],[72.24438,28.50576],[72.24936,28.51077],[72.25175,28.52034],[72.25342,28.52703],[72.27962,28.60142],[72.28551,28.61882],[72.29344,28.64101],[72.30196,28.66482],[72.32982,28.70384],[72.34286,28.71792],[72.39619,28.77465],[72.39683,28.77514],[72.41142,28.78622],[72.41647,28.78759],[72.41795,28.788],[72.44088,28.79537],[72.47286,28.80563],[72.49,28.81439],[72.49904,28.819],[72.50641,28.82276],[72.52161,28.83144],[72.53527,28.83924],[72.53573,28.83947],[72.54339,28.84329],[72.55208,28.85055],[72.55417,28.85111],[72.55862,28.85232],[72.57699,28.86224],[72.58804,28.86993],[72.60045,28.876],[72.61192,28.88162],[72.61613,28.88548],[72.61929,28.88525],[72.61978,28.88521],[72.62295,28.88862],[72.64379,28.90035],[72.67655,28.91881],[72.68229,28.92305],[72.68603,28.92582],[72.69891,28.93257],[72.70472,28.93487],[72.70678,28.93569],[72.72176,28.94402],[72.72342,28.94522],[72.73019,28.95012],[72.74585,28.95584],[72.75642,28.95969],[72.7737,28.96674],[72.78109,28.96975],[72.84722,28.99491],[72.87137,29.00356],[72.88593,29.00913],[72.91496,29.02024],[72.91862,29.02065],[72.93622,29.02755],[72.94442,29.0341],[72.96248,29.06898],[72.9638,29.07292],[72.96522,29.07721],[72.99652,29.13991],[72.99982,29.14652],[73.00034,29.14855],[73.00093,29.15086],[73.00574,29.15677],[73.0111,29.16229],[73.02612,29.17761],[73.03366,29.18532],[73.04401,29.19764],[73.04434,29.19804],[73.0966,29.25538],[73.09702,29.25681],[73.09815,29.26067],[73.09827,29.26109],[73.11762,29.29269],[73.13088,29.31433],[73.13201,29.31868],[73.17313,29.38513],[73.17598,29.38942],[73.18351,29.40194],[73.19733,29.42491],[73.20972,29.44476],[73.21436,29.4522],[73.21834,29.45895],[73.23033,29.47927],[73.23255,29.48589],[73.23387,29.48731],[73.23844,29.49223],[73.24836,29.50938],[73.25172,29.51521],[73.25504,29.52388],[73.25823,29.52612],[73.27481,29.55616],[73.27791,29.56422],[73.28586,29.5849],[73.29928,29.62648],[73.30147,29.63326],[73.31018,29.66025],[73.31699,29.68274],[73.32321,29.70327],[73.32367,29.70478],[73.32615,29.71246],[73.33067,29.72647],[73.33292,29.73377],[73.33452,29.73601],[73.33616,29.73831],[73.33613,29.74003],[73.33603,29.74496],[73.3427,29.76276],[73.34665,29.77646],[73.35411,29.80107],[73.35458,29.80263],[73.37004,29.85363],[73.37765,29.87852],[73.37782,29.88097],[73.37802,29.88379],[73.37909,29.88446],[73.38015,29.88513],[73.381,29.89061],[73.38136,29.89291],[73.3848,29.90214],[73.38777,29.91012],[73.39027,29.91686],[73.39258,29.92503],[73.39652,29.93901],[73.40829,29.94754],[73.46694,29.96908],[73.52762,29.99153],[73.55049,30.0],[73.55344,30.00109],[73.5583,30.00288],[73.57822,30.01012],[73.61802,30.02251],[73.62917,30.02416],[73.7009,30.04185],[73.71156,30.04448],[73.71658,30.04508],[73.77041,30.05809],[73.77681,30.06118],[73.78795,30.06396],[73.80391,30.06986],[73.81444,30.07999],[73.82149,30.08788],[73.84249,30.10515],[73.84709,30.10732],[73.84809,30.10779],[73.84854,30.10832],[73.85136,30.11163],[73.85852,30.11664],[73.90587,30.1498],[73.91342,30.15631],[73.93084,30.16656],[73.93191,30.16719],[73.9456,30.17632],[73.94658,30.17707],[73.95763,30.18549],[73.96526,30.1913],[73.96664,30.19512],[73.96896,30.20155],[73.96686,30.2219],[73.96662,30.22422],[73.96453,30.24453],[73.9584,30.27023],[73.95667,30.27748],[73.95317,30.28526],[73.94793,30.29692],[73.94623,30.3005],[73.94366,30.30594],[73.93089,30.32153],[73.92694,30.32634],[73.92479,30.32898],[73.92427,30.32961],[73.92189,30.33251],[73.92144,30.33347],[73.92113,30.33413],[73.8933,30.35187],[73.87976,30.35992],[73.87531,30.36138],[73.87441,30.36298],[73.87126,30.36857],[73.87089,30.375],[73.8715,30.37722],[73.87321,30.38344],[73.87975,30.39111],[73.88179,30.39277],[73.8886,30.39831],[73.88941,30.39897],[73.89352,30.40231],[73.8943,30.40337],[73.9012,30.41271],[73.90342,30.4168],[73.92016,30.42014],[73.92786,30.42091],[73.92894,30.42268],[73.93034,30.42499],[73.93161,30.43322],[73.93663,30.44298],[73.93229,30.45846],[73.93529,30.46296],[73.94691,30.46227],[73.95049,30.46044],[73.95528,30.45798],[73.95721,30.45788],[73.96268,30.45761],[73.96653,30.46349],[73.96882,30.48019],[73.96997,30.48252],[73.97273,30.48813],[73.97947,30.49578],[73.98365,30.50053],[73.98448,30.50122],[73.98852,30.50456],[74.00303,30.5127],[74.02561,30.52537],[74.03197,30.53579],[74.04024,30.53769],[74.04172,30.53588],[74.0423,30.53517],[74.04767,30.52859],[74.0557,30.52201],[74.06022,30.52125],[74.06651,30.52019],[74.07761,30.52936],[74.08481,30.54068],[74.08462,30.5427],[74.0844,30.54504],[74.07581,30.55072],[74.07565,30.55462],[74.07749,30.55676],[74.08031,30.56003],[74.08893,30.56196],[74.09711,30.56379],[74.09614,30.57698],[74.09596,30.57935],[74.09725,30.58471],[74.10092,30.59998],[74.10035,30.60776],[74.10118,30.60887],[74.10421,30.61288],[74.11629,30.61638],[74.1214,30.62059],[74.13121,30.62868],[74.13491,30.6288],[74.13594,30.62884],[74.14395,30.6291],[74.15093,30.63262],[74.16176,30.64161],[74.16959,30.64812],[74.176,30.65344],[74.18324,30.65945],[74.18615,30.65939],[74.19071,30.66467],[74.19684,30.67177],[74.20818,30.68827],[74.22201,30.70815],[74.22837,30.71535],[74.23216,30.71962],[74.24098,30.72218],[74.24344,30.72234],[74.25401,30.72304],[74.26831,30.73145],[74.27244,30.73069],[74.27966,30.72936],[74.28082,30.72983],[74.28181,30.73023],[74.28232,30.73364],[74.28246,30.73458],[74.2737,30.74325],[74.26629,30.76244],[74.26526,30.76385],[74.26209,30.76814],[74.26447,30.77188],[74.265,30.77278],[74.28025,30.77276],[74.28756,30.77275],[74.29623,30.77852],[74.2996,30.78509],[74.29457,30.7946],[74.29826,30.80222],[74.30051,30.80685],[74.3065,30.81398],[74.31812,30.82779],[74.31964,30.84357],[74.32347,30.8461],[74.32533,30.84734],[74.33649,30.84732],[74.34408,30.85242],[74.35125,30.84993],[74.35876,30.8459],[74.36301,30.84581],[74.37056,30.85181],[74.37199,30.85294],[74.37129,30.85908],[74.37115,30.86029],[74.36919,30.86295],[74.36221,30.87242],[74.36188,30.8793],[74.3626,30.8805],[74.36553,30.88541],[74.37412,30.8887],[74.37627,30.88952],[74.37834,30.89021],[74.38272,30.89167],[74.39504,30.90354],[74.40248,30.90471],[74.41293,30.90634],[74.41611,30.90604],[74.41921,30.9117],[74.41989,30.91816],[74.4207,30.92588],[74.42867,30.93441],[74.44639,30.9489],[74.46434,30.96155],[74.4654,30.96187],[74.46783,30.96261],[74.46933,30.96445],[74.47059,30.96599],[74.48509,30.97047],[74.49144,30.9694],[74.5022,30.96479],[74.51469,30.97046],[74.51758,30.97177],[74.53361,30.98262],[74.53602,30.98399],[74.54173,30.98724],[74.54848,30.99284],[74.54455,31.00895],[74.54434,31.01298],[74.54422,31.01515],[74.55344,31.0626],[74.55493,31.06408],[74.55537,31.06452],[74.55839,31.06753],[74.5717,31.06744],[74.58113,31.06046],[74.5925,31.05204],[74.59489,31.04918],[74.59737,31.0462],[74.60154,31.04227],[74.60512,31.0389],[74.61778,31.02737],[74.62693,31.02233],[74.63316,31.02171],[74.63913,31.02112],[74.64916,31.02684],[74.65161,31.04465],[74.65442,31.04955],[74.65641,31.05302],[74.65902,31.05463],[74.66212,31.05654],[74.66904,31.05664],[74.67995,31.05679],[74.68247,31.05884],[74.6857,31.06146],[74.68715,31.06509],[74.68596,31.06863],[74.68385,31.07488],[74.68225,31.07871],[74.67898,31.0865],[74.6722,31.09926],[74.67178,31.10005],[74.67042,31.10128],[74.66444,31.10667],[74.65068,31.11246],[74.63687,31.11491],[74.61756,31.11905],[74.60426,31.11937],[74.59088,31.10938],[74.58582,31.10863],[74.58152,31.108],[74.57985,31.10845],[74.57413,31.11001],[74.56943,31.11236],[74.56419,31.11552],[74.55964,31.11991],[74.55617,31.12327],[74.54532,31.13361],[74.54499,31.13433],[74.54475,31.13486],[74.54417,31.1361],[74.53585,31.15423],[74.53375,31.166],[74.53313,31.16942],[74.53356,31.1897],[74.53364,31.19393],[74.53721,31.20553],[74.54793,31.23985],[74.55206,31.25307],[74.55312,31.26129],[74.5526,31.26309],[74.55167,31.26637],[74.55161,31.2676],[74.55036,31.2925],[74.55025,31.2947],[74.55187,31.29845],[74.56751,31.33478],[74.5678,31.33602],[74.56793,31.33657],[74.56809,31.33724],[74.56966,31.34087],[74.57121,31.34445],[74.57212,31.34654],[74.57707,31.35768],[74.58611,31.37803],[74.59457,31.39709],[74.6012,31.40403],[74.62534,31.42362],[74.64111,31.4647],[74.63948,31.47184],[74.63425,31.48366],[74.63057,31.48735],[74.61174,31.50619],[74.6099,31.5115],[74.60734,31.51889],[74.60585,31.53697],[74.6058,31.53748],[74.60448,31.54568],[74.60207,31.56061],[74.60089,31.56789],[74.59261,31.59231],[74.58635,31.60643],[74.58347,31.61266],[74.57915,31.62201],[74.5785,31.6234],[74.5758,31.62765],[74.57182,31.63395],[74.55711,31.65714],[74.55055,31.66704],[74.54149,31.68073],[74.53558,31.68984],[74.53023,31.69809],[74.5206,31.71616],[74.52038,31.71657],[74.51978,31.71769],[74.51728,31.72291],[74.51796,31.73825],[74.51809,31.74165],[74.51811,31.74305],[74.51809,31.74359],[74.51807,31.74423],[74.51788,31.75015],[74.51783,31.75159],[74.51775,31.75427],[74.51715,31.76042],[74.5206,31.76197],[74.52551,31.76155],[74.53358,31.75694],[74.54164,31.75606],[74.54547,31.75761],[74.546,31.76309],[74.54163,31.76932],[74.54067,31.77397],[74.53995,31.77744],[74.53792,31.78621],[74.5401,31.79805],[74.54147,31.80553],[74.54168,31.81297],[74.54184,31.81878],[74.54382,31.8223],[74.5582,31.82169],[74.5652,31.82106],[74.56728,31.82087],[74.56936,31.82165],[74.57302,31.82302],[74.57404,31.82463],[74.57515,31.82637],[74.57613,31.82791],[74.57623,31.83111],[74.58011,31.83878],[74.58138,31.84129],[74.58356,31.84311],[74.58993,31.84841],[74.61038,31.85747],[74.61986,31.86167],[74.62252,31.86366],[74.63884,31.87586],[74.64511,31.88217],[74.64772,31.88481],[74.67857,31.90902],[74.68614,31.91388],[74.69378,31.9188],[74.70326,31.9249],[74.70435,31.92833],[74.70506,31.93058],[74.70845,31.95284],[74.7092,31.95795],[74.71465,31.95781],[74.71779,31.95774],[74.7183,31.95683],[74.72665,31.94218],[74.73388,31.93844],[74.73642,31.93713],[74.76189,31.93627],[74.78455,31.9396],[74.79839,31.94405],[74.80449,31.94691],[74.80688,31.94902],[74.8078,31.94983],[74.80914,31.95227],[74.81087,31.95541],[74.81361,31.96114],[74.82245,31.97962],[74.82345,31.98294],[74.82458,31.98666],[74.83096,31.99865],[74.83168,32.0],[74.83806,32.00061],[74.84724,32.00149],[74.84805,32.00253],[74.85095,32.00627],[74.85856,32.01147],[74.86694,32.01718],[74.87931,32.02562],[74.88177,32.0273],[74.8949,32.03789],[74.89926,32.0414],[74.90068,32.04255],[74.90904,32.04929],[74.91083,32.05042],[74.92014,32.05627],[74.93196,32.06014],[74.9325,32.06031],[74.9463,32.05939],[74.95374,32.05707],[74.96032,32.05503],[74.96613,32.05066],[74.98702,32.03495],[74.9874,32.03466],[74.99841,32.02867],[74.99928,32.02868],[75.0,32.02869],[75.00446,32.02875],[75.00493,32.02875],[75.01061,32.0304],[75.0117,32.03116],[75.01734,32.03508],[75.02303,32.03905],[75.03099,32.04058],[75.04588,32.03924],[75.04756,32.03993],[75.05085,32.04131],[75.06056,32.05047],[75.07363,32.06282],[75.08163,32.05586],[75.08274,32.05565],[75.08736,32.05476],[75.09592,32.05953],[75.11105,32.06034],[75.12254,32.07059],[75.12669,32.0743],[75.12801,32.0739],[75.15195,32.06678],[75.1719,32.06612],[75.18946,32.0777],[75.19435,32.08093],[75.19996,32.08985],[75.20118,32.0918],[75.20126,32.09777],[75.20137,32.10534],[75.20501,32.1156],[75.20872,32.11747],[75.21136,32.1188],[75.21189,32.11906],[75.22271,32.11253],[75.22317,32.11138],[75.22496,32.1069],[75.22357,32.09101],[75.22613,32.08706],[75.22776,32.08456],[75.23343,32.08436],[75.23787,32.08652],[75.23917,32.08715],[75.24981,32.09545],[75.27197,32.11275],[75.27481,32.11885],[75.27564,32.1244],[75.27617,32.128],[75.27725,32.13524],[75.27771,32.13577],[75.28327,32.14217],[75.28803,32.14443],[75.29304,32.14682],[75.29896,32.14964],[75.3094,32.15461],[75.31423,32.15919],[75.31779,32.17082],[75.31719,32.19281],[75.31856,32.19487],[75.32285,32.20132],[75.33401,32.20495],[75.3548,32.21172],[75.36042,32.21452],[75.36394,32.21627],[75.37476,32.22432],[75.37479,32.22567],[75.37487,32.22914],[75.3754,32.25256],[75.38187,32.26111],[75.38117,32.26365],[75.38081,32.26496],[75.37939,32.26709],[75.37664,32.27119],[75.37515,32.27197],[75.37218,32.27352],[75.35595,32.27416],[75.34939,32.28395],[75.34623,32.28549],[75.33992,32.28857],[75.33813,32.29205],[75.33623,32.29574],[75.33551,32.29901],[75.33539,32.29953],[75.33512,32.30076],[75.33433,32.30437],[75.33579,32.31574],[75.33667,32.32259],[75.33394,32.32658],[75.33154,32.33009],[75.33042,32.33171],[75.31751,32.34067],[75.31149,32.34484],[75.30324,32.34953],[75.28906,32.35757],[75.2832,32.36408],[75.28034,32.36726],[75.25331,32.38001],[75.24532,32.38782],[75.23716,32.39578],[75.23272,32.39847],[75.23153,32.39919],[75.22947,32.39939],[75.22386,32.39996],[75.22174,32.40017],[75.21907,32.40044],[75.20025,32.40232],[75.19546,32.40531],[75.19234,32.41984],[75.18852,32.42448],[75.18085,32.4253],[75.17954,32.42544],[75.1604,32.41651],[75.1532,32.41475],[75.14764,32.41338],[75.1396,32.41458],[75.12793,32.42117],[75.12137,32.44013],[75.12116,32.44073],[75.1209,32.44148],[75.11934,32.44324],[75.11888,32.44376],[75.10979,32.45404],[75.10675,32.45504],[75.09818,32.46587],[75.09408,32.46954],[75.08263,32.48004],[75.07161,32.48296],[75.0614,32.48201],[75.03664,32.49207],[75.03111,32.4918],[75.03017,32.49176],[75.02141,32.48537],[75.02098,32.48497],[75.01175,32.47618],[75.00609,32.46904],[75.00281,32.4649],[75.00154,32.4633],[75.00139,32.46288],[75.0,32.45912],[74.99363,32.4541],[74.99111,32.45211],[74.98788,32.44956],[74.98437,32.44882],[74.97935,32.44777],[74.97312,32.44793],[74.96775,32.45059],[74.96388,32.45253],[74.95883,32.45305],[74.9489,32.45409],[74.94616,32.4575],[74.94357,32.46071],[74.93682,32.46537],[74.93363,32.46757],[74.9331,32.4676],[74.93177,32.4677],[74.92412,32.46825],[74.89966,32.46613],[74.891,32.47006],[74.89051,32.47077],[74.88523,32.47841],[74.88287,32.48182],[74.87665,32.48564],[74.86886,32.48761],[74.86151,32.48948],[74.85642,32.49267],[74.8446,32.49465],[74.83533,32.49621],[74.82752,32.49614],[74.81857,32.49606],[74.79886,32.48406],[74.78186,32.4832],[74.78109,32.48316],[74.76138,32.48217],[74.75802,32.47994],[74.75257,32.47955],[74.74769,32.4792],[74.74626,32.48001],[74.74358,32.4815],[74.72322,32.48172],[74.7211,32.48174],[74.69842,32.48494],[74.69512,32.48724],[74.69356,32.48832],[74.68674,32.49307],[74.68421,32.49813],[74.68137,32.50381],[74.68049,32.50843],[74.67974,32.51243],[74.67918,32.5154],[74.68303,32.5296],[74.68106,32.5363],[74.68051,32.53819],[74.66311,32.55064],[74.66196,32.55147],[74.66129,32.55207],[74.66,32.55325],[74.65239,32.56016],[74.65112,32.56356],[74.65088,32.5642],[74.64803,32.57187],[74.64329,32.59595],[74.64318,32.59754],[74.64246,32.60748],[74.6422,32.61104],[74.64491,32.61674],[74.64925,32.62587],[74.65845,32.63736],[74.66504,32.64261],[74.66921,32.64594],[74.67621,32.658],[74.67595,32.66041],[74.67532,32.66625],[74.66935,32.67499],[74.66205,32.68055],[74.65419,32.69245],[74.65014,32.71841],[74.66188,32.75482],[74.66439,32.75831],[74.66804,32.7634],[74.66779,32.76502],[74.66754,32.76659],[74.66948,32.76944],[74.67776,32.78157],[74.68768,32.79608],[74.68876,32.79818],[74.69458,32.80952],[74.70039,32.82703],[74.69702,32.83971],[74.69529,32.83955],[74.68083,32.8382],[74.67421,32.83472],[74.66146,32.82803],[74.642,32.8229],[74.64139,32.82217],[74.638,32.8181],[74.63745,32.8129],[74.63723,32.81081],[74.63745,32.80986],[74.64154,32.79188],[74.63593,32.78277],[74.6328,32.77766],[74.61471,32.75768],[74.59414,32.75684],[74.58043,32.75361],[74.57919,32.75331],[74.57446,32.75521],[74.5736,32.75555],[74.56978,32.75535],[74.56711,32.75521],[74.54311,32.74544],[74.54121,32.74467],[74.53153,32.74073],[74.51165,32.75393],[74.50269,32.75988],[74.47975,32.77267],[74.47792,32.77533],[74.46607,32.78136],[74.46342,32.78758],[74.46167,32.79169],[74.45445,32.79306],[74.44694,32.79306],[74.44193,32.79192],[74.4407,32.79161],[74.43028,32.78694],[74.42269,32.78188],[74.42111,32.78083],[74.41975,32.77986],[74.41223,32.77444],[74.40083,32.77056],[74.39663,32.77013],[74.38722,32.76917],[74.37889,32.76972],[74.37166,32.77111],[74.36841,32.7724],[74.36676,32.77305],[74.35973,32.77583],[74.353,32.78052],[74.35056,32.78222],[74.34333,32.79],[74.34215,32.7918],[74.3375,32.79889],[74.33593,32.80501],[74.33473,32.80972],[74.33278,32.81556],[74.3286,32.81538],[74.32609,32.81527],[74.32111,32.81689],[74.31499,32.81889],[74.30652,32.82358],[74.30247,32.82583],[74.29838,32.82771],[74.28916,32.83194],[74.28545,32.83333],[74.27805,32.83611],[74.27416,32.8386],[74.26203,32.84301],[74.25888,32.84415],[74.25731,32.84497],[74.22693,32.86083],[74.22233,32.86236],[74.22192,32.8625],[74.21699,32.86529],[74.21361,32.86721],[74.21199,32.86782],[74.20332,32.8711],[74.1953,32.87519],[74.19013,32.87782],[74.18915,32.87833],[74.16832,32.88583],[74.16054,32.88972],[74.1571,32.89101],[74.14943,32.89388],[74.14768,32.89502],[74.14471,32.89694],[74.14309,32.89767],[74.13441,32.90158],[74.13054,32.90332],[74.12322,32.906],[74.11081,32.91054],[74.10434,32.91494],[74.10304,32.91583],[74.09925,32.91772],[74.08415,32.92527],[74.07777,32.92777],[74.07587,32.92821],[74.06795,32.93004],[74.04887,32.93443],[74.04523,32.93556],[74.04119,32.9368],[74.03995,32.93718],[74.03113,32.93989],[74.02721,32.9411],[74.00278,32.95166],[73.99899,32.95418],[73.99027,32.95999],[73.98947,32.96033],[73.98638,32.96166],[73.98415,32.965],[73.9828,32.96606],[73.98027,32.96805],[73.97486,32.97421],[73.97442,32.97471],[73.96448,32.9893],[73.96295,32.99155],[73.96084,32.99465],[73.95833,32.99833],[73.95416,33.0075],[73.9518,33.00985],[73.9511,33.01055],[73.95041,33.01201],[73.94914,33.01472],[73.94525,33.01777],[73.9422,33.02194],[73.9211,33.03416],[73.91854,33.03464],[73.90332,33.0375],[73.90215,33.03755],[73.89777,33.03777],[73.8911,33.0375],[73.8872,33.03619],[73.88611,33.03583],[73.88027,33.03527],[73.87363,33.03357],[73.86081,33.03027],[73.85748,33.02777],[73.84804,33.02416],[73.82587,33.01355],[73.82544,33.01335],[73.8225,33.01194],[73.81721,33.01028],[73.81541,33.01006],[73.80582,33.00889],[73.80222,33.0109],[73.78954,33.01799],[73.78167,33.02109],[73.7787,33.02226],[73.77394,33.02333],[73.7644,33.03819],[73.75861,33.04722],[73.75685,33.04845],[73.75573,33.04923],[73.75027,33.05305],[73.72622,33.06176],[73.70832,33.06824],[73.70562,33.06922],[73.69581,33.07277],[73.65694,33.08111],[73.64305,33.08611],[73.63903,33.08845],[73.635,33.0908],[73.62831,33.09471],[73.62646,33.1],[73.62442,33.10583],[73.62586,33.11258],[73.62637,33.115],[73.62665,33.12804],[73.62728,33.12902],[73.63009,33.13333],[73.63179,33.13594],[73.63714,33.1384],[73.6377,33.13866],[73.64381,33.14181],[73.66116,33.14927],[73.66595,33.1549],[73.66858,33.15799],[73.66947,33.18096],[73.66988,33.19155],[73.66969,33.19321],[73.66945,33.19521],[73.66854,33.20285],[73.66706,33.21531],[73.66244,33.21728],[73.66097,33.21791],[73.66019,33.21824],[73.65792,33.21998],[73.65403,33.22296],[73.64922,33.22257],[73.64118,33.21612],[73.64006,33.21917],[73.64277,33.23234],[73.64012,33.23345],[73.63583,33.23527],[73.62825,33.23846],[73.62324,33.24404],[73.62351,33.25253],[73.6236,33.25527],[73.61773,33.26683],[73.61183,33.27846],[73.61203,33.28099],[73.6121,33.28188],[73.61233,33.28464],[73.61498,33.28964],[73.61584,33.29136],[73.60771,33.29846],[73.60661,33.30174],[73.60741,33.30325],[73.60919,33.30665],[73.60908,33.30819],[73.60893,33.31011],[73.60712,33.3115],[73.59863,33.31805],[73.60078,33.32441],[73.60721,33.33333],[73.60178,33.33749],[73.59888,33.33971],[73.59542,33.33958],[73.58945,33.33934],[73.58871,33.33931],[73.58472,33.33916],[73.57954,33.35123],[73.57441,33.3632],[73.57054,33.37222],[73.57056,33.37304],[73.57083,33.38333],[73.57471,33.39181],[73.57527,33.39305],[73.57779,33.39728],[73.58055,33.40193],[73.59259,33.41442],[73.59582,33.41777],[73.59444,33.42944],[73.59721,33.43915],[73.60219,33.44197],[73.60803,33.44527],[73.61304,33.4471],[73.62248,33.45054],[73.62665,33.45972],[73.62647,33.46025],[73.62589,33.46204],[73.62561,33.46291],[73.62303,33.47083],[73.6147,33.47999],[73.61058,33.48771],[73.60832,33.49194],[73.60913,33.49742],[73.61137,33.51277],[73.6136,33.51516],[73.61914,33.5211],[73.6242,33.52324],[73.63165,33.52638],[73.63065,33.53137],[73.62942,33.5375],[73.62614,33.54292],[73.62303,33.54805],[73.62316,33.55322],[73.6233,33.55916],[73.62692,33.56889],[73.61971,33.57888],[73.61054,33.58582],[73.6064,33.59052],[73.60248,33.59499],[73.5986,33.60694],[73.59322,33.6115],[73.58943,33.61472],[73.56888,33.62416],[73.57167,33.63446],[73.57609,33.64333],[73.57277,33.65388],[73.57327,33.65859],[73.57342,33.66002],[73.57388,33.66444],[73.57528,33.66579],[73.58166,33.67194],[73.59193,33.67944],[73.5931,33.68138],[73.59496,33.68447],[73.59537,33.68506],[73.59545,33.68519],[73.59694,33.68777],[73.59888,33.6986],[73.59913,33.70907],[73.59943,33.72166],[73.59721,33.7336],[73.59513,33.73949],[73.5927,33.74635],[73.59248,33.74694],[73.58305,33.76066],[73.58117,33.76338],[73.57766,33.76849],[73.57165,33.77721],[73.57024,33.78051],[73.56666,33.78889],[73.56609,33.8],[73.56721,33.8111],[73.56814,33.8136],[73.57083,33.82083],[73.57144,33.82414],[73.57186,33.82643],[73.57194,33.82686],[73.57229,33.82876],[73.57277,33.83138],[73.57396,33.83555],[73.57555,33.8411],[73.57817,33.84849],[73.58157,33.85828],[73.58219,33.86004],[73.58276,33.86166],[73.58286,33.86214],[73.58472,33.87138],[73.58554,33.88193],[73.5836,33.89444],[73.581,33.89941],[73.57777,33.90555],[73.5742,33.90961],[73.57336,33.91056],[73.56972,33.91471],[73.56598,33.9206],[73.56248,33.9261],[73.54963,33.93971],[73.54295,33.94658],[73.5398,33.95011],[73.53871,33.95126],[73.53255,33.96788],[73.52992,33.97589],[73.52916,33.97804],[73.52177,33.99138],[73.51997,33.99463],[73.51639,34.00111],[73.51398,34.01124],[73.51201,34.01767],[73.51129,34.01759],[73.50671,34.01748],[73.5043,34.01748],[73.50322,34.01725],[73.5023,34.01699],[73.50089,34.01715]]],[[[69.55419,28.12376],[69.55875,28.12647],[69.55927,28.12678],[69.56238,28.13004],[69.5643,28.13442],[69.56514,28.1382],[69.56516,28.14218],[69.56396,28.14633],[69.56236,28.15157],[69.56237,28.15428],[69.56319,28.15644],[69.56444,28.15986],[69.5667,28.16364],[69.56692,28.16671],[69.56798,28.17356],[69.56984,28.17861],[69.57497,28.18508],[69.58031,28.1921],[69.58176,28.19606],[69.58176,28.19751],[69.58177,28.19823],[69.58056,28.20004],[69.57762,28.20127],[69.57253,28.20255],[69.56072,28.20531],[69.55156,28.20751],[69.54667,28.20807],[69.53994,28.20828],[69.53627,28.20938],[69.53303,28.2121],[69.531,28.21482],[69.5296,28.22114],[69.52779,28.22548],[69.52536,28.22982],[69.52191,28.23344],[69.51907,28.23724],[69.51461,28.24078],[69.51359,28.24159],[69.50707,28.2445],[69.50198,28.24705],[69.49772,28.25068],[69.49182,28.25521],[69.48796,28.25865],[69.48206,28.26174],[69.4772,28.26391],[69.47514,28.26483],[69.4759,28.26091],[69.47731,28.25784],[69.47953,28.25205],[69.48032,28.24563],[69.4803,28.24274],[69.47864,28.23517],[69.47555,28.22868],[69.47144,28.2222],[69.46796,28.21752],[69.46692,28.21391],[69.46671,28.21139],[69.46893,28.20867],[69.47443,28.2054],[69.47924,28.20371],[69.48277,28.20249],[69.4905,28.19831],[69.49641,28.19576],[69.50392,28.1905],[69.50825,28.1871],[69.51068,28.18474],[69.51311,28.18221],[69.51412,28.17896],[69.51613,28.17353],[69.51836,28.17136],[69.52467,28.16953],[69.52609,28.16808],[69.5273,28.16375],[69.52765,28.15292],[69.52819,28.13848],[69.52938,28.13234],[69.53323,28.12727],[69.5377,28.12418],[69.54278,28.12254],[69.5491,28.12251],[69.55419,28.12376]]],[[[69.59804,28.34797],[69.58804,28.34928],[69.58506,28.35099],[69.58344,28.35316],[69.58224,28.35696],[69.58124,28.36166],[69.57922,28.36726],[69.57657,28.37104],[69.56585,28.38627],[69.55915,28.39514],[69.55569,28.3966],[69.55201,28.39626],[69.54853,28.39591],[69.53994,28.39342],[69.53502,28.39055],[69.53358,28.38875],[69.53337,28.38797],[69.53273,28.38549],[69.53253,28.38316],[69.53354,28.38081],[69.53739,28.37465],[69.53941,28.37122],[69.54063,28.36923],[69.54307,28.36687],[69.54632,28.36343],[69.54996,28.35764],[69.55341,28.35239],[69.55645,28.34696],[69.56144,28.33762],[69.56312,28.33448],[69.56595,28.32905],[69.57346,28.31568],[69.57569,28.31081],[69.57933,28.30484],[69.58379,28.29959],[69.58866,28.29451],[69.59169,28.28836],[69.59429,28.28005],[69.59528,28.27318],[69.59585,28.2665],[69.59621,28.25721],[69.5972,28.25107],[69.59725,28.24521],[69.5973,28.24469],[69.59779,28.24425],[69.59886,28.24125],[69.60046,28.23493],[69.60204,28.22752],[69.60345,28.22301],[69.60445,28.22047],[69.60567,28.22029],[69.60751,28.22082],[69.6112,28.22369],[69.61631,28.22583],[69.62305,28.22671],[69.62937,28.22649],[69.6327,28.22613],[69.63976,28.22536],[69.64954,28.22369],[69.65627,28.22203],[69.66258,28.22056],[69.66371,28.22072],[69.66483,28.22091],[69.66891,28.22251],[69.67219,28.2243],[69.67365,28.22916],[69.67368,28.23331],[69.67066,28.24055],[69.67008,28.24597],[69.67256,28.2501],[69.67727,28.25243],[69.68423,28.25564],[69.6875,28.25761],[69.69405,28.2592],[69.6971,28.25846],[69.70197,28.25519],[69.70563,28.253],[69.70806,28.25046],[69.70988,28.24738],[69.7123,28.24394],[69.71452,28.24068],[69.71838,28.23777],[69.72244,28.23576],[69.72876,28.23446],[69.73277,28.23466],[69.73808,28.23662],[69.74322,28.24128],[69.74735,28.24921],[69.74971,28.26435],[69.75024,28.27855],[69.75071,28.28114],[69.75318,28.29284],[69.75549,28.29893],[69.75799,28.30523],[69.75802,28.3092],[69.75783,28.31155],[69.75621,28.31264],[69.75152,28.31357],[69.74947,28.31322],[69.74579,28.31216],[69.74088,28.30966],[69.7337,28.30465],[69.72712,28.29891],[69.72363,28.29532],[69.71891,28.293],[69.71442,28.29212],[69.70789,28.29215],[69.70259,28.29381],[69.6963,28.29926],[69.69266,28.30342],[69.68562,28.31253],[69.67894,28.32069],[69.67689,28.32276],[69.67427,28.3254],[69.67002,28.33084],[69.66922,28.33145],[69.66148,28.33738],[69.65077,28.34561],[69.6499,28.34628],[69.6387,28.35193],[69.63544,28.35285],[69.63156,28.35305],[69.62707,28.35235],[69.61929,28.34968],[69.61356,28.34808],[69.60458,28.34758],[69.59804,28.34797]]]]}},{"type":"Feature","properties":{"adm1_name":"Sindh","adm1_name1":null,"adm1_name2":null,"adm1_name3":null,"adm1_pcode":"PK7","adm0_name":"Pakistan","adm0_name1":null,"adm0_name2":null,"adm0_name3":null,"adm0_pcode":"PK","valid_on":"2022-09-09","valid_to":null,"area_sqkm":141028.29025662,"cod_version":"V_01","lang":"en","lang1":null,"lang2":null,"lang3":null,"adm1_ref_name":"Sindh","center_lat":26.13399506,"center_lon":68.75576081,"pop_2023":55696147,"pop_density":394.9},"geometry":{"type":"MultiPolygon","coordinates":[[[[69.61001,28.44884],[69.61542,28.45442],[69.62058,28.45958],[69.625,28.46301],[69.62599,28.46495],[69.626,28.46624],[69.62454,28.46754],[69.61502,28.46953],[69.59573,28.47285],[69.57864,28.47552],[69.56831,28.47629],[69.56471,28.47666],[69.53838,28.48159],[69.52128,28.48446],[69.51199,28.48493],[69.50442,28.48496],[69.48486,28.48417],[69.47556,28.48376],[69.46945,28.48271],[69.46284,28.48057],[69.45684,28.47928],[69.4467,28.47782],[69.43716,28.47526],[69.43348,28.47376],[69.43103,28.47248],[69.42883,28.47011],[69.4271,28.46666],[69.42488,28.46149],[69.42119,28.45503],[69.41849,28.45137],[69.41816,28.45101],[69.41653,28.44922],[69.41359,28.44815],[69.40434,28.44733],[69.39406,28.44642],[69.37769,28.4456],[69.36376,28.44564],[69.3447,28.44612],[69.32255,28.44617],[69.31587,28.44618],[69.29437,28.44601],[69.28485,28.44613],[69.27507,28.44626],[69.26418,28.44562],[69.25616,28.44516],[69.24606,28.44456],[69.2309,28.44459],[69.217,28.4446],[69.21511,28.44462],[69.20499,28.4442],[69.1953,28.44378],[69.18793,28.44351],[69.1749,28.44259],[69.16289,28.44163],[69.14414,28.44095],[69.12801,28.44062],[69.1275,28.44061],[69.11655,28.43983],[69.10431,28.43812],[69.09525,28.4375],[69.08746,28.43722],[69.08155,28.43656],[69.07163,28.43538],[69.06918,28.43508],[69.06615,28.4347],[69.05522,28.43446],[69.0371,28.43338],[69.01814,28.43231],[69.00972,28.43186],[69.00129,28.43122],[68.99122,28.43121],[68.98676,28.4312],[68.96402,28.43054],[68.94612,28.43001],[68.92949,28.42945],[68.92007,28.43022],[68.91314,28.43045],[68.90727,28.43097],[68.8995,28.43147],[68.89153,28.43196],[68.88446,28.432],[68.86973,28.43181],[68.85847,28.43123],[68.84885,28.43065],[68.83953,28.4307],[68.83559,28.43072],[68.8339,28.43072],[68.83124,28.43074],[68.82633,28.43076],[68.81354,28.43109],[68.79764,28.43138],[68.78407,28.43069],[68.76964,28.43003],[68.75715,28.42981],[68.7462,28.42995],[68.73032,28.43014],[68.72421,28.43022],[68.72275,28.4302],[68.70855,28.43001],[68.69555,28.42997],[68.67775,28.4303],[68.66599,28.43042],[68.64521,28.43068],[68.63801,28.43054],[68.62975,28.43046],[68.60909,28.43052],[68.58866,28.43085],[68.57511,28.4308],[68.55505,28.43131],[68.53756,28.43153],[68.52674,28.43129],[68.52253,28.4313],[68.51784,28.4314],[68.50466,28.43163],[68.50371,28.43164],[68.49133,28.43137],[68.47919,28.43166],[68.47069,28.43147],[68.4671,28.43118],[68.46463,28.43013],[68.4585,28.42569],[68.4482,28.41861],[68.43421,28.40901],[68.42304,28.40147],[68.41286,28.3945],[68.40913,28.39124],[68.40523,28.38762],[68.4038,28.38539],[68.40176,28.38223],[68.39907,28.37576],[68.39366,28.36415],[68.38939,28.35499],[68.38872,28.35354],[68.38233,28.34027],[68.37873,28.33279],[68.37444,28.32385],[68.37274,28.32015],[68.36997,28.31414],[68.3681,28.30989],[68.36349,28.29996],[68.35912,28.29103],[68.35612,28.2872],[68.35344,28.28482],[68.35037,28.28287],[68.34665,28.2819],[68.33784,28.27971],[68.32351,28.27538],[68.32237,28.27504],[68.31123,28.2718],[68.30515,28.27017],[68.29379,28.26713],[68.28836,28.26557],[68.28289,28.264],[68.27138,28.26052],[68.25963,28.25682],[68.24761,28.25366],[68.23523,28.25016],[68.22508,28.24722],[68.21234,28.24348],[68.209,28.24252],[68.2077,28.24115],[68.20535,28.23981],[68.20338,28.23836],[68.19656,28.23329],[68.19009,28.22803],[68.18529,28.22432],[68.18303,28.2223],[68.17469,28.21586],[68.16888,28.21132],[68.16007,28.2043],[68.15439,28.19966],[68.14027,28.18863],[68.12778,28.17902],[68.11785,28.17128],[68.10871,28.16405],[68.09682,28.15475],[68.0901,28.1493],[68.08345,28.14391],[68.07378,28.13672],[68.06513,28.12974],[68.05415,28.12087],[68.04071,28.11044],[68.02969,28.10176],[68.02311,28.09679],[68.01967,28.0939],[68.01802,28.09228],[68.01778,28.09205],[68.0142,28.09006],[68.00937,28.08795],[67.99981,28.08442],[67.99243,28.08171],[67.98766,28.07994],[67.98507,28.07898],[67.97472,28.07525],[67.96968,28.07273],[67.96442,28.0696],[67.95978,28.06517],[67.9557,28.06055],[67.95131,28.05482],[67.94826,28.04993],[67.94418,28.04521],[67.94286,28.04377],[67.9419,28.04144],[67.94018,28.03818],[67.93569,28.03034],[67.93017,28.02046],[67.9257,28.01382],[67.92264,28.00943],[67.92066,28.00687],[67.91892,28.00422],[67.91775,28.00147],[67.91635,27.99862],[67.91437,27.99627],[67.91296,27.9943],[67.89445,27.99812],[67.88982,27.99956],[67.88249,28.00004],[67.87725,28.00017],[67.86889,27.99916],[67.86639,27.99839],[67.86572,27.99799],[67.8639,27.99706],[67.86058,27.99462],[67.85476,27.99121],[67.84704,27.98965],[67.8391,27.98827],[67.82822,27.98796],[67.81799,27.98674],[67.81239,27.98547],[67.80676,27.98337],[67.80074,27.98015],[67.79721,27.97788],[67.79437,27.97616],[67.79207,27.97133],[67.79044,27.96815],[67.78967,27.96313],[67.78913,27.95663],[67.78918,27.95348],[67.78857,27.95162],[67.78526,27.94954],[67.78194,27.94783],[67.78008,27.94596],[67.77759,27.94426],[67.77489,27.9433],[67.77259,27.94272],[67.7709,27.94362],[67.76985,27.94417],[67.76858,27.94527],[67.76501,27.94579],[67.76083,27.94574],[67.75185,27.94452],[67.74351,27.94295],[67.73203,27.94096],[67.72158,27.93991],[67.71015,27.93791],[67.70487,27.93786],[67.69297,27.93642],[67.68085,27.93516],[67.67068,27.93424],[67.66267,27.93314],[67.65673,27.93266],[67.64756,27.93123],[67.63461,27.92884],[67.61357,27.92548],[67.59469,27.92213],[67.57958,27.91925],[67.5768,27.91807],[67.56826,27.91446],[67.56071,27.91062],[67.55586,27.90679],[67.55209,27.902],[67.54939,27.90152],[67.54453,27.90295],[67.5386,27.90582],[67.5332,27.90677],[67.51865,27.90485],[67.50624,27.90292],[67.4933,27.90147],[67.48306,27.9005],[67.46796,27.89856],[67.4507,27.89614],[67.43884,27.89421],[67.4259,27.89275],[67.41997,27.89274],[67.41618,27.89513],[67.41456,27.89847],[67.41293,27.90182],[67.41185,27.90517],[67.40914,27.90803],[67.40428,27.90994],[67.39424,27.90968],[67.39275,27.88999],[67.38486,27.86487],[67.37226,27.84185],[67.36045,27.81533],[67.35471,27.79592],[67.35705,27.768],[67.35154,27.74917],[67.34112,27.7317],[67.33739,27.72545],[67.30992,27.69894],[67.2964,27.69024],[67.2699,27.67172],[67.25421,27.65846],[67.24873,27.64799],[67.24326,27.62288],[67.23611,27.59443],[67.22908,27.5749],[67.22047,27.56303],[67.2048,27.55325],[67.19462,27.54627],[67.18679,27.53998],[67.18288,27.5323],[67.17795,27.4911],[67.17746,27.48696],[67.17516,27.4472],[67.1674,27.40325],[67.16431,27.37046],[67.16112,27.35446],[67.14863,27.34119],[67.13692,27.32723],[67.13138,27.31673],[67.12991,27.31397],[67.12604,27.29583],[67.12605,27.28607],[67.12686,27.27003],[67.13395,27.24075],[67.14417,27.19753],[67.15189,27.15589],[67.15662,27.11964],[67.15822,27.09454],[67.16061,27.06596],[67.15363,27.04156],[67.1451,27.01227],[67.13889,26.99623],[67.1389,26.98995],[67.13891,26.98438],[67.14127,26.97462],[67.14597,26.95636],[67.14313,26.95291],[67.13928,26.9462],[67.13727,26.93849],[67.13338,26.94035],[67.13358,26.91552],[67.13377,26.87803],[67.13712,26.84431],[67.13968,26.82239],[67.14479,26.77855],[67.14655,26.76843],[67.1446,26.76255],[67.13985,26.75755],[67.13411,26.74918],[67.13029,26.74417],[67.12647,26.73831],[67.1265,26.71967],[67.13023,26.69039],[67.13297,26.67209],[67.13308,26.66325],[67.12379,26.6531],[67.12872,26.63572],[67.13103,26.61992],[67.13844,26.59937],[67.14381,26.5736],[67.15108,26.54605],[67.15784,26.52609],[67.16344,26.51316],[67.17331,26.48557],[67.17758,26.4715],[67.18264,26.46441],[67.18964,26.4573],[67.19797,26.45133],[67.2037,26.44599],[67.20749,26.44009],[67.21375,26.42832],[67.22516,26.41471],[67.23729,26.39295],[67.24606,26.37704],[67.25674,26.35995],[67.26556,26.34696],[67.27303,26.33167],[67.28047,26.3152],[67.28732,26.30167],[67.29609,26.28635],[67.30798,26.26631],[67.32163,26.2369],[67.32844,26.22162],[67.33787,26.20804],[67.34334,26.19102],[67.34567,26.17873],[67.35077,26.16529],[67.3545,26.15822],[67.3595,26.14997],[67.36463,26.14755],[67.37235,26.14566],[67.37811,26.14265],[67.38768,26.13606],[67.39082,26.13193],[67.39392,26.12545],[67.39822,26.11488],[67.40635,26.1019],[67.41315,26.08719],[67.42204,26.08004],[67.42642,26.07296],[67.42756,26.06594],[67.42677,26.05954],[67.4193,26.04275],[67.41718,26.03462],[67.41557,26.01948],[67.41344,26.01077],[67.40977,25.99042],[67.40529,25.9625],[67.40559,25.94617],[67.40383,25.92583],[67.40411,25.90833],[67.40244,25.89086],[67.39904,25.88275],[67.39957,25.87749],[67.40131,25.86813],[67.40494,25.85699],[67.41103,25.84056],[67.41464,25.82825],[67.41314,25.81836],[67.41099,25.80849],[67.40291,25.7923],[67.4021,25.79137],[67.39299,25.78081],[67.37983,25.76822],[67.36857,25.75383],[67.35797,25.74002],[67.34668,25.72389],[67.33714,25.70605],[67.33373,25.69737],[67.33291,25.68863],[67.32668,25.66776],[67.32115,25.64919],[67.32097,25.64045],[67.31613,25.62421],[67.31136,25.61089],[67.30003,25.59184],[67.29212,25.58265],[67.28042,25.57643],[67.26292,25.56973],[67.25705,25.56574],[67.2563,25.56051],[67.25549,25.55237],[67.25533,25.54421],[67.24996,25.53264],[67.24399,25.52341],[67.23158,25.51371],[67.21928,25.50866],[67.20957,25.50532],[67.2011,25.49963],[67.19314,25.48635],[67.18816,25.47483],[67.17313,25.46166],[67.16332,25.45249],[67.16064,25.4467],[67.16035,25.43156],[67.16076,25.41874],[67.16224,25.39541],[67.15884,25.38497],[67.15351,25.37515],[67.14236,25.36251],[67.13906,25.35732],[67.1383,25.35092],[67.13561,25.34455],[67.13546,25.3364],[67.1358,25.32904],[67.13462,25.31691],[67.13581,25.31636],[67.13781,25.31524],[67.13696,25.31473],[67.13229,25.31173],[67.12609,25.30622],[67.12089,25.30002],[67.11369,25.28656],[67.11105,25.27957],[67.11023,25.27551],[67.11066,25.27177],[67.11018,25.26714],[67.10651,25.26272],[67.10154,25.25912],[67.09817,25.25529],[67.09614,25.24917],[67.09444,25.24707],[67.08972,25.24121],[67.08262,25.23497],[67.07515,25.23016],[67.06989,25.22598],[67.06827,25.22501],[67.0593,25.21964],[67.04808,25.21299],[67.04138,25.20966],[67.03549,25.20546],[67.03182,25.20103],[67.02946,25.19549],[67.02704,25.19155],[67.02585,25.18962],[67.01829,25.17817],[67.01196,25.1679],[67.00833,25.16232],[67.00699,25.15508],[67.00624,25.14871],[67.0041,25.13654],[67.00341,25.12706],[67.00621,25.11906],[67.00908,25.10905],[67.00953,25.10502],[67.00776,25.10094],[67.00507,25.09781],[67.00012,25.09208],[66.99152,25.08348],[66.98075,25.07367],[66.97283,25.06393],[66.96148,25.05266],[66.94894,25.04086],[66.93824,25.02936],[66.9231,25.01765],[66.91594,25.0137],[66.90525,25.0111],[66.88853,25.00889],[66.88124,25.00738],[66.87249,25.00556],[66.85739,25.00253],[66.84585,24.9973],[66.83868,24.99364],[66.83066,24.98764],[66.82233,24.98134],[66.81141,24.97642],[66.80141,24.97238],[66.78983,24.96858],[66.78407,24.96533],[66.77264,24.95692],[66.76192,24.9468],[66.75182,24.93699],[66.74137,24.92803],[66.73209,24.9217],[66.72224,24.91392],[66.71488,24.90735],[66.70786,24.90022],[66.70295,24.89269],[66.70856,24.89522],[66.71261,24.89484],[66.71555,24.89256],[66.72142,24.89424],[66.72199,24.89176],[66.71176,24.88009],[66.70311,24.87914],[66.69473,24.88217],[66.68992,24.87739],[66.68648,24.87637],[66.68427,24.87572],[66.65956,24.85076],[66.65822,24.84006],[66.65191,24.83313],[66.65139,24.82935],[66.65754,24.82499],[66.67167,24.82115],[66.67472,24.82121],[66.68333,24.82138],[66.69261,24.8234],[66.71622,24.83244],[66.72881,24.83228],[66.73423,24.83875],[66.7514,24.84357],[66.7562,24.84375],[66.76792,24.8373],[66.77299,24.83644],[66.78935,24.83893],[66.80373,24.83597],[66.81082,24.83451],[66.81906,24.83439],[66.82241,24.83619],[66.82889,24.84499],[66.83463,24.84958],[66.83668,24.85037],[66.8515,24.85605],[66.86199,24.85685],[66.87032,24.85486],[66.89632,24.84098],[66.91986,24.83076],[66.92467,24.8276],[66.97918,24.79175],[66.98152,24.79481],[66.96838,24.80891],[66.95782,24.82586],[66.93906,24.83626],[66.936,24.8372],[66.9342,24.83775],[66.92348,24.83695],[66.9186,24.83865],[66.91216,24.84468],[66.91196,24.84948],[66.91254,24.85201],[66.91904,24.85496],[66.93771,24.85688],[66.95378,24.86101],[66.95792,24.86053],[66.96101,24.85793],[66.964,24.85198],[66.96909,24.85091],[66.97142,24.85517],[66.97529,24.85572],[66.97836,24.85855],[66.9794,24.85838],[66.98251,24.85786],[66.98311,24.85475],[66.97959,24.85128],[66.97894,24.85063],[66.96866,24.84484],[66.96538,24.84138],[66.96265,24.82499],[66.96344,24.82272],[66.96637,24.82366],[66.96821,24.82647],[66.96959,24.82858],[66.97363,24.8306],[66.97498,24.82564],[66.97215,24.81698],[66.97585,24.81085],[66.98002,24.80953],[66.98232,24.81463],[66.9861,24.81685],[66.99229,24.81665],[66.99387,24.81641],[66.99459,24.8161],[66.99534,24.81595],[66.99604,24.81578],[67.02169,24.8083],[67.02662,24.80534],[67.02757,24.80432],[67.04961,24.78068],[67.05669,24.7755],[67.06131,24.77315],[67.08707,24.76002],[67.09313,24.75694],[67.09657,24.75664],[67.09988,24.75968],[67.10104,24.76452],[67.09901,24.76925],[67.0899,24.77415],[67.08783,24.77972],[67.09143,24.78653],[67.09074,24.79214],[67.09328,24.79139],[67.09903,24.7799],[67.1023,24.77814],[67.10444,24.78719],[67.10294,24.79549],[67.10491,24.79765],[67.10882,24.79716],[67.11793,24.7816],[67.12239,24.77883],[67.12921,24.7797],[67.13385,24.78361],[67.13521,24.78372],[67.1384,24.78398],[67.14906,24.79165],[67.15469,24.79373],[67.15997,24.79328],[67.16304,24.79088],[67.16351,24.79001],[67.16873,24.78043],[67.17397,24.78103],[67.17562,24.78185],[67.17754,24.78282],[67.18304,24.7828],[67.1857,24.78477],[67.1889,24.7901],[67.1916,24.79144],[67.19498,24.79803],[67.20284,24.80164],[67.20955,24.8109],[67.20998,24.81149],[67.21378,24.8137],[67.21993,24.81412],[67.22345,24.81194],[67.2235,24.81076],[67.22365,24.80715],[67.22648,24.80495],[67.23544,24.804],[67.23804,24.80179],[67.23959,24.79745],[67.24499,24.79409],[67.24644,24.79184],[67.24496,24.78908],[67.24558,24.78492],[67.24859,24.78419],[67.26179,24.78962],[67.27464,24.79028],[67.29916,24.78296],[67.32459,24.77566],[67.32492,24.77316],[67.32911,24.77142],[67.32957,24.77123],[67.3355,24.77164],[67.34526,24.77906],[67.35026,24.77985],[67.36452,24.7776],[67.36795,24.77941],[67.3755,24.78339],[67.38054,24.78293],[67.39061,24.77678],[67.39659,24.77594],[67.40018,24.77772],[67.40858,24.77925],[67.42368,24.77306],[67.42822,24.77362],[67.4439,24.78185],[67.44914,24.78223],[67.46088,24.7801],[67.46373,24.77748],[67.46315,24.77475],[67.45935,24.77254],[67.4597,24.76942],[67.46937,24.76179],[67.47086,24.7585],[67.46807,24.75382],[67.46576,24.75458],[67.46201,24.75696],[67.46059,24.76402],[67.45625,24.76993],[67.45613,24.77306],[67.45281,24.77608],[67.44276,24.77597],[67.43353,24.77254],[67.43356,24.7715],[67.42657,24.76898],[67.40971,24.77365],[67.39793,24.77097],[67.39336,24.77103],[67.38057,24.77646],[67.37441,24.77605],[67.36483,24.76989],[67.35461,24.7683],[67.34933,24.76291],[67.35089,24.75231],[67.34956,24.74579],[67.35152,24.74231],[67.35593,24.74057],[67.35771,24.73604],[67.36517,24.73211],[67.36839,24.72616],[67.37143,24.72417],[67.38213,24.72536],[67.38517,24.72337],[67.38722,24.71759],[67.39136,24.7171],[67.39279,24.71548],[67.39146,24.70854],[67.39322,24.70463],[67.40411,24.7006],[67.41547,24.70201],[67.42883,24.69953],[67.43253,24.69818],[67.43587,24.69432],[67.43628,24.68995],[67.43439,24.68572],[67.42027,24.67274],[67.4315,24.66015],[67.43805,24.65598],[67.44156,24.64795],[67.44386,24.64761],[67.4504,24.65688],[67.4523,24.65957],[67.45321,24.65376],[67.44653,24.64331],[67.44048,24.6404],[67.43408,24.64061],[67.41939,24.6487],[67.41434,24.64937],[67.41218,24.64032],[67.40688,24.63577],[67.39889,24.63571],[67.39012,24.63814],[67.38374,24.63772],[67.38088,24.63492],[67.3799,24.61944],[67.37671,24.61349],[67.37099,24.60808],[67.36605,24.60583],[67.35589,24.60884],[67.34979,24.60717],[67.34099,24.59895],[67.33813,24.59051],[67.33683,24.58879],[67.3332,24.58825],[67.32307,24.59063],[67.32157,24.58808],[67.32389,24.58148],[67.32348,24.57955],[67.32331,24.57874],[67.32024,24.57572],[67.31546,24.57535],[67.30509,24.58356],[67.30055,24.583],[67.29901,24.58148],[67.29964,24.57712],[67.31521,24.55885],[67.3146,24.55695],[67.30553,24.5556],[67.30402,24.55326],[67.30547,24.55143],[67.30911,24.55155],[67.31519,24.55363],[67.32335,24.5491],[67.33609,24.54994],[67.35209,24.55506],[67.36099,24.56057],[67.36749,24.56371],[67.38338,24.57738],[67.40044,24.58441],[67.40709,24.58943],[67.41711,24.59017],[67.43719,24.57809],[67.43961,24.57462],[67.43858,24.57187],[67.43236,24.57334],[67.41821,24.58541],[67.41363,24.58567],[67.40896,24.5826],[67.39787,24.58015],[67.38066,24.57103],[67.35706,24.55042],[67.35519,24.54598],[67.35786,24.54189],[67.36835,24.53597],[67.37359,24.53615],[67.37486,24.53869],[67.37285,24.54343],[67.37352,24.54436],[67.37393,24.54493],[67.37666,24.54502],[67.38001,24.54116],[67.38387,24.54149],[67.38913,24.54709],[67.39151,24.54446],[67.39528,24.54729],[67.39872,24.54678],[67.40157,24.54395],[67.40198,24.53937],[67.40134,24.53246],[67.39754,24.52461],[67.39532,24.52287],[67.39095,24.52398],[67.38015,24.53177],[67.376,24.53288],[67.37017,24.5304],[67.35529,24.50277],[67.35661,24.49259],[67.35548,24.49124],[67.35139,24.48636],[67.35233,24.47971],[67.34685,24.47431],[67.33961,24.47282],[67.33576,24.48355],[67.33065,24.48609],[67.32818,24.48518],[67.32632,24.4801],[67.32828,24.4712],[67.32578,24.46527],[67.32152,24.46346],[67.31308,24.46359],[67.30994,24.46224],[67.30939,24.45888],[67.3122,24.45688],[67.31748,24.45602],[67.3227,24.45661],[67.32852,24.4593],[67.34243,24.45914],[67.35083,24.46367],[67.35314,24.46492],[67.35904,24.46574],[67.37429,24.47209],[67.38249,24.48384],[67.38866,24.48926],[67.39957,24.49003],[67.40219,24.49304],[67.4021,24.50117],[67.39994,24.50403],[67.39487,24.50532],[67.39111,24.51418],[67.39194,24.51608],[67.39581,24.51642],[67.3982,24.51336],[67.4025,24.51413],[67.41203,24.52154],[67.41312,24.51698],[67.40532,24.51213],[67.40395,24.50645],[67.40791,24.4926],[67.41547,24.48596],[67.41769,24.4758],[67.4213,24.4707],[67.42646,24.47295],[67.42803,24.47927],[67.436,24.47973],[67.43721,24.47789],[67.43504,24.47511],[67.43496,24.47114],[67.44065,24.46548],[67.4446,24.46373],[67.45501,24.46553],[67.454,24.46216],[67.45043,24.46016],[67.44336,24.46035],[67.43513,24.46676],[67.43148,24.46685],[67.42702,24.4642],[67.42178,24.46445],[67.41849,24.46685],[67.41319,24.47983],[67.40779,24.48404],[67.40093,24.48444],[67.39504,24.48341],[67.38744,24.47982],[67.38011,24.46894],[67.36037,24.46078],[67.36111,24.45955],[67.3695,24.46066],[67.37615,24.45942],[67.38342,24.45444],[67.38422,24.45154],[67.38186,24.4477],[67.37167,24.44007],[67.37067,24.43669],[67.37533,24.43413],[67.38127,24.43934],[67.38822,24.44228],[67.38866,24.44855],[67.3902,24.45007],[67.39317,24.44975],[67.39523,24.44397],[67.39581,24.44065],[67.39836,24.43948],[67.40883,24.43982],[67.43449,24.44232],[67.44042,24.43604],[67.44546,24.43558],[67.45345,24.42937],[67.45982,24.42937],[67.46927,24.43259],[67.47209,24.43039],[67.47268,24.42686],[67.4705,24.42449],[67.46461,24.42347],[67.45657,24.42509],[67.45197,24.4264],[67.44469,24.4318],[67.43333,24.43686],[67.42464,24.43762],[67.41692,24.43674],[67.40614,24.43284],[67.40305,24.43024],[67.40022,24.42702],[67.39838,24.42153],[67.39029,24.41855],[67.38591,24.41402],[67.37346,24.40631],[67.36569,24.40689],[67.35705,24.40076],[67.34908,24.4005],[67.3469,24.39813],[67.34778,24.39315],[67.35065,24.3897],[67.36052,24.38773],[67.36263,24.39218],[67.37562,24.39782],[67.3874,24.39946],[67.39836,24.39878],[67.40137,24.39713],[67.40627,24.39444],[67.40944,24.39496],[67.41579,24.40143],[67.41891,24.39757],[67.41755,24.39147],[67.41964,24.3905],[67.42779,24.3918],[67.42876,24.37848],[67.42955,24.36995],[67.42831,24.36093],[67.42286,24.36034],[67.41939,24.36189],[67.41814,24.36457],[67.42317,24.37579],[67.42222,24.38265],[67.41775,24.38647],[67.40546,24.39191],[67.39791,24.39271],[67.38743,24.39278],[67.37636,24.39054],[67.36903,24.38571],[67.36361,24.37864],[67.36202,24.37275],[67.36463,24.36428],[67.36902,24.35712],[67.36652,24.35098],[67.36961,24.34774],[67.39668,24.3311],[67.40337,24.32881],[67.41112,24.32865],[67.41724,24.32927],[67.42096,24.33314],[67.42593,24.33414],[67.42461,24.32721],[67.42738,24.32626],[67.43187,24.32765],[67.43443,24.32272],[67.438,24.32243],[67.44846,24.34009],[67.45658,24.34223],[67.45798,24.34123],[67.46091,24.33611],[67.46647,24.33378],[67.47565,24.32573],[67.48724,24.32631],[67.49388,24.33737],[67.49998,24.33861],[67.50634,24.34487],[67.50858,24.34598],[67.51243,24.35257],[67.51633,24.35186],[67.52546,24.33921],[67.52905,24.33453],[67.52513,24.32981],[67.51809,24.34127],[67.51463,24.34242],[67.50509,24.33606],[67.49635,24.33223],[67.4906,24.32183],[67.48214,24.32281],[67.47376,24.3217],[67.46624,24.32793],[67.45873,24.32769],[67.45239,24.3327],[67.449,24.33217],[67.44643,24.32207],[67.44211,24.31609],[67.4348,24.31669],[67.4333,24.31734],[67.42809,24.3196],[67.42013,24.31934],[67.41501,24.31646],[67.41088,24.31132],[67.4063,24.31221],[67.40047,24.32141],[67.37373,24.33577],[67.3509,24.34295],[67.34658,24.34281],[67.34393,24.34084],[67.33882,24.33754],[67.33857,24.33232],[67.34133,24.3282],[67.35938,24.30128],[67.36214,24.29449],[67.35957,24.29065],[67.3547,24.29299],[67.34311,24.30408],[67.34019,24.30879],[67.3385,24.32272],[67.3341,24.33029],[67.32986,24.33391],[67.32532,24.33355],[67.31637,24.3297],[67.31444,24.32672],[67.3154,24.32529],[67.32088,24.32484],[67.32259,24.32219],[67.32176,24.31986],[67.31626,24.31509],[67.30671,24.31498],[67.30181,24.3121],[67.29723,24.30736],[67.29543,24.30104],[67.29736,24.29818],[67.30189,24.30459],[67.30441,24.30426],[67.30632,24.30182],[67.30377,24.29151],[67.2998,24.28845],[67.29992,24.28553],[67.30521,24.27841],[67.30843,24.2662],[67.31282,24.25863],[67.32588,24.24487],[67.32886,24.24434],[67.33099,24.24796],[67.3305,24.25057],[67.33013,24.25252],[67.33411,24.25537],[67.33796,24.25591],[67.3434,24.26215],[67.35189,24.27766],[67.35847,24.28372],[67.36317,24.28576],[67.36922,24.28514],[67.37506,24.27863],[67.37897,24.27772],[67.39338,24.28737],[67.39568,24.28662],[67.39811,24.28273],[67.38142,24.27321],[67.3755,24.27343],[67.36852,24.27717],[67.36555,24.27655],[67.3613,24.27568],[67.35102,24.26511],[67.34894,24.26024],[67.35008,24.25423],[67.35098,24.25382],[67.37395,24.24333],[67.38559,24.24225],[67.3972,24.242],[67.4091,24.23425],[67.41434,24.23401],[67.41915,24.22749],[67.41982,24.21784],[67.42116,24.2167],[67.42501,24.21704],[67.42828,24.22653],[67.42774,24.23015],[67.42645,24.23878],[67.42727,24.24695],[67.43166,24.24718],[67.43255,24.2431],[67.43295,24.24129],[67.43121,24.22141],[67.42815,24.21255],[67.42075,24.2098],[67.41684,24.21093],[67.41517,24.21296],[67.41516,24.22088],[67.41516,24.22485],[67.41248,24.22956],[67.40701,24.2296],[67.40163,24.23339],[67.38834,24.23587],[67.36253,24.23857],[67.3596,24.23785],[67.36122,24.23143],[67.35057,24.23609],[67.34196,24.23518],[67.33917,24.2302],[67.33707,24.22646],[67.3388,24.22318],[67.34511,24.219],[67.34567,24.2161],[67.34416,24.21417],[67.33633,24.21642],[67.33461,24.21407],[67.33437,24.20884],[67.33753,24.20352],[67.33944,24.19544],[67.34352,24.18995],[67.35091,24.18706],[67.35449,24.1828],[67.35118,24.18039],[67.3402,24.18191],[67.33685,24.18054],[67.33474,24.1763],[67.33443,24.17253],[67.33817,24.16452],[67.34533,24.15578],[67.35172,24.15537],[67.35516,24.15444],[67.35635,24.14717],[67.36063,24.14252],[67.36947,24.13738],[67.38284,24.1326],[67.39909,24.12938],[67.41457,24.12885],[67.42286,24.13204],[67.42451,24.13021],[67.42506,24.12814],[67.42068,24.12383],[67.41183,24.12333],[67.37217,24.13225],[67.36262,24.13236],[67.3625,24.11796],[67.36595,24.11118],[67.36533,24.1097],[67.36475,24.10718],[67.36905,24.10169],[67.36896,24.0925],[67.37098,24.08735],[67.37592,24.08293],[67.37937,24.08179],[67.38488,24.0803],[67.38792,24.07247],[67.39497,24.06623],[67.39554,24.06333],[67.39379,24.06161],[67.38969,24.0621],[67.38148,24.06871],[67.37852,24.06861],[67.37796,24.06568],[67.38139,24.05911],[67.39206,24.04778],[67.3969,24.04606],[67.40142,24.04642],[67.40457,24.07051],[67.40503,24.07637],[67.40882,24.08401],[67.42315,24.09532],[67.4337,24.11027],[67.44308,24.12017],[67.44649,24.12028],[67.4489,24.11681],[67.44656,24.11277],[67.43762,24.10873],[67.43525,24.10552],[67.43311,24.09627],[67.42829,24.09152],[67.41842,24.08828],[67.41805,24.08618],[67.42089,24.08315],[67.43014,24.07907],[67.43803,24.06363],[67.43534,24.06118],[67.42434,24.05864],[67.41,24.0421],[67.4092,24.03916],[67.40919,24.03373],[67.42175,24.00243],[67.40831,24.0],[67.41013,23.99758],[67.4157,23.99475],[67.4329,23.99518],[67.43572,23.9925],[67.43652,23.99069],[67.43477,23.98285],[67.42824,23.97627],[67.42739,23.9712],[67.42122,23.96096],[67.41982,23.94969],[67.42245,23.94495],[67.42798,23.94371],[67.47754,23.97087],[67.48309,23.97287],[67.48455,23.9734],[67.48642,23.97407],[67.49268,23.97331],[67.50076,23.96985],[67.50437,23.96604],[67.50148,23.96253],[67.49429,23.9612],[67.48888,23.95855],[67.4869,23.95619],[67.47901,23.94684],[67.46902,23.94704],[67.46609,23.94536],[67.46598,23.94213],[67.46951,23.93926],[67.4812,23.94024],[67.48553,23.93737],[67.48848,23.93034],[67.48673,23.92227],[67.49097,23.9139],[67.48837,23.90948],[67.48347,23.9066],[67.47997,23.90697],[67.4728,23.91298],[67.46834,23.92043],[67.46606,23.92152],[67.4626,23.92052],[67.46172,23.91683],[67.46552,23.90661],[67.4696,23.90327],[67.49364,23.89998],[67.49567,23.89865],[67.49671,23.89765],[67.50954,23.88525],[67.51917,23.87976],[67.53353,23.87461],[67.53499,23.87603],[67.53403,23.88311],[67.53075,23.89289],[67.53548,23.893],[67.5461,23.88799],[67.55465,23.87697],[67.5492,23.87569],[67.54877,23.87339],[67.56512,23.86829],[67.57037,23.86819],[67.57256,23.86962],[67.57343,23.87423],[67.57217,23.88314],[67.57623,23.88897],[67.57912,23.88377],[67.58052,23.87028],[67.57899,23.85442],[67.58343,23.8394],[67.5847,23.83828],[67.59792,23.83815],[67.60034,23.8405],[67.60108,23.84923],[67.61751,23.84138],[67.62543,23.84295],[67.62677,23.84165],[67.63185,23.83669],[67.63268,23.83372],[67.62608,23.81224],[67.62693,23.80882],[67.63824,23.80543],[67.65201,23.79453],[67.65599,23.79463],[67.66336,23.79824],[67.67156,23.7989],[67.67686,23.79696],[67.68509,23.80519],[67.69285,23.804],[67.70695,23.79838],[67.71755,23.80253],[67.72562,23.79928],[67.74654,23.79955],[67.75022,23.80147],[67.75112,23.8047],[67.7485,23.80946],[67.71732,23.83668],[67.70922,23.84922],[67.70506,23.85565],[67.70904,23.8562],[67.71188,23.85305],[67.73179,23.83991],[67.73499,23.83779],[67.75313,23.83066],[67.77168,23.82651],[67.78228,23.82195],[67.79066,23.81641],[67.8007,23.81367],[67.80765,23.81475],[67.82095,23.81139],[67.82736,23.8136],[67.83108,23.81681],[67.83418,23.81949],[67.83602,23.82458],[67.83497,23.8445],[67.83623,23.85301],[67.83891,23.87302],[67.83784,23.87551],[67.84563,23.90916],[67.85452,23.92152],[67.86356,23.94625],[67.87205,23.95493],[67.88069,23.96705],[67.89202,23.97212],[67.89394,23.97507],[67.90269,23.96472],[67.88622,23.94746],[67.87299,23.92951],[67.87091,23.92373],[67.86529,23.90159],[67.86505,23.89219],[67.87196,23.85865],[67.89417,23.84839],[67.92434,23.82959],[67.92984,23.82903],[67.92204,23.841],[67.91934,23.8485],[67.92025,23.85173],[67.92233,23.8488],[67.92644,23.84408],[67.93633,23.83788],[67.95197,23.81211],[67.95524,23.81126],[67.9581,23.81591],[67.9631,23.81534],[67.97018,23.81137],[67.97862,23.8033],[67.98105,23.79648],[67.99625,23.78673],[68.03358,23.78802],[68.03523,23.78843],[68.04274,23.79029],[68.04461,23.79492],[68.04372,23.80017],[68.04017,23.80284],[68.0427,23.81069],[68.04017,23.82164],[68.04218,23.83017],[68.02769,23.86928],[68.02816,23.8796],[68.03275,23.89461],[68.02983,23.90321],[68.04196,23.91185],[68.04564,23.91102],[68.04848,23.90518],[68.05534,23.903],[68.05038,23.89706],[68.04783,23.8899],[68.04706,23.8814],[68.05302,23.85379],[68.0556,23.85087],[68.06339,23.84806],[68.07005,23.8411],[68.07296,23.83474],[68.07599,23.83321],[68.08394,23.8343],[68.10439,23.84322],[68.10756,23.84582],[68.10353,23.85554],[68.11166,23.85353],[68.11687,23.85175],[68.11954,23.8447],[68.1241,23.84228],[68.14211,23.83969],[68.1433,23.84155],[68.13694,23.85631],[68.1347,23.86589],[68.13605,23.86954],[68.1435,23.86965],[68.1599,23.85474],[68.16784,23.85651],[68.17321,23.85113],[68.17812,23.85421],[68.18893,23.85009],[68.19038,23.85195],[68.19287,23.87149],[68.18562,23.8863],[68.20041,23.88542],[68.20905,23.88773],[68.21336,23.88889],[68.23776,23.90018],[68.24731,23.90679],[68.26372,23.92868],[68.27448,23.93716],[68.27893,23.93863],[68.28616,23.93832],[68.30697,23.92385],[68.31523,23.92242],[68.31877,23.92358],[68.31957,23.92003],[68.32188,23.92074],[68.32588,23.92197],[68.32781,23.92319],[68.33001,23.92458],[68.33125,23.92775],[68.33201,23.9297],[68.33256,23.93273],[68.33329,23.93673],[68.33269,23.93905],[68.33182,23.94245],[68.33171,23.94946],[68.3317,23.95001],[68.33158,23.95838],[68.33316,23.96171],[68.33494,23.96544],[68.33631,23.96609],[68.33907,23.96741],[68.34321,23.96937],[68.34807,23.96943],[68.35101,23.97025],[68.3529,23.97077],[68.3571,23.97237],[68.3598,23.97341],[68.36115,23.97661],[68.36382,23.97806],[68.36596,23.97923],[68.36943,23.9811],[68.37078,23.98184],[68.37175,23.98221],[68.37423,23.98316],[68.37633,23.98191],[68.37805,23.97886],[68.37918,23.97684],[68.38066,23.97049],[68.38209,23.96732],[68.38416,23.96502],[68.38464,23.96452],[68.38492,23.96417],[68.56797,23.9631],[68.74924,23.96205],[68.7499,23.97697],[68.75092,24.0],[68.75956,24.03582],[68.7611,24.08962],[68.7614,24.10002],[68.76142,24.10293],[68.76161,24.13092],[68.76181,24.16123],[68.76197,24.17465],[68.76216,24.19103],[68.76307,24.20663],[68.76417,24.23599],[68.76413,24.2771],[68.76422,24.28428],[68.76626,24.28764],[68.7675,24.28969],[68.77265,24.29414],[68.79228,24.29999],[68.80521,24.30321],[68.82635,24.3084],[68.83205,24.29933],[68.83154,24.29343],[68.83105,24.28785],[68.83585,24.24988],[68.83941,24.23259],[68.84031,24.22819],[68.84477,24.21628],[68.84773,24.20838],[68.85169,24.20618],[68.85253,24.20571],[68.85365,24.20566],[68.86404,24.20522],[68.86751,24.2062],[68.87359,24.21433],[68.8791,24.22543],[68.88097,24.23142],[68.881,24.2337],[68.88106,24.23945],[68.88795,24.26199],[68.88902,24.26548],[68.89728,24.27686],[68.91034,24.28625],[68.92555,24.29334],[68.92668,24.29387],[68.9284,24.29379],[68.93394,24.29353],[68.93563,24.29264],[68.939,24.29087],[68.94003,24.28908],[68.94445,24.28146],[68.94781,24.27565],[68.95309,24.26775],[68.95734,24.26138],[68.96,24.25363],[68.97057,24.23753],[68.98149,24.22855],[68.98628,24.22633],[69.00053,24.22588],[69.00415,24.22676],[69.01372,24.22908],[69.03945,24.2421],[69.05797,24.25306],[69.07004,24.2602],[69.07928,24.26528],[69.0844,24.26777],[69.08544,24.26828],[69.08801,24.26855],[69.09293,24.26908],[69.10548,24.26607],[69.11829,24.26238],[69.12509,24.25906],[69.13696,24.25327],[69.14537,24.25084],[69.14827,24.25],[69.14828,24.24917],[69.15548,24.24897],[69.15809,24.24626],[69.19002,24.23574],[69.19877,24.23525],[69.19977,24.2352],[69.22229,24.24745],[69.22831,24.25085],[69.22897,24.25122],[69.23302,24.25156],[69.23643,24.25184],[69.2434,24.25533],[69.26775,24.2637],[69.27074,24.2642],[69.27124,24.26601],[69.27145,24.26674],[69.27212,24.26715],[69.27491,24.26885],[69.28271,24.27109],[69.29257,24.27392],[69.31027,24.27669],[69.33081,24.274],[69.35532,24.26784],[69.36194,24.26618],[69.36965,24.26611],[69.37888,24.26603],[69.38219,24.266],[69.39188,24.26911],[69.39514,24.26869],[69.40037,24.27093],[69.40784,24.27287],[69.41163,24.27385],[69.42118,24.27376],[69.43158,24.27365],[69.43654,24.27296],[69.43833,24.2727],[69.44285,24.27093],[69.4682,24.26438],[69.47266,24.26391],[69.47771,24.26336],[69.47773,24.26228],[69.48972,24.26258],[69.50421,24.26301],[69.5296,24.27032],[69.54254,24.27404],[69.55974,24.27746],[69.5791,24.28686],[69.58671,24.28679],[69.5901,24.28676],[69.60566,24.27364],[69.61288,24.26755],[69.61748,24.26028],[69.6668,24.21896],[69.66956,24.21665],[69.67016,24.21618],[69.67512,24.21236],[69.68121,24.20509],[69.68738,24.20134],[69.69305,24.19789],[69.7024,24.19043],[69.70489,24.18983],[69.70866,24.1889],[69.71464,24.18183],[69.71653,24.17959],[69.72458,24.1751],[69.74132,24.17414],[69.75082,24.17401],[69.76017,24.17261],[69.76658,24.17166],[69.79472,24.16965],[69.82532,24.16746],[69.82993,24.16751],[69.83481,24.16756],[69.8571,24.16646],[69.85805,24.16642],[69.86581,24.16535],[69.86697,24.16518],[69.87031,24.16471],[69.87379,24.16612],[69.89877,24.16522],[69.906,24.1662],[69.90669,24.16598],[69.91226,24.1642],[69.92016,24.1643],[69.93571,24.1645],[69.95225,24.16471],[69.97868,24.16505],[69.99176,24.16585],[70.0,24.16636],[70.00064,24.1664],[70.00138,24.16648],[70.01186,24.16764],[70.01628,24.16904],[70.01859,24.16976],[70.02409,24.16935],[70.03204,24.17309],[70.0489,24.18355],[70.05393,24.18802],[70.0593,24.1928],[70.07203,24.20895],[70.07731,24.21564],[70.08835,24.23522],[70.09203,24.24333],[70.10401,24.26972],[70.10728,24.27788],[70.1101,24.2849],[70.11904,24.2907],[70.12856,24.29349],[70.14397,24.298],[70.15045,24.30057],[70.16705,24.30371],[70.19088,24.30822],[70.2145,24.31314],[70.23081,24.31653],[70.23706,24.31727],[70.24753,24.32124],[70.27071,24.32988],[70.29689,24.33991],[70.30692,24.342],[70.30873,24.34251],[70.32559,24.34744],[70.34974,24.35088],[70.35757,24.352],[70.35901,24.35216],[70.37031,24.35345],[70.38311,24.35826],[70.45963,24.38698],[70.46128,24.38693],[70.46614,24.38678],[70.47447,24.38874],[70.48313,24.39077],[70.50624,24.40004],[70.52544,24.40761],[70.53155,24.41004],[70.53752,24.41183],[70.56013,24.4186],[70.5697,24.41971],[70.57487,24.42031],[70.59319,24.41173],[70.59612,24.40027],[70.59586,24.39986],[70.59472,24.39223],[70.58531,24.37408],[70.58401,24.37207],[70.58159,24.36834],[70.57387,24.3628],[70.56139,24.35839],[70.56192,24.3522],[70.57155,24.33116],[70.57761,24.31927],[70.58742,24.31015],[70.57753,24.30165],[70.57349,24.29817],[70.57226,24.29358],[70.57418,24.28964],[70.58781,24.2854],[70.58297,24.27889],[70.57945,24.27572],[70.57737,24.27389],[70.57243,24.26493],[70.57238,24.26362],[70.5722,24.2592],[70.57363,24.25441],[70.57425,24.25233],[70.58429,24.24413],[70.58949,24.24196],[70.59355,24.24027],[70.6138,24.23945],[70.62509,24.23557],[70.63357,24.23266],[70.65531,24.22509],[70.65881,24.2249],[70.68983,24.22325],[70.72582,24.22086],[70.74709,24.22081],[70.7638,24.22076],[70.79102,24.22199],[70.80061,24.22247],[70.80576,24.22272],[70.81625,24.22505],[70.81676,24.22528],[70.83371,24.23288],[70.83719,24.2345],[70.84054,24.23706],[70.84172,24.23799],[70.84617,24.243],[70.84736,24.2437],[70.85365,24.24738],[70.85887,24.24888],[70.86564,24.25084],[70.88287,24.25363],[70.8941,24.2571],[70.90408,24.26514],[70.89281,24.2736],[70.87255,24.27813],[70.86578,24.2843],[70.86452,24.29166],[70.86649,24.29874],[70.87272,24.30495],[70.89551,24.3138],[70.89645,24.31417],[70.8972,24.31453],[70.90594,24.31877],[70.9112,24.32141],[70.91467,24.32314],[70.92212,24.3298],[70.93139,24.33808],[70.9559,24.34465],[70.96755,24.35339],[70.98086,24.36337],[70.99136,24.3627],[71.00227,24.35682],[71.00602,24.35539],[71.01389,24.35242],[71.01571,24.35258],[71.0274,24.35358],[71.03816,24.35612],[71.05015,24.36209],[71.06774,24.37897],[71.08066,24.39137],[71.1116,24.39872],[71.1244,24.40937],[71.12394,24.41458],[71.1234,24.4206],[71.11788,24.42724],[71.11405,24.42941],[71.10737,24.43319],[71.09983,24.43464],[71.09309,24.43594],[71.08118,24.43437],[71.07558,24.43363],[71.04973,24.43349],[71.02026,24.43334],[71.0183,24.43487],[71.00999,24.44135],[71.0063,24.44247],[71.00398,24.44317],[71.00253,24.4457],[71.00071,24.4489],[70.99893,24.45967],[70.99793,24.45967],[70.9944,24.47342],[70.99387,24.48717],[70.99884,24.51056],[70.9968,24.52706],[70.98849,24.5502],[70.98938,24.60272],[70.98939,24.60315],[70.99812,24.62243],[71.00319,24.62917],[71.00813,24.63574],[71.0209,24.64515],[71.04346,24.65412],[71.0585,24.65895],[71.06502,24.66262],[71.0793,24.67433],[71.08375,24.68343],[71.08581,24.68763],[71.08605,24.69336],[71.08231,24.69885],[71.07902,24.70368],[71.07423,24.7133],[71.06745,24.71765],[71.05715,24.73071],[71.05584,24.73318],[71.04832,24.74729],[71.04507,24.75339],[71.04392,24.75618],[71.03524,24.77723],[71.03386,24.7828],[71.03297,24.7864],[71.02088,24.8061],[70.99997,24.83831],[70.99619,24.84413],[70.98618,24.85696],[70.96251,24.88732],[70.95564,24.90167],[70.91794,24.98639],[70.91613,24.9925],[70.91392,25.0],[70.90776,25.02084],[70.90169,25.0414],[70.90166,25.04943],[70.89953,25.05922],[70.89843,25.06426],[70.89376,25.08564],[70.88891,25.10925],[70.88914,25.1166],[70.88717,25.12392],[70.8831,25.13905],[70.88125,25.14593],[70.87669,25.15234],[70.86385,25.16517],[70.85204,25.17696],[70.79123,25.23423],[70.78185,25.24331],[70.77286,25.25201],[70.7525,25.27172],[70.74483,25.29624],[70.74471,25.29725],[70.74432,25.30037],[70.73789,25.32321],[70.73718,25.32573],[70.72209,25.34208],[70.70418,25.36147],[70.67379,25.38885],[70.66589,25.39596],[70.66488,25.40119],[70.66408,25.40536],[70.66438,25.41229],[70.66491,25.42469],[70.66499,25.42647],[70.6684,25.47324],[70.67043,25.50105],[70.66437,25.55035],[70.66462,25.56903],[70.66474,25.57833],[70.66521,25.5992],[70.66537,25.60632],[70.67243,25.66142],[70.67239,25.67151],[70.67048,25.67924],[70.66877,25.68618],[70.66618,25.69039],[70.65933,25.70151],[70.65388,25.70678],[70.64941,25.71111],[70.64002,25.71543],[70.62506,25.7172],[70.61291,25.71715],[70.60552,25.71837],[70.6048,25.71849],[70.60349,25.71816],[70.59392,25.7157],[70.56866,25.7064],[70.5636,25.70177],[70.56312,25.70133],[70.56242,25.70122],[70.56008,25.70086],[70.54215,25.69366],[70.53672,25.69188],[70.52649,25.68853],[70.50464,25.68884],[70.49054,25.68904],[70.48421,25.68947],[70.43311,25.68368],[70.4149,25.68197],[70.40984,25.68125],[70.40652,25.68376],[70.39755,25.68132],[70.39617,25.68095],[70.38968,25.68105],[70.37465,25.68128],[70.3373,25.69267],[70.32822,25.69544],[70.30866,25.70266],[70.29593,25.70597],[70.27539,25.71132],[70.26745,25.7185],[70.26524,25.72387],[70.26165,25.73261],[70.25432,25.75047],[70.2425,25.76989],[70.23625,25.778],[70.23264,25.78267],[70.23264,25.78267],[70.22507,25.79248],[70.21845,25.79871],[70.21126,25.80546],[70.20767,25.81048],[70.19155,25.82542],[70.17267,25.84291],[70.14502,25.86852],[70.14232,25.87403],[70.14166,25.87538],[70.10668,25.92421],[70.09608,25.94432],[70.09273,25.95891],[70.0913,25.96516],[70.09098,25.99682],[70.08656,26.03121],[70.084,26.04254],[70.08045,26.05824],[70.08257,26.07386],[70.08604,26.08215],[70.08715,26.08419],[70.09428,26.09736],[70.12639,26.13938],[70.12715,26.14046],[70.12851,26.14241],[70.12902,26.14313],[70.14519,26.16615],[70.14955,26.17482],[70.15942,26.19449],[70.16164,26.20185],[70.16726,26.22387],[70.17046,26.23643],[70.17267,26.24508],[70.17256,26.24587],[70.17076,26.25906],[70.16682,26.27257],[70.16525,26.27715],[70.16476,26.28754],[70.1646,26.29092],[70.1648,26.29242],[70.16674,26.307],[70.17586,26.34071],[70.17831,26.34977],[70.17828,26.35098],[70.1779,26.36584],[70.17934,26.37526],[70.17849,26.38439],[70.17805,26.40416],[70.17599,26.4333],[70.17665,26.43802],[70.181,26.4696],[70.1839,26.48683],[70.18226,26.49852],[70.17854,26.5141],[70.17425,26.52953],[70.17274,26.53495],[70.16774,26.55075],[70.16325,26.55584],[70.16051,26.55895],[70.15821,26.56104],[70.15022,26.56829],[70.14337,26.572],[70.13893,26.57439],[70.10974,26.58817],[70.10688,26.58952],[70.08844,26.59557],[70.06619,26.59929],[70.04782,26.59914],[70.04041,26.59953],[70.03209,26.59909],[70.02485,26.59871],[70.00948,26.59611],[70.0,26.5945],[69.99802,26.59416],[69.99631,26.59387],[69.95478,26.5873],[69.93292,26.58448],[69.91834,26.58261],[69.91094,26.58231],[69.87931,26.58109],[69.8724,26.58162],[69.85555,26.58292],[69.83176,26.58773],[69.81536,26.59216],[69.79484,26.59998],[69.77326,26.61295],[69.77194,26.61375],[69.74327,26.63846],[69.72187,26.65384],[69.69898,26.66507],[69.68975,26.66795],[69.68246,26.67056],[69.67666,26.67263],[69.60831,26.70031],[69.60598,26.70202],[69.60184,26.70505],[69.5921,26.70723],[69.59066,26.70782],[69.58054,26.71192],[69.57461,26.71552],[69.55415,26.72325],[69.55045,26.72464],[69.5436,26.72742],[69.52242,26.73601],[69.51941,26.73775],[69.51545,26.74006],[69.50765,26.74845],[69.49885,26.7682],[69.48751,26.79365],[69.4857,26.7997],[69.48373,26.80623],[69.48551,26.82347],[69.48987,26.84435],[69.49574,26.87249],[69.50094,26.90033],[69.50359,26.94329],[69.51288,27.01438],[69.51303,27.01555],[69.51321,27.01687],[69.53558,27.06561],[69.53726,27.06927],[69.53845,27.07261],[69.54021,27.07757],[69.54934,27.09943],[69.55679,27.11726],[69.56149,27.12913],[69.56484,27.13759],[69.56519,27.13847],[69.57813,27.16549],[69.58666,27.17798],[69.60061,27.1894],[69.60175,27.1908],[69.60363,27.19311],[69.66595,27.25144],[69.68563,27.26724],[69.69871,27.27774],[69.72468,27.29478],[69.77038,27.32891],[69.79388,27.34646],[69.80452,27.35396],[69.81254,27.35961],[69.83253,27.37876],[69.8487,27.39283],[69.84955,27.39348],[69.86197,27.40278],[69.88517,27.43165],[69.90762,27.45958],[69.92114,27.4794],[69.92488,27.48503],[69.93625,27.50211],[69.95254,27.51308],[70.0,27.54505],[70.00382,27.54762],[70.01627,27.55599],[70.02457,27.56969],[70.0415,27.61109],[70.05142,27.63534],[70.08313,27.70837],[70.10416,27.75822],[70.10781,27.76687],[70.11352,27.77468],[70.15695,27.83405],[70.16839,27.84418],[70.18051,27.8549],[70.14131,27.87453],[70.12357,27.88201],[70.11855,27.88234],[70.10491,27.88511],[70.0974,27.88694],[70.09052,27.88839],[70.08596,27.88994],[70.07616,27.89439],[70.06916,27.89539],[70.06644,27.89747],[70.04784,27.91312],[70.04333,27.91984],[70.04059,27.92246],[70.03515,27.92713],[70.02611,27.93012],[70.01939,27.93177],[70.00082,27.93743],[69.99428,27.94247],[69.99166,27.94443],[69.98781,27.94906],[69.98209,27.95735],[69.98118,27.95847],[69.97787,27.96254],[69.97391,27.96692],[69.97228,27.97104],[69.97015,27.97743],[69.96786,27.98072],[69.96379,27.98486],[69.96291,27.98575],[69.95849,27.99024],[69.95232,27.99673],[69.9474,28.00271],[69.94529,28.00481],[69.93882,28.01031],[69.93046,28.01818],[69.92273,28.02544],[69.91749,28.03218],[69.9161,28.03396],[69.91358,28.03704],[69.90707,28.04499],[69.8981,28.05594],[69.88355,28.07567],[69.87879,28.0802],[69.87673,28.08413],[69.87498,28.09035],[69.87322,28.09403],[69.8717,28.09607],[69.86942,28.09939],[69.86516,28.10457],[69.84745,28.13158],[69.84512,28.13325],[69.84464,28.13431],[69.84464,28.13578],[69.84569,28.13989],[69.84649,28.14373],[69.84772,28.14956],[69.84767,28.15261],[69.84684,28.15565],[69.84594,28.15805],[69.84294,28.16378],[69.84269,28.1655],[69.84386,28.16981],[69.84342,28.1701],[69.84167,28.17023],[69.84129,28.17002],[69.83916,28.16647],[69.83862,28.16624],[69.8382,28.16632],[69.83765,28.16665],[69.8376,28.16754],[69.8377,28.1697],[69.83874,28.173],[69.84236,28.17994],[69.84692,28.18222],[69.8475,28.18379],[69.8501,28.18618],[69.85358,28.19121],[69.85708,28.1947],[69.85764,28.19705],[69.85687,28.19794],[69.85529,28.20039],[69.85232,28.20356],[69.85165,28.20625],[69.85159,28.20685],[69.84596,28.21248],[69.84506,28.21344],[69.84437,28.21514],[69.84364,28.21924],[69.84364,28.22094],[69.84269,28.22212],[69.84243,28.22419],[69.84251,28.22623],[69.84209,28.22732],[69.83767,28.2306],[69.83614,28.23212],[69.83482,28.23416],[69.83327,28.23657],[69.83274,28.23755],[69.83221,28.23961],[69.83165,28.24113],[69.83188,28.24294],[69.83248,28.2451],[69.83269,28.24613],[69.8324,28.24758],[69.83306,28.24961],[69.83635,28.25289],[69.83652,28.25366],[69.83615,28.25468],[69.83473,28.25653],[69.83136,28.25928],[69.83115,28.26],[69.83146,28.26078],[69.83234,28.262],[69.83462,28.26486],[69.83643,28.26735],[69.83672,28.26877],[69.8364,28.26937],[69.83538,28.2696],[69.83437,28.26957],[69.83212,28.26892],[69.82941,28.26872],[69.82597,28.26915],[69.82231,28.27008],[69.82011,28.2711],[69.81828,28.27246],[69.81626,28.27516],[69.81548,28.27718],[69.81531,28.27825],[69.81489,28.28042],[69.81454,28.28379],[69.81356,28.28723],[69.81223,28.29541],[69.81196,28.29601],[69.81115,28.2978],[69.81019,28.30252],[69.81049,28.30583],[69.81112,28.30687],[69.81277,28.30856],[69.81274,28.30956],[69.81239,28.3116],[69.81271,28.3128],[69.81493,28.31578],[69.81556,28.31738],[69.81797,28.32082],[69.81758,28.32138],[69.81588,28.3226],[69.81499,28.32388],[69.81497,28.32456],[69.81624,28.32618],[69.81712,28.32757],[69.81869,28.33018],[69.81979,28.33257],[69.82076,28.33748],[69.82069,28.33959],[69.81968,28.34225],[69.81664,28.34579],[69.81602,28.34739],[69.81565,28.34904],[69.81573,28.35036],[69.81649,28.35436],[69.81649,28.35554],[69.81593,28.35807],[69.81507,28.35945],[69.81294,28.36193],[69.8119,28.36237],[69.80956,28.3626],[69.80527,28.36197],[69.80131,28.36273],[69.79907,28.36372],[69.79684,28.36566],[69.79644,28.36683],[69.79597,28.37123],[69.79534,28.37179],[69.7942,28.37187],[69.79372,28.37164],[69.79351,28.37088],[69.79326,28.36808],[69.79247,28.36784],[69.7919,28.3679],[69.79127,28.36874],[69.79031,28.37052],[69.78995,28.37184],[69.78992,28.3728],[69.79028,28.37428],[69.79145,28.37575],[69.79338,28.37761],[69.7943,28.37988],[69.79264,28.38043],[69.78699,28.38076],[69.7849,28.38006],[69.78417,28.38004],[69.78004,28.38123],[69.77099,28.38304],[69.76793,28.38407],[69.76438,28.38452],[69.76284,28.38448],[69.7619,28.38471],[69.76104,28.38634],[69.75927,28.39091],[69.75705,28.39375],[69.75423,28.39734],[69.7526,28.40035],[69.75192,28.40108],[69.7515,28.40194],[69.75139,28.40293],[69.74968,28.40422],[69.74851,28.4051],[69.74203,28.4103],[69.73502,28.41633],[69.73217,28.41907],[69.73094,28.41968],[69.72607,28.42165],[69.71607,28.42429],[69.71144,28.42539],[69.70045,28.42675],[69.6946,28.42829],[69.6871,28.42991],[69.6861,28.42995],[69.68148,28.43015],[69.67537,28.42954],[69.67493,28.42945],[69.66803,28.42806],[69.65921,28.42777],[69.65679,28.42769],[69.64703,28.42838],[69.63897,28.42972],[69.62701,28.43215],[69.6197,28.43456],[69.61311,28.43653],[69.60677,28.43915],[69.60595,28.43954],[69.60483,28.44045],[69.60484,28.44196],[69.60558,28.44411],[69.61001,28.44884]],[[69.59585,28.2665],[69.59528,28.27318],[69.59429,28.28005],[69.59169,28.28836],[69.58866,28.29451],[69.58379,28.29959],[69.57933,28.30484],[69.57569,28.31081],[69.57346,28.31568],[69.56595,28.32905],[69.56312,28.33448],[69.56144,28.33762],[69.55645,28.34696],[69.55341,28.35239],[69.54996,28.35764],[69.54632,28.36343],[69.54307,28.36687],[69.54063,28.36923],[69.53941,28.37122],[69.53739,28.37465],[69.53354,28.38081],[69.53253,28.38316],[69.53273,28.38549],[69.53337,28.38797],[69.53358,28.38875],[69.53502,28.39055],[69.53994,28.39342],[69.54853,28.39591],[69.55201,28.39626],[69.55569,28.3966],[69.55915,28.39514],[69.56585,28.38627],[69.57657,28.37104],[69.57922,28.36726],[69.58124,28.36166],[69.58224,28.35696],[69.58344,28.35316],[69.58506,28.35099],[69.58804,28.34928],[69.59804,28.34797],[69.60458,28.34758],[69.61356,28.34808],[69.61929,28.34968],[69.62707,28.35235],[69.63156,28.35305],[69.63544,28.35285],[69.6387,28.35193],[69.6499,28.34628],[69.65077,28.34561],[69.66148,28.33738],[69.66922,28.33145],[69.67002,28.33084],[69.67427,28.3254],[69.67689,28.32276],[69.67894,28.32069],[69.68562,28.31253],[69.69266,28.30342],[69.6963,28.29926],[69.70259,28.29381],[69.70789,28.29215],[69.71442,28.29212],[69.71891,28.293],[69.72363,28.29532],[69.72712,28.29891],[69.7337,28.30465],[69.74088,28.30966],[69.74579,28.31216],[69.74947,28.31322],[69.75152,28.31357],[69.75621,28.31264],[69.75783,28.31155],[69.75802,28.3092],[69.75799,28.30523],[69.75549,28.29893],[69.75318,28.29284],[69.75071,28.28114],[69.75024,28.27855],[69.74971,28.26435],[69.74735,28.24921],[69.74322,28.24128],[69.73808,28.23662],[69.73277,28.23466],[69.72876,28.23446],[69.72244,28.23576],[69.71838,28.23777],[69.71452,28.24068],[69.7123,28.24394],[69.70988,28.24738],[69.70806,28.25046],[69.70563,28.253],[69.70197,28.25519],[69.6971,28.25846],[69.69405,28.2592],[69.6875,28.25761],[69.68423,28.25564],[69.67727,28.25243],[69.67256,28.2501],[69.67008,28.24597],[69.67066,28.24055],[69.67368,28.23331],[69.67365,28.22916],[69.67219,28.2243],[69.66891,28.22251],[69.66483,28.22091],[69.66371,28.22072],[69.66258,28.22056],[69.65627,28.22203],[69.64954,28.22369],[69.63976,28.22536],[69.6327,28.22613],[69.62937,28.22649],[69.62305,28.22671],[69.61631,28.22583],[69.6112,28.22369],[69.60751,28.22082],[69.60567,28.22029],[69.60445,28.22047],[69.60345,28.22301],[69.60204,28.22752],[69.60046,28.23493],[69.59886,28.24125],[69.59779,28.24425],[69.5973,28.24469],[69.59725,28.24521],[69.5972,28.25107],[69.59621,28.25721],[69.59585,28.2665]],[[69.4772,28.26391],[69.48206,28.26174],[69.48796,28.25865],[69.49182,28.25521],[69.49772,28.25068],[69.50198,28.24705],[69.50707,28.2445],[69.51359,28.24159],[69.51461,28.24078],[69.51907,28.23724],[69.52191,28.23344],[69.52536,28.22982],[69.52779,28.22548],[69.5296,28.22114],[69.531,28.21482],[69.53303,28.2121],[69.53627,28.20938],[69.53994,28.20828],[69.54667,28.20807],[69.55156,28.20751],[69.56072,28.20531],[69.57253,28.20255],[69.57762,28.20127],[69.58056,28.20004],[69.58177,28.19823],[69.58176,28.19751],[69.58176,28.19606],[69.58031,28.1921],[69.57497,28.18508],[69.56984,28.17861],[69.56798,28.17356],[69.56692,28.16671],[69.5667,28.16364],[69.56444,28.15986],[69.56319,28.15644],[69.56237,28.15428],[69.56236,28.15157],[69.56396,28.14633],[69.56516,28.14218],[69.56514,28.1382],[69.5643,28.13442],[69.56238,28.13004],[69.55927,28.12678],[69.55875,28.12647],[69.55419,28.12376],[69.5491,28.12251],[69.54278,28.12254],[69.5377,28.12418],[69.53323,28.12727],[69.52938,28.13234],[69.52819,28.13848],[69.52765,28.15292],[69.5273,28.16375],[69.52609,28.16808],[69.52467,28.16953],[69.51836,28.17136],[69.51613,28.17353],[69.51412,28.17896],[69.51311,28.18221],[69.51068,28.18474],[69.50825,28.1871],[69.50392,28.1905],[69.49641,28.19576],[69.4905,28.19831],[69.48277,28.20249],[69.47924,28.20371],[69.47443,28.2054],[69.46893,28.20867],[69.46671,28.21139],[69.46692,28.21391],[69.46796,28.21752],[69.47144,28.2222],[69.47555,28.22868],[69.47864,28.23517],[69.4803,28.24274],[69.48032,28.24563],[69.47953,28.25205],[69.47731,28.25784],[69.4759,28.26091],[69.47514,28.26483],[69.4772,28.26391]]],[[[68.18577,23.83741],[68.18364,23.84264],[68.1674,23.84435],[68.16673,23.84136],[68.17336,23.82591],[68.17294,23.82292],[68.1674,23.82487],[68.16107,23.819],[68.15514,23.81727],[68.14466,23.81796],[68.13235,23.82159],[68.1204,23.83119],[68.11765,23.83136],[68.091,23.81175],[68.08983,23.80811],[68.08456,23.80087],[68.07714,23.79907],[68.074,23.79533],[68.07224,23.78673],[68.06606,23.75641],[68.06891,23.75212],[68.07051,23.7478],[68.06808,23.74545],[68.06458,23.74629],[68.06177,23.74898],[68.0351,23.72134],[68.03284,23.71304],[68.03397,23.70756],[68.03602,23.70554],[68.04475,23.70527],[68.04985,23.70997],[68.04756,23.71153],[68.04012,23.71067],[68.04029,23.71343],[68.04371,23.71626],[68.04866,23.71728],[68.05714,23.71655],[68.07082,23.71143],[68.10743,23.69771],[68.11064,23.69869],[68.11378,23.70266],[68.1107,23.70603],[68.09481,23.71371],[68.09145,23.71845],[68.09107,23.72349],[68.09327,23.72514],[68.10194,23.71754],[68.10343,23.72697],[68.12016,23.70502],[68.12508,23.69855],[68.13091,23.69501],[68.13713,23.69468],[68.14998,23.69863],[68.15462,23.70217],[68.15914,23.71029],[68.15889,23.71991],[68.15733,23.7224],[68.14831,23.72473],[68.15892,23.73803],[68.17532,23.75891],[68.1787,23.76321],[68.18996,23.78065],[68.19112,23.78673],[68.19128,23.78755],[68.18577,23.83741]]],[[[67.40456,23.97544],[67.39713,23.98212],[67.39288,23.98247],[67.39098,23.97944],[67.40608,23.95851],[67.40936,23.95722],[67.41058,23.96619],[67.4125,23.96876],[67.42059,23.97355],[67.42395,23.97776],[67.42212,23.98047],[67.40682,23.97503],[67.40456,23.97544]]],[[[67.42226,24.06525],[67.42309,24.06757],[67.41676,24.07237],[67.41515,24.07879],[67.41304,24.0806],[67.41055,24.08051],[67.40865,24.0767],[67.40944,24.0738],[67.40515,24.07037],[67.41042,24.06632],[67.40988,24.06255],[67.41296,24.05931],[67.42226,24.06525]]],[[[67.35785,24.35737],[67.3591,24.36034],[67.35579,24.3692],[67.35734,24.38178],[67.35567,24.38381],[67.34609,24.37827],[67.34117,24.37018],[67.33765,24.36714],[67.33708,24.3642],[67.33858,24.36091],[67.35284,24.35721],[67.35785,24.35737]]],[[[67.33376,24.37328],[67.33473,24.37748],[67.33318,24.38202],[67.33037,24.38422],[67.31571,24.38603],[67.31036,24.38314],[67.30872,24.3785],[67.31542,24.36473],[67.33376,24.37328]]],[[[67.38605,24.42196],[67.39144,24.42422],[67.39451,24.42725],[67.3951,24.42956],[67.39269,24.43282],[67.38646,24.43491],[67.37739,24.43378],[67.37186,24.42943],[67.37132,24.42607],[67.37416,24.42324],[67.37901,24.42152],[67.38605,24.42196]]],[[[67.36526,24.42942],[67.36074,24.43407],[67.35289,24.43673],[67.34586,24.43587],[67.33522,24.43406],[67.3206,24.42919],[67.31039,24.42802],[67.3073,24.42562],[67.30647,24.42371],[67.31062,24.42239],[67.31493,24.42274],[67.32205,24.42715],[67.32869,24.42633],[67.33543,24.42321],[67.33997,24.41773],[67.33283,24.41958],[67.32212,24.41964],[67.31612,24.41589],[67.30861,24.41564],[67.31014,24.41152],[67.30967,24.40629],[67.30537,24.39425],[67.30801,24.39058],[67.32182,24.39292],[67.32729,24.39268],[67.3317,24.39074],[67.33875,24.39118],[67.34001,24.39373],[67.33817,24.40014],[67.33866,24.40475],[67.34393,24.40993],[67.3438,24.41306],[67.34164,24.41591],[67.3441,24.41703],[67.35757,24.41038],[67.36322,24.41182],[67.366,24.41629],[67.36709,24.42343],[67.36526,24.42942]]],[[[67.37064,24.45485],[67.36234,24.45729],[67.35011,24.45522],[67.34608,24.45321],[67.33582,24.45349],[67.31611,24.45054],[67.3123,24.45115],[67.30853,24.45175],[67.30177,24.45007],[67.29663,24.44175],[67.30103,24.43418],[67.30591,24.43204],[67.3372,24.44164],[67.34269,24.4412],[67.34786,24.44283],[67.35275,24.44049],[67.35953,24.44175],[67.37173,24.45009],[67.37276,24.45283],[67.37064,24.45485]]],[[[67.32104,24.4697],[67.32253,24.47226],[67.3238,24.48628],[67.32903,24.4923],[67.3236,24.49692],[67.31976,24.49596],[67.31003,24.4829],[67.30968,24.47454],[67.31626,24.46954],[67.32104,24.4697]]],[[[67.34076,24.48977],[67.34482,24.49095],[67.34677,24.49352],[67.34803,24.49627],[67.34658,24.49831],[67.33497,24.50356],[67.32627,24.51016],[67.31905,24.51953],[67.31618,24.51713],[67.31303,24.51035],[67.31428,24.50788],[67.33558,24.49398],[67.33643,24.48962],[67.34076,24.48977]]],[[[67.29256,24.52052],[67.288,24.52621],[67.28373,24.52461],[67.27943,24.51799],[67.26933,24.51974],[67.26755,24.51864],[67.26751,24.50965],[67.26746,24.49839],[67.27461,24.49612],[67.27355,24.49421],[67.26614,24.49145],[67.25616,24.49007],[67.25356,24.48665],[67.25669,24.47694],[67.26068,24.47415],[67.26753,24.47376],[67.27185,24.46848],[67.27509,24.46733],[67.30275,24.47097],[67.3049,24.47417],[67.30328,24.48059],[67.30557,24.49173],[67.31028,24.49377],[67.31277,24.4999],[67.3062,24.51033],[67.29256,24.52052]]],[[[67.3618,24.52866],[67.3595,24.53485],[67.34754,24.54301],[67.33337,24.5438],[67.32002,24.54669],[67.31207,24.54601],[67.30827,24.54401],[67.30401,24.53656],[67.29617,24.53275],[67.29335,24.52931],[67.2944,24.5258],[67.30431,24.51757],[67.30748,24.5181],[67.308,24.51886],[67.312,24.52472],[67.31535,24.52671],[67.32178,24.52546],[67.32539,24.52078],[67.32773,24.51355],[67.3329,24.50976],[67.35052,24.50241],[67.35698,24.51786],[67.36149,24.52489],[67.3618,24.52866]]],[[[67.2858,24.58104],[67.26991,24.57905],[67.25866,24.58055],[67.25304,24.57869],[67.24445,24.57877],[67.23866,24.57883],[67.23287,24.57508],[67.22754,24.5772],[67.22416,24.57604],[67.22247,24.57265],[67.22471,24.56813],[67.22351,24.56391],[67.21748,24.56079],[67.21629,24.55657],[67.21783,24.55224],[67.23647,24.54264],[67.23862,24.54021],[67.24047,24.52837],[67.24297,24.52867],[67.24533,24.53793],[67.24988,24.53829],[67.25335,24.53695],[67.26027,24.52946],[67.26669,24.52863],[67.27048,24.525],[67.27322,24.52488],[67.27647,24.52938],[67.28386,24.53275],[67.28706,24.53808],[67.29565,24.54025],[67.30009,24.54332],[67.30287,24.54779],[67.29894,24.55476],[67.29967,24.55938],[67.30576,24.56104],[67.30497,24.56373],[67.29932,24.56813],[67.29585,24.57491],[67.2916,24.57873],[67.2858,24.58104]]],[[[67.30787,24.58825],[67.3093,24.59247],[67.30862,24.60393],[67.30499,24.60319],[67.30172,24.59932],[67.30062,24.5926],[67.30493,24.58753],[67.30787,24.58825]]],[[[67.34627,24.60977],[67.34796,24.61317],[67.34914,24.6178],[67.34786,24.62131],[67.34332,24.62095],[67.3398,24.61749],[67.34241,24.60923],[67.34627,24.60977]]],[[[67.3345,24.61293],[67.32668,24.62019],[67.32055,24.63084],[67.31654,24.63405],[67.31239,24.63495],[67.30431,24.63176],[67.29607,24.62648],[67.29196,24.6207],[67.29018,24.61396],[67.29135,24.59041],[67.29333,24.58651],[67.29887,24.60215],[67.30463,24.61215],[67.30804,24.61268],[67.31432,24.60976],[67.31534,24.60708],[67.31672,24.60107],[67.31364,24.58656],[67.3147,24.58305],[67.31767,24.58273],[67.31783,24.59046],[67.31969,24.59511],[67.32239,24.59625],[67.33357,24.5962],[67.33501,24.60021],[67.33265,24.60786],[67.33527,24.61066],[67.3345,24.61293]]],[[[67.37401,24.62989],[67.37248,24.63381],[67.35562,24.64453],[67.34766,24.64385],[67.33957,24.64045],[67.33318,24.6346],[67.32821,24.63339],[67.32674,24.63],[67.32894,24.62653],[67.33219,24.62517],[67.34755,24.62923],[67.35316,24.62607],[67.35709,24.6189],[67.36224,24.61552],[67.3683,24.61822],[67.37401,24.62989]]],[[[67.29858,24.66623],[67.29075,24.66242],[67.2834,24.66342],[67.28097,24.66146],[67.28018,24.65831],[67.28321,24.6511],[67.27938,24.64408],[67.28055,24.63786],[67.28386,24.63484],[67.29323,24.63473],[67.30536,24.63973],[67.30701,24.64396],[67.30265,24.65592],[67.30331,24.66221],[67.29858,24.66623]]],[[[67.36491,24.65214],[67.36879,24.66375],[67.36707,24.66703],[67.3584,24.66675],[67.35212,24.66383],[67.34671,24.65613],[67.34335,24.65477],[67.34468,24.6498],[67.36491,24.65214]]],[[[67.34487,24.66233],[67.34283,24.66749],[67.3379,24.67108],[67.33425,24.6766],[67.33134,24.66961],[67.32529,24.66649],[67.3199,24.65859],[67.31625,24.65867],[67.31177,24.66207],[67.30879,24.66218],[67.30662,24.65961],[67.3126,24.64707],[67.32427,24.64057],[67.32926,24.64136],[67.33276,24.64544],[67.33415,24.6505],[67.34296,24.655],[67.34487,24.66233]]],[[[67.23705,24.66333],[67.21603,24.66345],[67.20873,24.67448],[67.20305,24.67929],[67.19818,24.68101],[67.19341,24.68064],[67.18307,24.67652],[67.17207,24.66633],[67.1715,24.66339],[67.17554,24.65413],[67.17509,24.64827],[67.18196,24.63682],[67.17934,24.62838],[67.1803,24.62691],[67.18201,24.62429],[67.19196,24.62672],[67.19552,24.62914],[67.20323,24.6246],[67.21454,24.63856],[67.22,24.63895],[67.22169,24.63671],[67.21711,24.62591],[67.2196,24.62077],[67.22573,24.61597],[67.23801,24.61138],[67.242,24.6088],[67.24615,24.60225],[67.25616,24.59717],[67.26547,24.59831],[67.27281,24.60315],[67.2806,24.61385],[67.28304,24.62709],[67.28176,24.63038],[67.2771,24.63273],[67.26944,24.64709],[67.26587,24.65073],[67.25824,24.65318],[67.25655,24.66106],[67.25352,24.66242],[67.24306,24.66144],[67.23705,24.66333]]],[[[67.32082,24.66968],[67.30814,24.67845],[67.30099,24.68593],[67.29611,24.68807],[67.29111,24.68748],[67.31605,24.66347],[67.32082,24.66968]]],[[[67.13134,24.6737],[67.13356,24.67524],[67.13345,24.67795],[67.12572,24.68228],[67.12112,24.6888],[67.11579,24.69049],[67.11349,24.6854],[67.11417,24.68],[67.1159,24.67692],[67.12061,24.67375],[67.12542,24.67329],[67.13134,24.6737]]],[[[67.41518,24.67445],[67.42202,24.68073],[67.42893,24.69076],[67.42573,24.69692],[67.42087,24.69843],[67.40565,24.69648],[67.38561,24.68893],[67.36401,24.68889],[67.35181,24.68887],[67.34052,24.68578],[67.33929,24.68198],[67.34183,24.6756],[67.34746,24.67182],[67.36663,24.67224],[67.36989,24.67067],[67.37724,24.66382],[67.38689,24.65056],[67.38992,24.6492],[67.39507,24.65146],[67.39852,24.65094],[67.40188,24.64688],[67.40687,24.64767],[67.40996,24.65632],[67.41196,24.65743],[67.41656,24.65675],[67.41984,24.65425],[67.43209,24.64493],[67.43573,24.64526],[67.43697,24.64843],[67.42621,24.66103],[67.41582,24.66988],[67.41518,24.67445]]],[[[67.24567,24.6703],[67.24339,24.67565],[67.23879,24.68218],[67.23148,24.68777],[67.22183,24.68912],[67.21993,24.69093],[67.21225,24.71677],[67.20954,24.71605],[67.20284,24.70664],[67.1997,24.70528],[67.19523,24.6974],[67.18955,24.69658],[67.18781,24.69464],[67.18886,24.69113],[67.21091,24.68188],[67.21373,24.6807],[67.21826,24.67042],[67.22224,24.66784],[67.23159,24.66836],[67.24124,24.66681],[67.24487,24.66756],[67.24567,24.6703]]],[[[67.32535,24.72808],[67.31276,24.73434],[67.30305,24.73715],[67.29487,24.73605],[67.285,24.73133],[67.27908,24.72806],[67.27495,24.72577],[67.26118,24.71028],[67.25449,24.7063],[67.24788,24.70587],[67.24301,24.70758],[67.22572,24.72266],[67.22,24.72288],[67.21715,24.72007],[67.21731,24.71611],[67.22371,24.6992],[67.22722,24.69724],[67.23636,24.69713],[67.23969,24.69369],[67.24593,24.68075],[67.24814,24.67706],[67.25323,24.67536],[67.25995,24.6785],[67.26592,24.67766],[67.26882,24.67943],[67.27227,24.67892],[67.27323,24.6777],[67.2655,24.67118],[67.26295,24.66086],[67.26563,24.65656],[67.271,24.65361],[67.27486,24.65437],[67.27171,24.66429],[67.27248,24.66807],[67.27559,24.67026],[67.29227,24.66998],[67.29497,24.67112],[67.29551,24.67468],[67.2874,24.68318],[67.28605,24.68836],[67.28728,24.69174],[67.29015,24.69236],[67.29295,24.69297],[67.30469,24.69065],[67.31236,24.68151],[67.31725,24.67937],[67.32201,24.67995],[67.32716,24.67699],[67.33009,24.67813],[67.33338,24.68701],[67.34026,24.69225],[67.34955,24.69401],[67.37214,24.69455],[67.38269,24.69343],[67.39147,24.69664],[67.39087,24.70038],[67.3857,24.70397],[67.38497,24.71104],[67.38129,24.71176],[67.37486,24.71844],[67.36852,24.71698],[67.36137,24.72447],[67.35324,24.72775],[67.34653,24.73546],[67.33785,24.73538],[67.33214,24.72977],[67.32972,24.72739],[67.32535,24.72808]]],[[[67.13708,24.75533],[67.13068,24.75532],[67.12821,24.74876],[67.12435,24.74821],[67.12074,24.75247],[67.11791,24.75267],[67.11685,24.75275],[67.11636,24.75192],[67.11343,24.74699],[67.11304,24.73988],[67.11577,24.72455],[67.11603,24.72307],[67.12325,24.70349],[67.13287,24.69171],[67.14139,24.69012],[67.144,24.69314],[67.14781,24.71164],[67.15253,24.7354],[67.15146,24.73933],[67.13708,24.75533]]],[[[67.19285,24.70525],[67.19915,24.72426],[67.218,24.72699],[67.2345,24.73715],[67.24822,24.74242],[67.24972,24.74497],[67.24447,24.75043],[67.24144,24.75764],[67.23836,24.76025],[67.23058,24.7604],[67.2075,24.74776],[67.20376,24.74571],[67.18613,24.74073],[67.1788,24.73567],[67.17393,24.72653],[67.17874,24.715],[67.189,24.70429],[67.19285,24.70525]]],[[[67.31741,24.76665],[67.3105,24.77373],[67.30272,24.77389],[67.29665,24.7716],[67.28566,24.76622],[67.2758,24.75566],[67.27219,24.74886],[67.26755,24.74495],[67.24939,24.73619],[67.24349,24.72952],[67.23799,24.72996],[67.23372,24.72836],[67.23516,24.72089],[67.2403,24.71562],[67.24422,24.71159],[67.25035,24.71263],[67.26282,24.72057],[67.27863,24.73634],[67.28779,24.74166],[67.31067,24.74659],[67.31649,24.74407],[67.32047,24.73606],[67.32598,24.7352],[67.33221,24.73937],[67.33743,24.74602],[67.34185,24.75556],[67.34105,24.75846],[67.34122,24.76013],[67.33533,24.76432],[67.32417,24.76333],[67.31741,24.76665]]],[[[67.28593,24.78231],[67.28033,24.78484],[67.27114,24.7862],[67.26065,24.78543],[67.25208,24.78284],[67.24834,24.77896],[67.24485,24.78051],[67.23666,24.77961],[67.23985,24.77429],[67.2517,24.76383],[67.24947,24.76229],[67.24875,24.75768],[67.25053,24.75335],[67.25703,24.75085],[67.26433,24.7511],[67.26741,24.75392],[67.27247,24.76453],[67.2795,24.77165],[67.28624,24.77459],[67.28885,24.77781],[67.28593,24.78231]]],[[[67.21507,24.79329],[67.20951,24.78934],[67.20423,24.78999],[67.19833,24.78332],[67.19386,24.78087],[67.19159,24.77495],[67.18778,24.77294],[67.18178,24.7744],[67.17754,24.77196],[67.17162,24.77585],[67.16908,24.77752],[67.16524,24.77634],[67.1624,24.77311],[67.16452,24.76066],[67.16904,24.75643],[67.1825,24.75125],[67.18851,24.75521],[67.19049,24.76259],[67.19719,24.76658],[67.22697,24.77615],[67.22924,24.78207],[67.22775,24.78515],[67.21507,24.79329]]],[[[67.23291,24.79305],[67.22643,24.80077],[67.21568,24.80625],[67.21183,24.80529],[67.21172,24.80236],[67.22187,24.8002],[67.22509,24.79425],[67.23182,24.79176],[67.23291,24.79305]]],[[[66.61578,24.8871],[66.61814,24.89053],[66.61883,24.89536],[66.61748,24.8999],[66.61272,24.9039],[66.60623,24.90553],[66.60177,24.90306],[66.60095,24.89593],[66.5965,24.89325],[66.59615,24.89094],[66.59831,24.88872],[66.61198,24.88507],[66.61578,24.8871]]]]}}]}